symbol,open,high,low,close,volume,timestamp,latency_ms,source,tick_index,interval
NIFTY,20202.972324469134,20249.146087762958,20198.31501088316,20248.753281574365,5362,2026-01-15 10:50:21 IST,241,TradingView (REAL-TIME),1,2s
BANKNIFTY,23666.813180938185,23738.9354077521,23664.39157886807,23732.04895117538,9099,2026-01-15 10:50:21 IST,125,TradingView (REAL-TIME),2,2s
NIFTY,20248.753281574365,20254.301728739243,20205.245644134862,20210.20744537586,5577,2026-01-15 10:50:23 IST,290,TradingView (REAL-TIME),3,2s
BANKNIFTY,23732.04895117538,23735.999007244893,23663.855193965188,23668.548418429764,3297,2026-01-15 10:50:23 IST,210,TradingView (REAL-TIME),4,2s
NIFTY,20210.20744537586,20253.24966866048,20206.693580329025,20251.489949143135,4160,2026-01-15 10:50:25 IST,87,TradingView (REAL-TIME),5,2s
BANKNIFTY,23668.548418429764,23676.8642597812,23653.237972339663,23654.409449972543,1806,2026-01-15 10:50:25 IST,125,TradingView (REAL-TIME),6,2s
NIFTY,20251.489949143135,20258.294376420865,20250.183789749106,20251.95414961679,9576,2026-01-15 10:50:27 IST,289,TradingView (REAL-TIME),7,2s
BANKNIFTY,23654.409449972543,23655.644372436705,23594.364817047983,23604.177269515592,6200,2026-01-15 10:50:27 IST,367,TradingView (REAL-TIME),8,2s
NIFTY,20251.95414961679,20259.73814399316,20219.007857847268,20225.32241488129,5496,2026-01-15 10:50:30 IST,399,TradingView (REAL-TIME),9,2s
BANKNIFTY,23604.177269515592,23613.44456326988,23587.663959804882,23593.999244592833,3918,2026-01-15 10:50:30 IST,195,TradingView (REAL-TIME),10,2s
NIFTY,20225.32241488129,20233.43133515234,20184.595177925316,20187.32323748057,6960,2026-01-15 10:50:32 IST,276,TradingView (REAL-TIME),11,2s
BANKNIFTY,23593.999244592833,23642.552051639646,23586.578257551126,23638.27488960924,4466,2026-01-15 10:50:32 IST,336,TradingView (REAL-TIME),12,2s
NIFTY,20187.32323748057,20209.06459689847,20186.103476999488,20204.24806558196,6882,2026-01-15 10:50:34 IST,315,TradingView (REAL-TIME),13,2s
BANKNIFTY,23638.27488960924,23640.722011541508,23619.613458367287,23623.12765122405,8130,2026-01-15 10:50:34 IST,127,TradingView (REAL-TIME),14,2s
NIFTY,20204.24806558196,20222.769401619425,20194.986969003498,20217.45895868768,3652,2026-01-15 10:50:36 IST,293,TradingView (REAL-TIME),15,2s
BANKNIFTY,23623.12765122405,23625.632940486455,23600.182924304652,23608.165016116593,5710,2026-01-15 10:50:36 IST,88,TradingView (REAL-TIME),16,2s
NIFTY,20217.45895868768,20276.696398903197,20210.53345347988,20267.086899644735,1691,2026-01-15 10:50:38 IST,64,TradingView (REAL-TIME),17,2s
BANKNIFTY,23608.165016116593,23610.672759822555,23575.47256310592,23582.294019448786,5417,2026-01-15 10:50:38 IST,354,TradingView (REAL-TIME),18,2s
NIFTY,20267.086899644735,20327.78072353881,20259.073565807175,20323.286679626483,5227,2026-01-15 10:50:40 IST,393,TradingView (REAL-TIME),19,2s
BANKNIFTY,23582.294019448786,23592.054563191195,23572.89198402153,23589.60558524205,6861,2026-01-15 10:50:40 IST,445,TradingView (REAL-TIME),20,2s
NIFTY,20323.286679626483,20342.86698059715,20321.77786111837,20338.82562850153,6905,2026-01-15 10:50:42 IST,102,TradingView (REAL-TIME),21,2s
BANKNIFTY,23589.60558524205,23633.447463127177,23582.27655941501,23627.329878011868,5770,2026-01-15 10:50:42 IST,311,TradingView (REAL-TIME),22,2s
NIFTY,20338.82562850153,20357.796393520905,20336.78290404802,20347.898187690473,6884,2026-01-15 10:50:44 IST,430,TradingView (REAL-TIME),23,2s
BANKNIFTY,23627.329878011868,23629.152602978775,23614.986858311247,23619.981267688654,1424,2026-01-15 10:50:44 IST,297,TradingView (REAL-TIME),24,2s
NIFTY,20347.898187690473,20374.54673079509,20338.923346616048,20368.910695718925,4919,2026-01-15 10:50:46 IST,466,TradingView (REAL-TIME),25,2s
BANKNIFTY,23619.981267688654,23643.987718810156,23619.363414820124,23641.339717424227,2093,2026-01-15 10:50:46 IST,411,TradingView (REAL-TIME),26,2s
NIFTY,20368.910695718925,20371.87524331586,20367.01520567421,20370.591510837785,1948,2026-01-15 10:50:48 IST,371,TradingView (REAL-TIME),27,2s
BANKNIFTY,23641.339717424227,23650.093575699102,23622.334265715934,23630.4626188809,4613,2026-01-15 10:50:48 IST,187,TradingView (REAL-TIME),28,2s
NIFTY,20370.591510837785,20406.41140790948,20365.606263467223,20401.998216792428,2555,2026-01-15 10:50:50 IST,422,TradingView (REAL-TIME),29,2s
BANKNIFTY,23630.4626188809,23697.986012682864,23627.422590961633,23690.895169378637,6440,2026-01-15 10:50:50 IST,233,TradingView (REAL-TIME),30,2s
NIFTY,20401.998216792428,20408.172044596085,20367.144740379157,20375.591763050088,5010,2026-01-15 10:50:52 IST,59,TradingView (REAL-TIME),31,2s
BANKNIFTY,23690.895169378637,23731.871739385122,23683.8586162827,23722.45932485206,9924,2026-01-15 10:50:53 IST,198,TradingView (REAL-TIME),32,2s
NIFTY,20375.591763050088,20398.598334533446,20372.578117679644,20392.30174616946,7386,2026-01-15 10:50:55 IST,103,TradingView (REAL-TIME),33,2s
BANKNIFTY,23722.45932485206,23798.55180885703,23721.43177983669,23792.63665147822,9384,2026-01-15 10:50:55 IST,129,TradingView (REAL-TIME),34,2s
NIFTY,20392.30174616946,20401.10078784942,20353.198011814296,20356.613727960408,9735,2026-01-15 10:50:57 IST,309,TradingView (REAL-TIME),35,2s
BANKNIFTY,23792.63665147822,23813.12792349212,23786.08577525599,23809.4549048169,3988,2026-01-15 10:50:57 IST,306,TradingView (REAL-TIME),36,2s
NIFTY,20356.613727960408,20360.985225258722,20306.487030564927,20311.086088970373,6545,2026-01-15 10:50:59 IST,440,TradingView (REAL-TIME),37,2s
BANKNIFTY,23809.4549048169,23811.271160919743,23746.209022531573,23754.789551008533,1668,2026-01-15 10:50:59 IST,324,TradingView (REAL-TIME),38,2s
NIFTY,20311.086088970373,20317.977317213532,20296.69527068389,20297.227164671847,6371,2026-01-15 10:51:01 IST,216,TradingView (REAL-TIME),39,2s
BANKNIFTY,23754.789551008533,23761.907340606624,23732.415564396564,23741.379006494113,5192,2026-01-15 10:51:01 IST,414,TradingView (REAL-TIME),40,2s
NIFTY,20297.227164671847,20301.357690524586,20238.39348517874,20239.91798822313,9098,2026-01-15 10:51:03 IST,467,TradingView (REAL-TIME),41,2s
BANKNIFTY,23741.379006494113,23750.45681489742,23686.703723897877,23692.35232309802,7086,2026-01-15 10:51:03 IST,378,TradingView (REAL-TIME),42,2s
NIFTY,20239.91798822313,20248.01656257551,20222.507049624237,20230.36104935965,7003,2026-01-15 10:51:05 IST,357,TradingView (REAL-TIME),43,2s
BANKNIFTY,23692.35232309802,23739.281143627402,23685.869609416346,23735.24745345494,5925,2026-01-15 10:51:05 IST,345,TradingView (REAL-TIME),44,2s
NIFTY,20230.36104935965,20231.241378269453,20174.34213476386,20176.753360633928,8463,2026-01-15 10:51:07 IST,281,TradingView (REAL-TIME),45,2s
BANKNIFTY,23735.24745345494,23737.390913663054,23692.020011653258,23698.096554984695,1618,2026-01-15 10:51:07 IST,78,TradingView (REAL-TIME),46,2s
NIFTY,20176.753360633928,20178.537202160747,20170.646686755736,20177.634589806352,1785,2026-01-15 10:51:09 IST,500,TradingView (REAL-TIME),47,2s
BANKNIFTY,23698.096554984695,23701.534952264385,23626.740945473382,23635.084172775427,2868,2026-01-15 10:51:09 IST,225,TradingView (REAL-TIME),48,2s
NIFTY,20177.634589806352,20187.48210526459,20121.503882485795,20123.297316872915,7319,2026-01-15 10:51:11 IST,19,TradingView (REAL-TIME),49,2s
BANKNIFTY,23635.084172775427,23677.57785796961,23634.265003526907,23672.715114855095,5433,2026-01-15 10:51:11 IST,173,TradingView (REAL-TIME),50,2s
NIFTY,20123.297316872915,20125.330330592973,20110.86965183304,20111.23170452472,9220,2026-01-15 10:51:13 IST,487,TradingView (REAL-TIME),51,2s
BANKNIFTY,23672.715114855095,23677.01694883163,23620.94778457279,23626.845190636683,2435,2026-01-15 10:51:13 IST,292,TradingView (REAL-TIME),52,2s
NIFTY,20111.23170452472,20112.59454196685,20084.068455482477,20093.119553352968,2768,2026-01-15 10:51:15 IST,103,TradingView (REAL-TIME),53,2s
BANKNIFTY,23626.845190636683,23642.22641808039,23621.918914174843,23639.078140016314,2674,2026-01-15 10:51:15 IST,20,TradingView (REAL-TIME),54,2s
NIFTY,20093.119553352968,20143.864859288242,20084.93301021007,20139.466822739858,3579,2026-01-15 10:51:17 IST,312,TradingView (REAL-TIME),55,2s
BANKNIFTY,23639.078140016314,23642.536149689553,23615.4507166964,23624.231477376234,5793,2026-01-15 10:51:17 IST,73,TradingView (REAL-TIME),56,2s
NIFTY,20139.466822739858,20146.540920288513,20084.393932438135,20089.237711650363,7294,2026-01-15 10:51:19 IST,332,TradingView (REAL-TIME),57,2s
BANKNIFTY,23624.231477376234,23687.190180922422,23615.01724402028,23681.50981436609,3046,2026-01-15 10:51:19 IST,122,TradingView (REAL-TIME),58,2s
NIFTY,20089.237711650363,20102.964689560355,20086.33618426998,20093.204612760197,5931,2026-01-15 10:51:21 IST,235,TradingView (REAL-TIME),59,2s
BANKNIFTY,23681.50981436609,23692.04434125762,23675.23686711814,23682.835558371185,4557,2026-01-15 10:51:21 IST,282,TradingView (REAL-TIME),60,2s
NIFTY,20093.204612760197,20140.60939095296,20083.99794755435,20134.32700500036,8126,2026-01-15 10:51:23 IST,38,TradingView (REAL-TIME),61,2s
BANKNIFTY,23682.835558371185,23706.494662936944,23673.91387189434,23704.337523778417,3019,2026-01-15 10:51:24 IST,354,TradingView (REAL-TIME),62,2s
NIFTY,20134.32700500036,20135.01593211152,20111.565689825533,20121.40098158096,8856,2026-01-15 10:51:26 IST,70,TradingView (REAL-TIME),63,2s
BANKNIFTY,23704.337523778417,23706.94881944327,23666.233173409524,23674.20191441344,9417,2026-01-15 10:51:26 IST,237,TradingView (REAL-TIME),64,2s
NIFTY,20121.40098158096,20130.99296890256,20073.499269004235,20076.00977752973,3629,2026-01-15 10:51:28 IST,90,TradingView (REAL-TIME),65,2s
BANKNIFTY,23674.20191441344,23682.471597092903,23652.112795447636,23653.629952106297,6213,2026-01-15 10:51:28 IST,261,TradingView (REAL-TIME),66,2s
NIFTY,20076.00977752973,20112.649222033397,20070.922153249285,20106.75844609239,5418,2026-01-15 10:51:30 IST,38,TradingView (REAL-TIME),67,2s
BANKNIFTY,23653.629952106297,23722.54474992259,23653.30632839509,23722.541982990206,8864,2026-01-15 10:51:30 IST,116,TradingView (REAL-TIME),68,2s
NIFTY,20106.75844609239,20172.671496261548,20101.980966640418,20167.013145099427,2933,2026-01-15 10:51:32 IST,349,TradingView (REAL-TIME),69,2s
BANKNIFTY,23722.541982990206,23723.753218928774,23674.248316103945,23680.14586130039,3015,2026-01-15 10:51:32 IST,498,TradingView (REAL-TIME),70,2s
NIFTY,22274.86254843568,22336.84672344375,22273.807472396868,22328.55528058793,9427,2026-01-15 10:51:33 IST,461,TradingView (REAL-TIME),1,2s
BANKNIFTY,24104.796940217173,24112.17534530859,24099.528761349735,24107.920332234957,3709,2026-01-15 10:51:33 IST,174,TradingView (REAL-TIME),2,2s
NIFTY,22328.55528058793,22392.34288869821,22322.2038393315,22383.377711655725,8786,2026-01-15 10:51:35 IST,146,TradingView (REAL-TIME),3,2s
BANKNIFTY,24107.920332234957,24159.715389548375,24103.844731054614,24159.158915904693,4690,2026-01-15 10:51:35 IST,478,TradingView (REAL-TIME),4,2s
NIFTY,22383.377711655725,22442.9027422392,22381.673757871176,22435.71718676841,8205,2026-01-15 10:51:38 IST,490,TradingView (REAL-TIME),5,2s
BANKNIFTY,24159.158915904693,24161.923972479482,24104.201140301357,24110.677983773487,1996,2026-01-15 10:51:38 IST,421,TradingView (REAL-TIME),6,2s
NIFTY,22435.71718676841,22443.199657456338,22390.750812786915,22399.927707175448,8232,2026-01-15 10:51:40 IST,271,TradingView (REAL-TIME),7,2s
BANKNIFTY,24110.677983773487,24116.354481212595,24081.41893248255,24084.22673255609,1234,2026-01-15 10:51:40 IST,187,TradingView (REAL-TIME),8,2s
NIFTY,22399.927707175448,22448.0402120714,22397.855264123966,22442.01311032747,3094,2026-01-15 10:51:42 IST,284,TradingView (REAL-TIME),9,2s
BANKNIFTY,24084.22673255609,24089.714883504435,24065.471322844736,24066.772930822135,1498,2026-01-15 10:51:42 IST,489,TradingView (REAL-TIME),10,2s
NIFTY,22442.01311032747,22451.92012717544,22428.728079401153,22436.86702747633,7099,2026-01-15 10:51:44 IST,493,TradingView (REAL-TIME),11,2s
BANKNIFTY,24066.772930822135,24131.12560411732,24063.930071164807,24124.320792791983,9686,2026-01-15 10:51:44 IST,301,TradingView (REAL-TIME),12,2s
NIFTY,22436.86702747633,22437.911601981337,22423.74590343053,22424.930813164818,2408,2026-01-15 10:51:46 IST,499,TradingView (REAL-TIME),13,2s
BANKNIFTY,24124.320792791983,24157.918801844517,24121.53472658925,24149.946741180425,2956,2026-01-15 10:51:46 IST,466,TradingView (REAL-TIME),14,2s
NIFTY,22424.930813164818,22488.723743581155,22420.039908189145,22479.73986733562,6983,2026-01-15 10:51:48 IST,154,TradingView (REAL-TIME),15,2s
BANKNIFTY,24149.946741180425,24151.755441297042,24145.626689149834,24147.007773707708,7747,2026-01-15 10:51:48 IST,215,TradingView (REAL-TIME),16,2s
NIFTY,22479.73986733562,22544.71656483106,22474.844589326814,22541.5065536064,6816,2026-01-15 10:51:50 IST,228,TradingView (REAL-TIME),17,2s
BANKNIFTY,24147.007773707708,24178.346361692726,24140.229025731114,24175.91838898128,1277,2026-01-15 10:51:50 IST,420,TradingView (REAL-TIME),18,2s
NIFTY,22541.5065536064,22541.648161340476,22500.462217155087,22508.434817462476,8276,2026-01-15 10:51:52 IST,478,TradingView (REAL-TIME),19,2s
BANKNIFTY,24175.91838898128,24247.383623871137,24174.832845958877,24237.976185426345,6469,2026-01-15 10:51:52 IST,191,TradingView (REAL-TIME),20,2s
NIFTY,22508.434817462476,22510.124702156132,22439.84240812753,22449.659322766813,3140,2026-01-15 10:51:54 IST,102,TradingView (REAL-TIME),21,2s
BANKNIFTY,24237.976185426345,24254.58192281696,24230.177515935928,24246.157730151914,1054,2026-01-15 10:51:54 IST,475,TradingView (REAL-TIME),22,2s
NIFTY,22449.659322766813,22513.359458198247,22441.74720226677,22512.75150861574,5824,2026-01-15 10:51:56 IST,249,TradingView (REAL-TIME),23,2s
BANKNIFTY,24246.157730151914,24318.87274009963,24240.805040237963,24310.242674782403,4254,2026-01-15 10:51:56 IST,459,TradingView (REAL-TIME),24,2s
NIFTY,22512.75150861574,22522.22715484891,22506.14534763626,22516.824592093784,4919,2026-01-15 10:51:58 IST,43,TradingView (REAL-TIME),25,2s
BANKNIFTY,24310.242674782403,24328.492221907163,24302.87648808446,24324.253667502562,5865,2026-01-15 10:51:58 IST,396,TradingView (REAL-TIME),26,2s
NIFTY,22516.824592093784,22567.638440523693,22510.00772447787,22560.947879321015,5326,2026-01-15 10:52:00 IST,368,TradingView (REAL-TIME),27,2s
BANKNIFTY,24324.253667502562,24328.12945706225,24295.470346662478,24303.286819218065,2111,2026-01-15 10:52:00 IST,412,TradingView (REAL-TIME),28,2s
NIFTY,22560.947879321015,22588.407210021192,22550.997663818624,22585.364554788266,3162,2026-01-15 10:52:02 IST,459,TradingView (REAL-TIME),29,2s
BANKNIFTY,24303.286819218065,24319.902653872115,24299.75053583907,24315.38907416348,2949,2026-01-15 10:52:02 IST,289,TradingView (REAL-TIME),30,2s
NIFTY,22585.364554788266,22590.922385673563,22573.964021343803,22574.845660330186,4837,2026-01-15 10:52:04 IST,150,TradingView (REAL-TIME),31,2s
BANKNIFTY,24315.38907416348,24348.419855962497,24307.027137326495,24347.0734633238,6707,2026-01-15 10:52:04 IST,191,TradingView (REAL-TIME),32,2s
NIFTY,22574.845660330186,22582.008529966475,22516.71149745565,22523.41318731087,1988,2026-01-15 10:52:07 IST,118,TradingView (REAL-TIME),33,2s
BANKNIFTY,24347.0734633238,24363.933652385254,24339.72403161376,24360.791282922593,8786,2026-01-15 10:52:07 IST,74,TradingView (REAL-TIME),34,2s
NIFTY,22523.41318731087,22528.717679928173,22501.797529632233,22510.937118138092,5766,2026-01-15 10:52:09 IST,109,TradingView (REAL-TIME),35,2s
BANKNIFTY,24360.791282922593,24371.916694747113,24355.702841553353,24366.36992550825,6413,2026-01-15 10:52:09 IST,395,TradingView (REAL-TIME),36,2s
NIFTY,22510.937118138092,22518.619092958932,22508.670722532435,22518.14268072309,9936,2026-01-15 10:52:11 IST,385,TradingView (REAL-TIME),37,2s
BANKNIFTY,24366.36992550825,24373.156447835365,24329.152228881274,24335.69008377465,7280,2026-01-15 10:52:11 IST,232,TradingView (REAL-TIME),38,2s
NIFTY,22518.14268072309,22560.465493753738,22515.634977796028,22555.871573961645,9439,2026-01-15 10:52:13 IST,350,TradingView (REAL-TIME),39,2s
BANKNIFTY,24335.69008377465,24344.114801380983,24257.599152863368,24266.84942067398,2460,2026-01-15 10:52:13 IST,298,TradingView (REAL-TIME),40,2s
NIFTY,22555.871573961645,22571.624194128843,22555.065464665757,22563.577483414276,4535,2026-01-15 10:52:15 IST,468,TradingView (REAL-TIME),41,2s
BANKNIFTY,24266.84942067398,24269.34497543833,24199.481407702053,24201.68732885122,4308,2026-01-15 10:52:15 IST,221,TradingView (REAL-TIME),42,2s
NIFTY,22563.577483414276,22586.533722232998,22558.73195014542,22579.221336187504,2485,2026-01-15 10:52:17 IST,130,TradingView (REAL-TIME),43,2s
BANKNIFTY,24201.68732885122,24225.365597601318,24201.11645278726,24221.174382117933,1802,2026-01-15 10:52:17 IST,17,TradingView (REAL-TIME),44,2s
NIFTY,22579.221336187504,22640.408196381173,22570.713279691976,22631.805328867285,5402,2026-01-15 10:52:19 IST,108,TradingView (REAL-TIME),45,2s
BANKNIFTY,24221.174382117933,24259.5377990628,24219.840135708375,24251.393448678064,7163,2026-01-15 10:52:19 IST,132,TradingView (REAL-TIME),46,2s
NIFTY,22631.805328867285,22665.601107037503,22626.689504496557,22662.697750121188,6877,2026-01-15 10:52:21 IST,183,TradingView (REAL-TIME),47,2s
BANKNIFTY,24251.393448678064,24307.63699132501,24243.295524437468,24300.54295065401,6415,2026-01-15 10:52:21 IST,248,TradingView (REAL-TIME),48,2s
NIFTY,22662.697750121188,22675.209786159587,22656.19394590507,22670.663517823552,9413,2026-01-15 10:52:23 IST,390,TradingView (REAL-TIME),49,2s
BANKNIFTY,24300.54295065401,24309.45874580936,24262.734725189228,24264.276382426342,6982,2026-01-15 10:52:23 IST,313,TradingView (REAL-TIME),50,2s
NIFTY,22670.663517823552,22684.15198193077,22661.3183827012,22677.24129168228,6994,2026-01-15 10:52:25 IST,102,TradingView (REAL-TIME),51,2s
BANKNIFTY,24264.276382426342,24277.33620929633,24263.795131634306,24267.883768169268,6810,2026-01-15 10:52:25 IST,290,TradingView (REAL-TIME),52,2s
NIFTY,22677.24129168228,22677.955804977133,22628.559605969793,22628.915021252866,2500,2026-01-15 10:52:27 IST,56,TradingView (REAL-TIME),53,2s
BANKNIFTY,24267.883768169268,24271.836109007636,24237.417577802582,24240.32066198126,9680,2026-01-15 10:52:27 IST,139,TradingView (REAL-TIME),54,2s
NIFTY,22628.915021252866,22631.080012558676,22595.975132002004,22596.2218347203,9336,2026-01-15 10:52:29 IST,479,TradingView (REAL-TIME),55,2s
BANKNIFTY,24240.32066198126,24244.1308124769,24216.854949829194,24220.380803176155,8525,2026-01-15 10:52:29 IST,216,TradingView (REAL-TIME),56,2s
NIFTY,22596.2218347203,22602.91173418536,22531.52701142208,22534.144237190598,8114,2026-01-15 10:52:31 IST,61,TradingView (REAL-TIME),57,2s
BANKNIFTY,24220.380803176155,24223.81727622289,24160.055040048515,24161.796188454246,1018,2026-01-15 10:52:31 IST,451,TradingView (REAL-TIME),58,2s
NIFTY,22534.144237190598,22545.528847491623,22529.354650149144,22540.242418160873,9864,2026-01-15 10:52:34 IST,209,TradingView (REAL-TIME),59,2s
BANKNIFTY,24161.796188454246,24170.26984318161,24109.0536691557,24118.376761077478,1656,2026-01-15 10:52:34 IST,365,TradingView (REAL-TIME),60,2s
NIFTY,22540.242418160873,22567.72776282478,22538.388735067925,22563.443374403272,9362,2026-01-15 10:52:36 IST,363,TradingView (REAL-TIME),61,2s
BANKNIFTY,24118.376761077478,24126.35859798121,24062.578215925958,24070.22556352114,7609,2026-01-15 10:52:36 IST,41,TradingView (REAL-TIME),62,2s
NIFTY,22563.443374403272,22573.371395179707,22540.76647860843,22543.900626237988,4778,2026-01-15 10:52:38 IST,65,TradingView (REAL-TIME),63,2s
BANKNIFTY,24070.22556352114,24071.241162234746,24007.631302244445,24011.75842360585,6916,2026-01-15 10:52:38 IST,395,TradingView (REAL-TIME),64,2s
NIFTY,22543.900626237988,22545.53817509721,22515.562339011198,22525.28180529587,7551,2026-01-15 10:52:40 IST,320,TradingView (REAL-TIME),65,2s
BANKNIFTY,24011.75842360585,24012.629832512408,23951.314456075197,23958.61027535426,4349,2026-01-15 10:52:40 IST,404,TradingView (REAL-TIME),66,2s
NIFTY,22525.28180529587,22567.508862240116,22519.08090503654,22557.64089703108,2435,2026-01-15 10:52:42 IST,196,TradingView (REAL-TIME),67,2s
BANKNIFTY,23958.61027535426,23960.447740270338,23938.15428130019,23946.180174042907,9155,2026-01-15 10:52:42 IST,330,TradingView (REAL-TIME),68,2s
NIFTY,22557.64089703108,22565.920020161393,22528.078749222557,22537.35229653954,3700,2026-01-15 10:52:44 IST,145,TradingView (REAL-TIME),69,2s
BANKNIFTY,23946.180174042907,23948.544503308014,23941.210874064764,23942.097012892755,3374,2026-01-15 10:52:44 IST,232,TradingView (REAL-TIME),70,2s
NIFTY,22537.35229653954,22537.79953894253,22496.197091192742,22499.566021787654,9878,2026-01-15 10:52:46 IST,245,TradingView (REAL-TIME),71,2s
BANKNIFTY,23942.097012892755,23993.31576351341,23934.687698679587,23988.067291107636,4802,2026-01-15 10:52:46 IST,482,TradingView (REAL-TIME),72,2s
NIFTY,22499.566021787654,22555.733542812683,22490.66059808674,22547.16436203641,7225,2026-01-15 10:52:48 IST,195,TradingView (REAL-TIME),73,2s
BANKNIFTY,23988.067291107636,24050.09054688474,23981.970659087805,24048.67879249753,1387,2026-01-15 10:52:48 IST,487,TradingView (REAL-TIME),74,2s
NIFTY,22547.16436203641,22586.584289588507,22544.511361684374,22577.537427778352,6085,2026-01-15 10:52:50 IST,114,TradingView (REAL-TIME),75,2s
BANKNIFTY,24048.67879249753,24049.024499431613,23968.800049479272,23977.096467302497,7704,2026-01-15 10:52:50 IST,437,TradingView (REAL-TIME),76,2s
NIFTY,22577.537427778352,22581.716077927227,22568.85276159483,22575.3875810102,9168,2026-01-15 10:52:52 IST,39,TradingView (REAL-TIME),77,2s
BANKNIFTY,23977.096467302497,23977.56668480736,23909.40468821095,23915.141249668148,3971,2026-01-15 10:52:52 IST,36,TradingView (REAL-TIME),78,2s
NIFTY,22575.3875810102,22580.754731933805,22552.768011879598,22561.654346678042,8765,2026-01-15 10:52:54 IST,410,TradingView (REAL-TIME),79,2s
BANKNIFTY,23915.141249668148,23932.615066072245,23910.089195199496,23927.036579598684,2670,2026-01-15 10:52:54 IST,344,TradingView (REAL-TIME),80,2s
NIFTY,22561.654346678042,22591.59774134235,22559.090790815164,22586.297651860263,8356,2026-01-15 10:52:56 IST,375,TradingView (REAL-TIME),81,2s
BANKNIFTY,23927.036579598684,23967.812400443505,23920.027524493715,23962.395330929492,6121,2026-01-15 10:52:56 IST,427,TradingView (REAL-TIME),82,2s
NIFTY,22586.297651860263,22654.455146438395,22579.814177049433,22645.21564587652,4992,2026-01-15 10:52:59 IST,442,TradingView (REAL-TIME),83,2s
BANKNIFTY,23962.395330929492,23967.235965732587,23940.824259966008,23945.447128854747,4272,2026-01-15 10:52:59 IST,416,TradingView (REAL-TIME),84,2s
NIFTY,22645.21564587652,22657.86538450627,22639.504851270947,22650.303649014928,1813,2026-01-15 10:53:01 IST,104,TradingView (REAL-TIME),85,2s
BANKNIFTY,23945.447128854747,24010.252345291246,23936.254756619634,24003.59009177701,9079,2026-01-15 10:53:01 IST,201,TradingView (REAL-TIME),86,2s
NIFTY,22650.303649014928,22652.554613673517,22616.76557995091,22622.712642277944,9977,2026-01-15 10:53:03 IST,259,TradingView (REAL-TIME),87,2s
BANKNIFTY,24003.59009177701,24009.133992315914,23943.550421323256,23950.704124211723,3366,2026-01-15 10:53:03 IST,260,TradingView (REAL-TIME),88,2s
NIFTY,22622.712642277944,22622.727189785142,22606.016751732728,22611.78171185526,6292,2026-01-15 10:53:05 IST,10,TradingView (REAL-TIME),89,2s
BANKNIFTY,23950.704124211723,23967.71753322652,23942.124260369343,23964.519729310734,1758,2026-01-15 10:53:05 IST,263,TradingView (REAL-TIME),90,2s
NIFTY,22611.78171185526,22619.284622233215,22585.68145045395,22588.00196132684,9702,2026-01-15 10:53:07 IST,55,TradingView (REAL-TIME),91,2s
BANKNIFTY,23964.519729310734,23966.37239871434,23946.821749025097,23955.04736320129,5136,2026-01-15 10:53:07 IST,94,TradingView (REAL-TIME),92,2s
NIFTY,22588.00196132684,22614.40364641647,22582.15178325684,22606.239488665076,8622,2026-01-15 10:53:09 IST,222,TradingView (REAL-TIME),93,2s
BANKNIFTY,23955.04736320129,24034.13747874284,23947.30849131935,24026.314640321787,8511,2026-01-15 10:53:09 IST,91,TradingView (REAL-TIME),94,2s
NIFTY,22606.239488665076,22611.567284926823,22532.691041044327,22542.543575639917,2540,2026-01-15 10:53:11 IST,382,TradingView (REAL-TIME),95,2s
BANKNIFTY,24026.314640321787,24031.35778681399,24013.944621420935,24018.879066248726,1482,2026-01-15 10:53:11 IST,84,TradingView (REAL-TIME),96,2s
NIFTY,22542.543575639917,22548.98540886088,22498.078770579337,22498.717908461185,1341,2026-01-15 10:53:13 IST,347,TradingView (REAL-TIME),97,2s
BANKNIFTY,24018.879066248726,24026.489929684947,23986.214350574508,23988.6609435339,7392,2026-01-15 10:53:13 IST,348,TradingView (REAL-TIME),98,2s
NIFTY,22498.717908461185,22506.04773451742,22490.19493931147,22504.971983241063,2938,2026-01-15 10:53:15 IST,330,TradingView (REAL-TIME),99,2s
BANKNIFTY,23988.6609435339,23992.219272441165,23922.474630120243,23928.614410607468,2605,2026-01-15 10:53:15 IST,103,TradingView (REAL-TIME),100,2s
NIFTY,22504.971983241063,22506.948798458616,22441.09407427273,22443.31699481991,9331,2026-01-15 10:53:17 IST,59,TradingView (REAL-TIME),101,2s
BANKNIFTY,23928.614410607468,23936.199769744544,23863.762792833586,23873.578054476457,9115,2026-01-15 10:53:17 IST,119,TradingView (REAL-TIME),102,2s
NIFTY,22443.31699481991,22472.890853418066,22434.422552448694,22467.256689217753,1075,2026-01-15 10:53:19 IST,242,TradingView (REAL-TIME),103,2s
BANKNIFTY,23873.578054476457,23930.983925139,23867.22323667336,23923.72263140371,2373,2026-01-15 10:53:19 IST,64,TradingView (REAL-TIME),104,2s
NIFTY,22467.256689217753,22496.628640309205,22462.89138122145,22487.987180978835,1648,2026-01-15 10:53:21 IST,425,TradingView (REAL-TIME),105,2s
BANKNIFTY,23923.72263140371,23945.734548420445,23922.256684690554,23940.19583084978,5298,2026-01-15 10:53:21 IST,62,TradingView (REAL-TIME),106,2s
NIFTY,22487.987180978835,22489.811723731946,22444.821368758054,22451.570316903657,5091,2026-01-15 10:53:23 IST,485,TradingView (REAL-TIME),107,2s
BANKNIFTY,23940.19583084978,23949.618249461986,23925.956924055437,23935.83836820369,2190,2026-01-15 10:53:23 IST,408,TradingView (REAL-TIME),108,2s
NIFTY,22451.570316903657,22490.47521826981,22442.943360785346,22482.031695234873,7362,2026-01-15 10:53:25 IST,473,TradingView (REAL-TIME),109,2s
BANKNIFTY,23935.83836820369,23957.30243481192,23933.970944043904,23950.527148273315,8353,2026-01-15 10:53:25 IST,138,TradingView (REAL-TIME),110,2s
NIFTY,22482.031695234873,22488.473326832132,22429.362253641488,22438.94764698556,9870,2026-01-15 10:53:27 IST,277,TradingView (REAL-TIME),111,2s
BANKNIFTY,23950.527148273315,23955.71710315426,23942.259818904295,23948.746843582514,4292,2026-01-15 10:53:28 IST,115,TradingView (REAL-TIME),112,2s
NIFTY,22438.94764698556,22471.12627501784,22434.67688204631,22463.704682239833,7692,2026-01-15 10:53:30 IST,449,TradingView (REAL-TIME),113,2s
BANKNIFTY,23948.746843582514,24007.582747296805,23943.620220030363,24006.297958778934,4414,2026-01-15 10:53:30 IST,370,TradingView (REAL-TIME),114,2s
NIFTY,22463.704682239833,22497.03524834561,22461.89723939107,22491.199474980363,1291,2026-01-15 10:53:32 IST,451,TradingView (REAL-TIME),115,2s
BANKNIFTY,24006.297958778934,24063.508829584323,24003.38561329154,24057.54370326556,6101,2026-01-15 10:53:32 IST,23,TradingView (REAL-TIME),116,2s
NIFTY,22491.199474980363,22500.38462226908,22465.81357254394,22475.443172641128,1794,2026-01-15 10:53:34 IST,240,TradingView (REAL-TIME),117,2s
BANKNIFTY,24057.54370326556,24064.550406915572,24051.548577679478,24059.451148943517,9499,2026-01-15 10:53:34 IST,144,TradingView (REAL-TIME),118,2s
NIFTY,22475.443172641128,22496.599588193632,22468.194225879455,22490.44409042175,4825,2026-01-15 10:53:36 IST,184,TradingView (REAL-TIME),119,2s
BANKNIFTY,24059.451148943517,24069.067088579362,24029.402392323736,24036.076212329674,4637,2026-01-15 10:53:36 IST,37,TradingView (REAL-TIME),120,2s
NIFTY,22490.44409042175,22497.83624325039,22479.23542475143,22486.972608510034,7118,2026-01-15 10:53:38 IST,375,TradingView (REAL-TIME),121,2s
BANKNIFTY,24036.076212329674,24046.069046006374,23995.684689936843,24004.313076600392,1102,2026-01-15 10:53:38 IST,121,TradingView (REAL-TIME),122,2s
NIFTY,22486.972608510034,22491.33096444759,22482.191372104073,22486.86727835493,9805,2026-01-15 10:53:40 IST,21,TradingView (REAL-TIME),123,2s
BANKNIFTY,24004.313076600392,24005.99088601638,23943.430961022113,23947.494113174333,5821,2026-01-15 10:53:40 IST,288,TradingView (REAL-TIME),124,2s
NIFTY,22486.86727835493,22542.975577389385,22478.34118343733,22533.669999598194,5840,2026-01-15 10:53:42 IST,409,TradingView (REAL-TIME),125,2s
BANKNIFTY,23947.494113174333,23948.729703484176,23930.75720608155,23934.129996082585,7622,2026-01-15 10:53:42 IST,27,TradingView (REAL-TIME),126,2s
NIFTY,22533.669999598194,22542.628220869792,22487.11706129834,22493.089047362806,9503,2026-01-15 10:53:44 IST,267,TradingView (REAL-TIME),127,2s
BANKNIFTY,23934.129996082585,23938.41090349176,23911.721497562587,23920.667829361657,3065,2026-01-15 10:53:44 IST,164,TradingView (REAL-TIME),128,2s
NIFTY,22493.089047362806,22494.087404909147,22441.854908262932,22447.18381004694,3463,2026-01-15 10:53:46 IST,18,TradingView (REAL-TIME),129,2s
BANKNIFTY,23920.667829361657,23921.427627250454,23880.399818387494,23889.82283409017,7557,2026-01-15 10:53:46 IST,167,TradingView (REAL-TIME),130,2s
NIFTY,22447.18381004694,22482.30775909562,22441.95973116467,22476.042188494303,2861,2026-01-15 10:53:48 IST,350,TradingView (REAL-TIME),131,2s
BANKNIFTY,23889.82283409017,23893.911271665325,23820.983134649818,23827.45662516095,6333,2026-01-15 10:53:48 IST,309,TradingView (REAL-TIME),132,2s
NIFTY,22476.042188494303,22544.57916507688,22469.082561485924,22536.194950386118,6075,2026-01-15 10:53:50 IST,416,TradingView (REAL-TIME),133,2s
BANKNIFTY,23827.45662516095,23897.195033368414,23818.894478932252,23893.947153617166,8415,2026-01-15 10:53:50 IST,49,TradingView (REAL-TIME),134,2s
NIFTY,22536.194950386118,22577.88522827628,22527.202752955916,22576.323319384745,6740,2026-01-15 10:53:52 IST,310,TradingView (REAL-TIME),135,2s
BANKNIFTY,23893.947153617166,23966.472235768597,23890.465376104938,23963.757738663855,3552,2026-01-15 10:53:52 IST,79,TradingView (REAL-TIME),136,2s
NIFTY,22576.323319384745,22584.784028076927,22574.14709914489,22575.158900976614,3754,2026-01-15 10:53:54 IST,208,TradingView (REAL-TIME),137,2s
BANKNIFTY,23963.757738663855,24014.49375540082,23958.340982329224,24011.757877498952,4079,2026-01-15 10:53:54 IST,495,TradingView (REAL-TIME),138,2s
NIFTY,22575.158900976614,22578.793860888378,22499.239561256236,22509.064281361992,8269,2026-01-15 10:53:56 IST,41,TradingView (REAL-TIME),139,2s
BANKNIFTY,24011.757877498952,24073.268033169898,24006.500879579475,24065.575990861416,5693,2026-01-15 10:53:56 IST,352,TradingView (REAL-TIME),140,2s
NIFTY,22509.064281361992,22583.223408783888,22504.406051274847,22576.536363220785,9838,2026-01-15 10:53:59 IST,254,TradingView (REAL-TIME),141,2s
BANKNIFTY,24065.575990861416,24121.109681256,24062.61879430193,24114.609408740234,7746,2026-01-15 10:53:59 IST,386,TradingView (REAL-TIME),142,2s
NIFTY,22576.536363220785,22632.362185869868,22575.813761856258,22630.62669507899,5352,2026-01-15 10:54:01 IST,472,TradingView (REAL-TIME),143,2s
BANKNIFTY,24114.609408740234,24124.19045269667,24051.13857592062,24060.20727743597,3240,2026-01-15 10:54:01 IST,278,TradingView (REAL-TIME),144,2s
NIFTY,22630.62669507899,22676.10901738368,22626.12231201987,22674.850444773972,1589,2026-01-15 10:54:03 IST,351,TradingView (REAL-TIME),145,2s
BANKNIFTY,24060.20727743597,24116.23703742684,24058.14822774154,24114.36820138574,2675,2026-01-15 10:54:03 IST,158,TradingView (REAL-TIME),146,2s
NIFTY,22674.850444773972,22681.539352633554,22668.13519136722,22680.09760767879,6165,2026-01-15 10:54:05 IST,153,TradingView (REAL-TIME),147,2s
BANKNIFTY,24114.36820138574,24115.957694380842,24050.023509948212,24053.827533167998,6751,2026-01-15 10:54:05 IST,301,TradingView (REAL-TIME),148,2s
NIFTY,22680.09760767879,22703.831854716744,22675.53720379646,22703.280927569336,7801,2026-01-15 10:54:07 IST,170,TradingView (REAL-TIME),149,2s
BANKNIFTY,24053.827533167998,24060.279627952772,24025.931820777856,24028.068306408502,1934,2026-01-15 10:54:07 IST,238,TradingView (REAL-TIME),150,2s
NIFTY,22703.280927569336,22726.3251575541,22702.687086063528,22721.482299153937,9542,2026-01-15 10:54:09 IST,467,TradingView (REAL-TIME),151,2s
BANKNIFTY,24028.068306408502,24072.602700378407,24027.735384933585,24067.836578343264,9918,2026-01-15 10:54:09 IST,200,TradingView (REAL-TIME),152,2s
NIFTY,22721.482299153937,22721.6471135589,22682.80919182163,22686.483870218814,6697,2026-01-15 10:54:11 IST,67,TradingView (REAL-TIME),153,2s
BANKNIFTY,24067.836578343264,24094.415876385112,24062.041577872795,24093.430864501992,5881,2026-01-15 10:54:11 IST,419,TradingView (REAL-TIME),154,2s
NIFTY,22686.483870218814,22697.692199701498,22682.47025993498,22691.322636561436,1056,2026-01-15 10:54:13 IST,329,TradingView (REAL-TIME),155,2s
BANKNIFTY,24093.430864501992,24101.289978818586,24067.393741479736,24076.43852729364,8253,2026-01-15 10:54:13 IST,404,TradingView (REAL-TIME),156,2s
NIFTY,22691.322636561436,22753.03338914015,22682.917487716095,22748.310650255247,3961,2026-01-15 10:54:15 IST,29,TradingView (REAL-TIME),157,2s
BANKNIFTY,24076.43852729364,24132.06422850962,24075.950679323236,24127.361335429185,5894,2026-01-15 10:54:15 IST,81,TradingView (REAL-TIME),158,2s
NIFTY,22748.310650255247,22757.354788437762,22731.567739133203,22735.157373768703,4848,2026-01-15 10:54:17 IST,86,TradingView (REAL-TIME),159,2s
BANKNIFTY,24127.361335429185,24206.781772470433,24121.774855001346,24199.38235046359,1788,2026-01-15 10:54:17 IST,11,TradingView (REAL-TIME),160,2s
NIFTY,22735.157373768703,22745.34310339353,22728.518624168075,22735.472413950858,5234,2026-01-15 10:54:19 IST,291,TradingView (REAL-TIME),161,2s
BANKNIFTY,24199.38235046359,24200.417231844716,24183.370088304175,24185.82373585964,4004,2026-01-15 10:54:19 IST,133,TradingView (REAL-TIME),162,2s
NIFTY,22735.472413950858,22755.97271518128,22728.255821107774,22748.07693989725,5710,2026-01-15 10:54:21 IST,479,TradingView (REAL-TIME),163,2s
BANKNIFTY,24185.82373585964,24253.4440800718,24179.014875104065,24247.9326433624,9527,2026-01-15 10:54:21 IST,196,TradingView (REAL-TIME),164,2s
NIFTY,22748.07693989725,22792.505996057305,22742.56435792257,22783.03839393655,4264,2026-01-15 10:54:23 IST,46,TradingView (REAL-TIME),165,2s
BANKNIFTY,24247.9326433624,24249.91364259823,24238.117381187265,24243.71273512544,8099,2026-01-15 10:54:23 IST,29,TradingView (REAL-TIME),166,2s
NIFTY,22783.03839393655,22788.579140890626,22737.971726566153,22747.70683153593,7188,2026-01-15 10:54:25 IST,232,TradingView (REAL-TIME),167,2s
BANKNIFTY,24243.71273512544,24249.166306989624,24182.888283430377,24185.72889534712,3358,2026-01-15 10:54:25 IST,118,TradingView (REAL-TIME),168,2s
NIFTY,22747.70683153593,22782.249075557524,22747.376119283635,22778.15466773177,4539,2026-01-15 10:54:28 IST,283,TradingView (REAL-TIME),169,2s
BANKNIFTY,24185.72889534712,24194.739109942984,24155.331642164594,24163.879618311606,3327,2026-01-15 10:54:28 IST,353,TradingView (REAL-TIME),170,2s
NIFTY,22778.15466773177,22799.626672712737,22770.152816056,22793.02967812385,9166,2026-01-15 10:54:30 IST,127,TradingView (REAL-TIME),171,2s
BANKNIFTY,24163.879618311606,24173.303133831334,24150.5140890414,24158.86837879294,6531,2026-01-15 10:54:30 IST,56,TradingView (REAL-TIME),172,2s
NIFTY,22793.02967812385,22846.407442334646,22791.103985421967,22837.05945752015,2783,2026-01-15 10:54:32 IST,304,TradingView (REAL-TIME),173,2s
BANKNIFTY,24158.86837879294,24160.31189936031,24090.964042739124,24100.108462308825,1474,2026-01-15 10:54:32 IST,194,TradingView (REAL-TIME),174,2s
NIFTY,22837.05945752015,22894.81569188771,22835.746803946695,22891.594916687154,5049,2026-01-15 10:54:34 IST,351,TradingView (REAL-TIME),175,2s
BANKNIFTY,24100.108462308825,24155.121887418543,24096.77489326529,24149.717565930074,6632,2026-01-15 10:54:34 IST,24,TradingView (REAL-TIME),176,2s
NIFTY,22891.594916687154,22891.704463207556,22866.84302695716,22875.39383969609,5856,2026-01-15 10:54:36 IST,323,TradingView (REAL-TIME),177,2s
BANKNIFTY,24149.717565930074,24154.57733527441,24132.096303991028,24140.530641057114,2061,2026-01-15 10:54:36 IST,157,TradingView (REAL-TIME),178,2s
NIFTY,22875.39383969609,22877.427948743476,22816.469504833818,22819.194424811692,6156,2026-01-15 10:54:38 IST,43,TradingView (REAL-TIME),179,2s
BANKNIFTY,24140.530641057114,24142.839138561787,24098.520366730245,24104.571773658023,6229,2026-01-15 10:54:38 IST,237,TradingView (REAL-TIME),180,2s
NIFTY,22819.194424811692,22848.56642795967,22814.175738513237,22844.56042849719,3672,2026-01-15 10:54:40 IST,263,TradingView (REAL-TIME),181,2s
BANKNIFTY,24104.571773658023,24118.614204435624,24097.073147420175,24117.26332248852,3955,2026-01-15 10:54:40 IST,387,TradingView (REAL-TIME),182,2s
NIFTY,22844.56042849719,22853.403035927702,22807.927284179757,22811.073282129262,7948,2026-01-15 10:54:42 IST,476,TradingView (REAL-TIME),183,2s
BANKNIFTY,24117.26332248852,24164.73911093302,24110.524150974798,24155.75426052958,7338,2026-01-15 10:54:42 IST,415,TradingView (REAL-TIME),184,2s
NIFTY,22811.073282129262,22836.96128603745,22805.88561206642,22828.09608929512,9128,2026-01-15 10:54:44 IST,300,TradingView (REAL-TIME),185,2s
BANKNIFTY,24155.75426052958,24158.118072721918,24138.031674949547,24143.129850019275,6115,2026-01-15 10:54:44 IST,253,TradingView (REAL-TIME),186,2s
NIFTY,22828.09608929512,22836.47413361446,22782.303017859955,22784.458198535038,2023,2026-01-15 10:54:46 IST,143,TradingView (REAL-TIME),187,2s
BANKNIFTY,24143.129850019275,24144.919093304838,24130.477903780236,24132.495071818306,4166,2026-01-15 10:54:46 IST,116,TradingView (REAL-TIME),188,2s
NIFTY,22784.458198535038,22788.09537313025,22757.92831106536,22760.040080361738,3792,2026-01-15 10:54:48 IST,317,TradingView (REAL-TIME),189,2s
BANKNIFTY,24132.495071818306,24191.70668326692,24128.196756111916,24183.89810981382,9186,2026-01-15 10:54:48 IST,319,TradingView (REAL-TIME),190,2s
NIFTY,22760.040080361738,22817.423930483412,22752.93465927225,22814.787578129548,5666,2026-01-15 10:54:50 IST,291,TradingView (REAL-TIME),191,2s
BANKNIFTY,24183.89810981382,24236.030505940926,24175.87661351915,24235.170560079627,5618,2026-01-15 10:54:50 IST,176,TradingView (REAL-TIME),192,2s
NIFTY,22814.787578129548,22824.740369921175,22754.54779788999,22756.61387432996,6446,2026-01-15 10:54:52 IST,16,TradingView (REAL-TIME),193,2s
BANKNIFTY,24235.170560079627,24292.023197857863,24227.26694150868,24282.601038075838,5656,2026-01-15 10:54:52 IST,152,TradingView (REAL-TIME),194,2s
NIFTY,22756.61387432996,22759.43017005299,22741.543920634966,22745.23528027633,8881,2026-01-15 10:54:54 IST,422,TradingView (REAL-TIME),195,2s
BANKNIFTY,24282.601038075838,24310.517669287914,24274.860941587205,24300.905011767816,2623,2026-01-15 10:54:54 IST,221,TradingView (REAL-TIME),196,2s
NIFTY,22745.23528027633,22750.42837204592,22679.438379873118,22689.2592563396,6522,2026-01-15 10:54:56 IST,271,TradingView (REAL-TIME),197,2s
BANKNIFTY,24300.905011767816,24374.75889388549,24294.484838198627,24366.10828808528,4103,2026-01-15 10:54:57 IST,444,TradingView (REAL-TIME),198,2s
NIFTY,22689.2592563396,22694.583107567978,22623.33625962571,22624.1325433762,4006,2026-01-15 10:54:59 IST,188,TradingView (REAL-TIME),199,2s
BANKNIFTY,24366.10828808528,24374.54073474456,24324.792379172974,24325.03908022153,4882,2026-01-15 10:54:59 IST,83,TradingView (REAL-TIME),200,2s
NIFTY,22624.1325433762,22624.73717118828,22612.76760562252,22621.946781804818,9270,2026-01-15 10:55:01 IST,62,TradingView (REAL-TIME),201,2s
BANKNIFTY,24325.03908022153,24374.528483870945,24315.43165457089,24372.05172619345,6925,2026-01-15 10:55:01 IST,168,TradingView (REAL-TIME),202,2s
NIFTY,22621.946781804818,22626.34361844251,22567.465990644978,22569.468938960235,2534,2026-01-15 10:55:03 IST,360,TradingView (REAL-TIME),203,2s
BANKNIFTY,24372.05172619345,24406.947633671018,24363.599136800192,24401.673679747415,7418,2026-01-15 10:55:03 IST,369,TradingView (REAL-TIME),204,2s
NIFTY,22569.468938960235,22574.65090671093,22540.787094502557,22543.09028509285,6085,2026-01-15 10:55:05 IST,399,TradingView (REAL-TIME),205,2s
BANKNIFTY,24401.673679747415,24408.013726794925,24373.026002706676,24377.34414212089,3632,2026-01-15 10:55:05 IST,145,TradingView (REAL-TIME),206,2s
NIFTY,22543.09028509285,22551.040543415234,22541.385135246153,22544.877096916094,9132,2026-01-15 10:55:07 IST,250,TradingView (REAL-TIME),207,2s
BANKNIFTY,24377.34414212089,24383.449276206324,24327.099639893844,24335.40847370433,9302,2026-01-15 10:55:07 IST,398,TradingView (REAL-TIME),208,2s
NIFTY,22544.877096916094,22545.48037096222,22473.24123033977,22477.950806386438,5377,2026-01-15 10:55:09 IST,252,TradingView (REAL-TIME),209,2s
BANKNIFTY,24335.40847370433,24395.47331563987,24328.82228972661,24389.698887849023,4105,2026-01-15 10:55:09 IST,371,TradingView (REAL-TIME),210,2s
NIFTY,22477.950806386438,22478.751560490622,22433.17607374835,22433.198478456678,2222,2026-01-15 10:55:11 IST,22,TradingView (REAL-TIME),211,2s
BANKNIFTY,24389.698887849023,24394.970171146746,24386.206938184972,24388.797861560437,6710,2026-01-15 10:55:11 IST,368,TradingView (REAL-TIME),212,2s
NIFTY,22433.198478456678,22506.351570806946,22424.38762552083,22497.612489943556,6870,2026-01-15 10:55:13 IST,219,TradingView (REAL-TIME),213,2s
BANKNIFTY,24388.797861560437,24392.21424916068,24343.153317159147,24350.013874138007,5811,2026-01-15 10:55:13 IST,198,TradingView (REAL-TIME),214,2s
NIFTY,22497.612489943556,22503.19527624072,22463.74955313837,22463.756398138576,8466,2026-01-15 10:55:15 IST,413,TradingView (REAL-TIME),215,2s
BANKNIFTY,24350.013874138007,24359.313774552058,24322.8245593301,24331.50092208355,7888,2026-01-15 10:55:15 IST,488,TradingView (REAL-TIME),216,2s
NIFTY,22463.756398138576,22538.915430537738,22457.083093954938,22530.95287691911,1534,2026-01-15 10:55:17 IST,239,TradingView (REAL-TIME),217,2s
BANKNIFTY,24331.50092208355,24332.93828893855,24294.00583672732,24294.2979986439,8417,2026-01-15 10:55:17 IST,188,TradingView (REAL-TIME),218,2s
NIFTY,22530.95287691911,22585.20252515456,22528.269136426323,22581.642431392047,6622,2026-01-15 10:55:19 IST,284,TradingView (REAL-TIME),219,2s
BANKNIFTY,24294.2979986439,24325.255196848626,24290.79381983172,24324.62728343075,7399,2026-01-15 10:55:19 IST,96,TradingView (REAL-TIME),220,2s
NIFTY,22581.642431392047,22589.48366725165,22528.93088525409,22533.197833897873,1305,2026-01-15 10:55:21 IST,404,TradingView (REAL-TIME),221,2s
BANKNIFTY,24324.62728343075,24331.935775066842,24286.228817353265,24291.931863097314,4578,2026-01-15 10:55:21 IST,409,TradingView (REAL-TIME),222,2s
NIFTY,22533.197833897873,22555.400143142928,22525.507748921955,22548.231494658914,4441,2026-01-15 10:55:23 IST,181,TradingView (REAL-TIME),223,2s
BANKNIFTY,24291.931863097314,24344.193881026844,24284.33748314993,24339.085626360633,2922,2026-01-15 10:55:23 IST,11,TradingView (REAL-TIME),224,2s
NIFTY,22548.231494658914,22618.68386086129,22542.276411308427,22613.59475232372,8347,2026-01-15 10:55:25 IST,119,TradingView (REAL-TIME),225,2s
BANKNIFTY,24339.085626360633,24347.745369927852,24317.68314865597,24319.38959831648,2793,2026-01-15 10:55:25 IST,141,TradingView (REAL-TIME),226,2s
NIFTY,22613.59475232372,22628.489149963185,22610.93523014624,22622.088693918406,9632,2026-01-15 10:55:27 IST,427,TradingView (REAL-TIME),227,2s
BANKNIFTY,24319.38959831648,24322.76689518981,24272.581225916238,24273.310005734365,4829,2026-01-15 10:55:27 IST,137,TradingView (REAL-TIME),228,2s
NIFTY,22622.088693918406,22671.624659619298,22616.769696393247,22668.592972626004,5766,2026-01-15 10:55:29 IST,378,TradingView (REAL-TIME),229,2s
BANKNIFTY,24273.310005734365,24291.30186555025,24266.312639254837,24286.800857507802,1079,2026-01-15 10:55:29 IST,405,TradingView (REAL-TIME),230,2s
NIFTY,22668.592972626004,22669.723673102402,22612.205985059805,22615.557924723074,5190,2026-01-15 10:55:31 IST,146,TradingView (REAL-TIME),231,2s
BANKNIFTY,24286.800857507802,24288.308989246212,24243.135482498557,24243.83507421081,1135,2026-01-15 10:55:31 IST,483,TradingView (REAL-TIME),232,2s
NIFTY,22615.557924723074,22619.6703691761,22599.768926270986,22604.535980507673,5446,2026-01-15 10:55:33 IST,181,TradingView (REAL-TIME),233,2s
BANKNIFTY,24243.83507421081,24247.244294862172,24233.884002661485,24233.898726099538,3346,2026-01-15 10:55:34 IST,369,TradingView (REAL-TIME),234,2s
NIFTY,22604.535980507673,22661.273728181775,22597.986191170046,22654.28471974047,9372,2026-01-15 10:55:36 IST,66,TradingView (REAL-TIME),235,2s
BANKNIFTY,24233.898726099538,24240.308375914752,24183.49621363575,24190.93320375155,2843,2026-01-15 10:55:36 IST,162,TradingView (REAL-TIME),236,2s
NIFTY,22654.28471974047,22676.224553430926,22649.195987622476,22673.37723178195,2276,2026-01-15 10:55:38 IST,351,TradingView (REAL-TIME),237,2s
BANKNIFTY,24190.93320375155,24234.558797659447,24187.937518604038,24228.420373053585,5798,2026-01-15 10:55:38 IST,222,TradingView (REAL-TIME),238,2s
NIFTY,22673.37723178195,22708.769992315898,22669.203046350187,22701.477972954326,6088,2026-01-15 10:55:40 IST,482,TradingView (REAL-TIME),239,2s
BANKNIFTY,24228.420373053585,24232.50423812531,24215.43653085163,24225.288405253024,5597,2026-01-15 10:55:40 IST,399,TradingView (REAL-TIME),240,2s
NIFTY,22701.477972954326,22714.554912497133,22699.777896843152,22705.093794533113,6487,2026-01-15 10:55:42 IST,33,TradingView (REAL-TIME),241,2s
BANKNIFTY,24225.288405253024,24261.025649542804,24221.35767444543,24258.291679451315,2235,2026-01-15 10:55:42 IST,351,TradingView (REAL-TIME),242,2s
NIFTY,22705.093794533113,22757.180446023776,22696.969425586212,22751.21277935093,3726,2026-01-15 10:55:44 IST,95,TradingView (REAL-TIME),243,2s
BANKNIFTY,24258.291679451315,24259.029006141278,24189.271811978197,24194.417595779145,6021,2026-01-15 10:55:44 IST,219,TradingView (REAL-TIME),244,2s
NIFTY,22751.21277935093,22754.82743833941,22731.536054549597,22737.823894599234,3518,2026-01-15 10:55:46 IST,456,TradingView (REAL-TIME),245,2s
BANKNIFTY,24194.417595779145,24215.10802126694,24193.911447440514,24209.055164622576,5623,2026-01-15 10:55:46 IST,75,TradingView (REAL-TIME),246,2s
NIFTY,22737.823894599234,22800.956745747295,22733.567296928457,22800.065125352492,4854,2026-01-15 10:55:48 IST,215,TradingView (REAL-TIME),247,2s
BANKNIFTY,24209.055164622576,24214.196709312855,24199.32980719528,24209.735831393577,8825,2026-01-15 10:55:48 IST,306,TradingView (REAL-TIME),248,2s
NIFTY,22800.065125352492,22855.638592402465,22792.469094108157,22851.272801073337,6417,2026-01-15 10:55:50 IST,230,TradingView (REAL-TIME),249,2s
BANKNIFTY,24209.735831393577,24211.154432199757,24160.92430371952,24164.911332995507,8752,2026-01-15 10:55:50 IST,209,TradingView (REAL-TIME),250,2s
NIFTY,22851.272801073337,22858.001441615448,22839.936798359748,22849.076711176265,9505,2026-01-15 10:55:52 IST,83,TradingView (REAL-TIME),251,2s
BANKNIFTY,24164.911332995507,24169.152083266395,24141.228375288192,24143.6020735171,9685,2026-01-15 10:55:52 IST,129,TradingView (REAL-TIME),252,2s
NIFTY,22849.076711176265,22897.754852518854,22848.045031524285,22894.813813849058,9597,2026-01-15 10:55:54 IST,193,TradingView (REAL-TIME),253,2s
BANKNIFTY,24143.6020735171,24157.936911671346,24136.737528921833,24149.418801031698,6435,2026-01-15 10:55:54 IST,82,TradingView (REAL-TIME),254,2s
NIFTY,22894.813813849058,22967.033939668654,22893.72245350984,22961.699712960144,3143,2026-01-15 10:55:57 IST,432,TradingView (REAL-TIME),255,2s
BANKNIFTY,24149.418801031698,24159.316374784543,24148.96335029515,24150.232699628294,1802,2026-01-15 10:55:57 IST,468,TradingView (REAL-TIME),256,2s
NIFTY,22961.699712960144,22983.610357364578,22957.935848614754,22980.04063923569,9049,2026-01-15 10:55:59 IST,489,TradingView (REAL-TIME),257,2s
BANKNIFTY,24150.232699628294,24221.03420641509,24140.903436250257,24211.298906718628,4013,2026-01-15 10:55:59 IST,149,TradingView (REAL-TIME),258,2s
NIFTY,22980.04063923569,23018.36267896352,22977.432112815048,23010.984621891268,4971,2026-01-15 10:56:01 IST,43,TradingView (REAL-TIME),259,2s
BANKNIFTY,24211.298906718628,24278.54348396426,24201.663887290542,24274.31304983644,3158,2026-01-15 10:56:01 IST,297,TradingView (REAL-TIME),260,2s
NIFTY,23010.984621891268,23015.44046921386,22986.89166145984,22996.568103561603,4824,2026-01-15 10:56:03 IST,293,TradingView (REAL-TIME),261,2s
BANKNIFTY,24274.31304983644,24277.943458339993,24262.7739055012,24263.769980008674,5215,2026-01-15 10:56:03 IST,341,TradingView (REAL-TIME),262,2s
NIFTY,22996.568103561603,23046.185926045237,22986.665803344687,23044.439931291075,5005,2026-01-15 10:56:05 IST,379,TradingView (REAL-TIME),263,2s
BANKNIFTY,24263.769980008674,24324.7658364244,24258.14718885618,24318.790222745207,8342,2026-01-15 10:56:05 IST,240,TradingView (REAL-TIME),264,2s
NIFTY,23044.439931291075,23050.01654957149,23039.28348783324,23045.637388648018,1424,2026-01-15 10:56:07 IST,241,TradingView (REAL-TIME),265,2s
BANKNIFTY,24318.790222745207,24326.625269909495,24290.23050135453,24290.38571945669,7834,2026-01-15 10:56:07 IST,135,TradingView (REAL-TIME),266,2s
NIFTY,23045.637388648018,23045.725136312947,22990.300352280326,22998.984535575055,5258,2026-01-15 10:56:09 IST,308,TradingView (REAL-TIME),267,2s
BANKNIFTY,24290.38571945669,24302.819594950386,24280.787827558364,24293.10724967913,8298,2026-01-15 10:56:09 IST,133,TradingView (REAL-TIME),268,2s
NIFTY,22998.984535575055,23005.415617189996,22955.94054965248,22958.080481696074,5758,2026-01-15 10:56:11 IST,28,TradingView (REAL-TIME),269,2s
BANKNIFTY,24293.10724967913,24301.157070457997,24248.40450910675,24249.564711386673,7425,2026-01-15 10:56:11 IST,85,TradingView (REAL-TIME),270,2s
NIFTY,22958.080481696074,22964.983689869816,22947.826898180087,22950.480526625255,1632,2026-01-15 10:56:13 IST,52,TradingView (REAL-TIME),271,2s
BANKNIFTY,24249.564711386673,24294.928950006604,24244.765562661865,24285.806557466065,7554,2026-01-15 10:56:13 IST,144,TradingView (REAL-TIME),272,2s
NIFTY,22950.480526625255,23003.710412978915,22946.96646229978,22997.03094529592,8575,2026-01-15 10:56:15 IST,472,TradingView (REAL-TIME),273,2s
BANKNIFTY,24285.806557466065,24341.35066164541,24282.849282013947,24338.545419095943,1756,2026-01-15 10:56:15 IST,471,TradingView (REAL-TIME),274,2s
NIFTY,22997.03094529592,22999.452609021326,22992.77842623602,22999.376520162554,8445,2026-01-15 10:56:17 IST,440,TradingView (REAL-TIME),275,2s
BANKNIFTY,24338.545419095943,24338.600095787933,24307.89297032096,24314.12627340191,3819,2026-01-15 10:56:17 IST,51,TradingView (REAL-TIME),276,2s
NIFTY,22999.376520162554,23000.53851318807,22955.02949425422,22959.496102098135,3177,2026-01-15 10:56:19 IST,476,TradingView (REAL-TIME),277,2s
BANKNIFTY,24314.12627340191,24319.754459885793,24281.549914097905,24284.827556192482,9527,2026-01-15 10:56:19 IST,130,TradingView (REAL-TIME),278,2s
NIFTY,22959.496102098135,22966.996325588163,22933.289867728407,22942.456020623755,7509,2026-01-15 10:56:21 IST,425,TradingView (REAL-TIME),279,2s
BANKNIFTY,24284.827556192482,24285.74906653346,24255.51548286711,24264.511860629977,1151,2026-01-15 10:56:21 IST,355,TradingView (REAL-TIME),280,2s
NIFTY,22942.456020623755,22943.992697913556,22871.637838638933,22877.898970891645,3163,2026-01-15 10:56:23 IST,270,TradingView (REAL-TIME),281,2s
BANKNIFTY,24264.511860629977,24333.750880333755,24262.733469860836,24333.369270947194,1292,2026-01-15 10:56:23 IST,238,TradingView (REAL-TIME),282,2s
NIFTY,22877.898970891645,22912.21626901736,22873.512471596187,22910.38782233597,5092,2026-01-15 10:56:25 IST,112,TradingView (REAL-TIME),283,2s
BANKNIFTY,24333.369270947194,24377.490983071235,24330.875540455392,24374.220326626903,5613,2026-01-15 10:56:25 IST,240,TradingView (REAL-TIME),284,2s
NIFTY,22910.38782233597,22936.634559255817,22904.22320406009,22933.951021266494,6575,2026-01-15 10:56:27 IST,363,TradingView (REAL-TIME),285,2s
BANKNIFTY,24374.220326626903,24377.079809197247,24366.696857653005,24371.397458660464,9988,2026-01-15 10:56:27 IST,124,TradingView (REAL-TIME),286,2s
NIFTY,22933.951021266494,22936.008707836598,22888.85165269395,22890.32678971866,3679,2026-01-15 10:56:29 IST,410,TradingView (REAL-TIME),287,2s
BANKNIFTY,24371.397458660464,24380.127463356086,24365.328873917955,24374.71539767535,3248,2026-01-15 10:56:29 IST,258,TradingView (REAL-TIME),288,2s
NIFTY,22890.32678971866,22955.32508103096,22882.653357821044,22954.599411451545,4940,2026-01-15 10:56:31 IST,297,TradingView (REAL-TIME),289,2s
BANKNIFTY,24374.71539767535,24438.865475250797,24370.91044007079,24429.356323915752,7228,2026-01-15 10:56:32 IST,308,TradingView (REAL-TIME),290,2s
NIFTY,22954.599411451545,22956.046737697394,22907.136836647966,22914.016367957975,5686,2026-01-15 10:56:34 IST,206,TradingView (REAL-TIME),291,2s
BANKNIFTY,24429.356323915752,24436.20348743771,24394.994643069967,24397.504819673028,8061,2026-01-15 10:56:34 IST,72,TradingView (REAL-TIME),292,2s
NIFTY,22914.016367957975,22945.16848832312,22910.003985851596,22942.49888424425,7304,2026-01-15 10:56:36 IST,471,TradingView (REAL-TIME),293,2s
BANKNIFTY,24397.504819673028,24433.841898493505,24391.20429961382,24431.292178927884,8856,2026-01-15 10:56:36 IST,450,TradingView (REAL-TIME),294,2s
NIFTY,22942.49888424425,22986.303360862577,22932.65353087002,22980.380126443768,4815,2026-01-15 10:56:38 IST,104,TradingView (REAL-TIME),295,2s
BANKNIFTY,24431.292178927884,24438.761890485395,24424.499981842157,24430.766244457227,3651,2026-01-15 10:56:38 IST,466,TradingView (REAL-TIME),296,2s
NIFTY,22980.380126443768,23053.224618930006,22974.52295254144,23046.120954719052,7421,2026-01-15 10:56:40 IST,12,TradingView (REAL-TIME),297,2s
BANKNIFTY,24430.766244457227,24437.608568004667,24391.220886075254,24395.668740559624,2166,2026-01-15 10:56:40 IST,422,TradingView (REAL-TIME),298,2s
NIFTY,23046.120954719052,23050.887795263916,23042.552787933702,23047.827050307125,7008,2026-01-15 10:56:42 IST,294,TradingView (REAL-TIME),299,2s
BANKNIFTY,24395.668740559624,24459.885517684266,24394.6066606692,24459.84560623885,5223,2026-01-15 10:56:42 IST,180,TradingView (REAL-TIME),300,2s
NIFTY,23047.827050307125,23102.960715155306,23044.483620208,23099.35207650372,6125,2026-01-15 10:56:44 IST,110,TradingView (REAL-TIME),301,2s
BANKNIFTY,24459.84560623885,24461.83649096843,24458.040437741463,24459.43944011622,7720,2026-01-15 10:56:44 IST,77,TradingView (REAL-TIME),302,2s
NIFTY,23099.35207650372,23128.199369061585,23097.285688902204,23125.2793723422,9476,2026-01-15 10:56:46 IST,488,TradingView (REAL-TIME),303,2s
BANKNIFTY,24459.43944011622,24467.140475882185,24437.17920019681,24437.894411589226,4861,2026-01-15 10:56:46 IST,153,TradingView (REAL-TIME),304,2s
NIFTY,23125.2793723422,23135.04251768758,23110.626183327237,23111.196024862784,5602,2026-01-15 10:56:48 IST,279,TradingView (REAL-TIME),305,2s
BANKNIFTY,24437.894411589226,24438.349682857523,24398.911817783322,24402.959634469236,2863,2026-01-15 10:56:48 IST,138,TradingView (REAL-TIME),306,2s
NIFTY,23111.196024862784,23112.212094216295,23083.74505275338,23093.106188265505,2868,2026-01-15 10:56:50 IST,422,TradingView (REAL-TIME),307,2s
BANKNIFTY,24402.959634469236,24481.36473296432,24397.102337931392,24471.55269566886,6645,2026-01-15 10:56:50 IST,375,TradingView (REAL-TIME),308,2s
NIFTY,23093.106188265505,23166.892108952532,23085.386969549538,23157.99225444543,5434,2026-01-15 10:56:52 IST,302,TradingView (REAL-TIME),309,2s
BANKNIFTY,24471.55269566886,24472.99624989051,24394.48813264367,24402.90756642372,1196,2026-01-15 10:56:53 IST,127,TradingView (REAL-TIME),310,2s
NIFTY,23157.99225444543,23211.79818909787,23154.617423922075,23204.23697997265,3687,2026-01-15 10:56:55 IST,352,TradingView (REAL-TIME),311,2s
BANKNIFTY,24402.90756642372,24403.616711642604,24323.497411723154,24329.965260045363,8118,2026-01-15 10:56:55 IST,277,TradingView (REAL-TIME),312,2s
NIFTY,23204.23697997265,23205.32770242559,23129.51925761675,23137.985143088827,1946,2026-01-15 10:56:57 IST,115,TradingView (REAL-TIME),313,2s
BANKNIFTY,24329.965260045363,24337.649141465005,24272.025696644527,24277.3924715594,1617,2026-01-15 10:56:57 IST,381,TradingView (REAL-TIME),314,2s
NIFTY,23137.985143088827,23189.200612943947,23133.552174630186,23185.893956678494,7401,2026-01-15 10:56:59 IST,11,TradingView (REAL-TIME),315,2s
BANKNIFTY,24277.3924715594,24282.75314595642,24247.903398459133,24257.033732503816,4694,2026-01-15 10:56:59 IST,196,TradingView (REAL-TIME),316,2s
NIFTY,23185.893956678494,23243.909146983024,23175.97419977469,23240.79508910606,7980,2026-01-15 10:57:01 IST,328,TradingView (REAL-TIME),317,2s
BANKNIFTY,24257.033732503816,24268.153411939824,24249.970497580376,24261.118342503476,4408,2026-01-15 10:57:01 IST,474,TradingView (REAL-TIME),318,2s
NIFTY,23240.79508910606,23250.753073327156,23167.251050455594,23176.956705438166,5672,2026-01-15 10:57:03 IST,250,TradingView (REAL-TIME),319,2s
BANKNIFTY,24261.118342503476,24273.07919077597,24256.729976832914,24266.1515099557,5408,2026-01-15 10:57:03 IST,48,TradingView (REAL-TIME),320,2s
NIFTY,23176.956705438166,23182.615175669795,23140.616290437974,23141.814569369235,2939,2026-01-15 10:57:05 IST,274,TradingView (REAL-TIME),321,2s
BANKNIFTY,24266.1515099557,24269.36777410878,24252.450470896783,24254.2039457422,4485,2026-01-15 10:57:05 IST,116,TradingView (REAL-TIME),322,2s
NIFTY,23141.814569369235,23151.753444135775,23091.279069723434,23096.65438567146,9846,2026-01-15 10:57:07 IST,248,TradingView (REAL-TIME),323,2s
BANKNIFTY,24254.2039457422,24254.293006930122,24209.3058807408,24215.233435709873,7117,2026-01-15 10:57:07 IST,280,TradingView (REAL-TIME),324,2s
NIFTY,23096.65438567146,23102.28105254899,23090.26916405244,23100.072783421394,5055,2026-01-15 10:57:09 IST,404,TradingView (REAL-TIME),325,2s
BANKNIFTY,24215.233435709873,24225.16648954555,24171.53644617921,24178.05465218644,7175,2026-01-15 10:57:09 IST,462,TradingView (REAL-TIME),326,2s
NIFTY,23100.072783421394,23102.505552799532,23074.386183865536,23075.741971967447,1524,2026-01-15 10:57:11 IST,296,TradingView (REAL-TIME),327,2s
BANKNIFTY,24178.05465218644,24187.35887408772,24139.972412539057,24149.64468894298,3902,2026-01-15 10:57:11 IST,422,TradingView (REAL-TIME),328,2s
NIFTY,23075.741971967447,23139.918213441186,23071.820075326115,23133.03891384612,9263,2026-01-15 10:57:13 IST,254,TradingView (REAL-TIME),329,2s
BANKNIFTY,24149.64468894298,24159.16890221347,24122.3840820168,24127.952105444478,6690,2026-01-15 10:57:13 IST,233,TradingView (REAL-TIME),330,2s
NIFTY,23133.03891384612,23190.435134688763,23127.24983118319,23190.368856693683,8037,2026-01-15 10:57:15 IST,423,TradingView (REAL-TIME),331,2s
BANKNIFTY,24127.952105444478,24151.59572851639,24121.91419803846,24144.055686567932,7497,2026-01-15 10:57:15 IST,104,TradingView (REAL-TIME),332,2s
NIFTY,23190.368856693683,23199.68246858714,23158.241737884062,23162.83147110118,8567,2026-01-15 10:57:18 IST,200,TradingView (REAL-TIME),333,2s
BANKNIFTY,24144.055686567932,24151.616644183057,24095.060484313944,24099.43847291431,9007,2026-01-15 10:57:18 IST,205,TradingView (REAL-TIME),334,2s
NIFTY,23162.83147110118,23193.638753238305,23158.80674150145,23186.817869877133,2611,2026-01-15 10:57:20 IST,339,TradingView (REAL-TIME),335,2s
BANKNIFTY,24099.43847291431,24120.877486946432,24092.88485274887,24119.85148108623,3691,2026-01-15 10:57:20 IST,64,TradingView (REAL-TIME),336,2s
NIFTY,23186.817869877133,23189.230124923408,23162.0106954451,23171.510868074583,9164,2026-01-15 10:57:22 IST,344,TradingView (REAL-TIME),337,2s
BANKNIFTY,24119.85148108623,24195.09941123238,24110.030532277033,24185.168966672267,4964,2026-01-15 10:57:22 IST,308,TradingView (REAL-TIME),338,2s
NIFTY,23171.510868074583,23178.992743975166,23123.187351581822,23130.34176885778,2103,2026-01-15 10:57:24 IST,64,TradingView (REAL-TIME),339,2s
BANKNIFTY,24185.168966672267,24257.178704894013,24181.923093104288,24247.686491486023,2826,2026-01-15 10:57:24 IST,301,TradingView (REAL-TIME),340,2s
NIFTY,23130.34176885778,23139.092585137478,23127.687336319425,23135.150702043065,6584,2026-01-15 10:57:26 IST,257,TradingView (REAL-TIME),341,2s
BANKNIFTY,24247.686491486023,24310.946943296454,24245.91270999231,24310.51634793281,7440,2026-01-15 10:57:26 IST,339,TradingView (REAL-TIME),342,2s
NIFTY,23135.150702043065,23203.70666649513,23134.369283384873,23195.47236920882,9487,2026-01-15 10:57:28 IST,444,TradingView (REAL-TIME),343,2s
BANKNIFTY,24310.51634793281,24319.136288275105,24271.978223151276,24280.81463542903,5379,2026-01-15 10:57:28 IST,176,TradingView (REAL-TIME),344,2s
NIFTY,23195.47236920882,23259.226133662163,23186.431274709324,23257.383770527613,3257,2026-01-15 10:57:30 IST,109,TradingView (REAL-TIME),345,2s
BANKNIFTY,24280.81463542903,24350.90910153933,24274.437725281783,24345.903585128992,5845,2026-01-15 10:57:30 IST,34,TradingView (REAL-TIME),346,2s
NIFTY,23257.383770527613,23289.5895428662,23251.15617293463,23287.843877461557,1454,2026-01-15 10:57:32 IST,216,TradingView (REAL-TIME),347,2s
BANKNIFTY,24345.903585128992,24366.42189603921,24337.419096408685,24361.20888779672,8648,2026-01-15 10:57:32 IST,208,TradingView (REAL-TIME),348,2s
NIFTY,23287.843877461557,23294.5631443498,23243.685753445054,23247.312352724624,4420,2026-01-15 10:57:34 IST,241,TradingView (REAL-TIME),349,2s
BANKNIFTY,24361.20888779672,24366.973491912548,24345.841026631693,24348.216849137723,3662,2026-01-15 10:57:34 IST,74,TradingView (REAL-TIME),350,2s
NIFTY,23247.312352724624,23254.87115744491,23188.96833206881,23189.460070652895,9199,2026-01-15 10:57:36 IST,396,TradingView (REAL-TIME),351,2s
BANKNIFTY,24348.216849137723,24401.00338941607,24340.496045050764,24400.115756806874,3363,2026-01-15 10:57:36 IST,490,TradingView (REAL-TIME),352,2s
NIFTY,23189.460070652895,23225.207370185824,23181.47631016438,23217.71660090459,7861,2026-01-15 10:57:38 IST,403,TradingView (REAL-TIME),353,2s
BANKNIFTY,24400.115756806874,24457.61269841322,24393.688197714924,24455.987284160616,4669,2026-01-15 10:57:38 IST,249,TradingView (REAL-TIME),354,2s
NIFTY,23217.71660090459,23248.96407158516,23217.259819106755,23248.95851097825,2293,2026-01-15 10:57:40 IST,309,TradingView (REAL-TIME),355,2s
BANKNIFTY,24455.987284160616,24469.774129972982,24449.545607697208,24466.903951390148,5975,2026-01-15 10:57:40 IST,414,TradingView (REAL-TIME),356,2s
NIFTY,23248.95851097825,23254.14345549436,23224.434979366375,23233.845425342104,4831,2026-01-15 10:57:42 IST,360,TradingView (REAL-TIME),357,2s
BANKNIFTY,24466.903951390148,24476.558035763508,24415.258788357896,24415.388413428864,2884,2026-01-15 10:57:42 IST,179,TradingView (REAL-TIME),358,2s
NIFTY,23233.845425342104,23242.27427914978,23180.55216736733,23186.62039474235,1397,2026-01-15 10:57:44 IST,230,TradingView (REAL-TIME),359,2s
BANKNIFTY,24415.388413428864,24423.485044056197,24383.30228975943,24386.67976295063,7530,2026-01-15 10:57:44 IST,311,TradingView (REAL-TIME),360,2s
NIFTY,23186.62039474235,23187.49470947069,23117.066320829574,23119.864133461502,6975,2026-01-15 10:57:46 IST,134,TradingView (REAL-TIME),361,2s
BANKNIFTY,24386.67976295063,24459.011304289696,24377.44362416523,24450.40119995346,2459,2026-01-15 10:57:46 IST,187,TradingView (REAL-TIME),362,2s
NIFTY,23119.864133461502,23182.538961918737,23118.63300745545,23172.925174871303,7047,2026-01-15 10:57:49 IST,462,TradingView (REAL-TIME),363,2s
BANKNIFTY,24450.40119995346,24495.428135903363,24446.162380990467,24489.511116538775,8713,2026-01-15 10:57:49 IST,291,TradingView (REAL-TIME),364,2s
NIFTY,23172.925174871303,23185.336525321247,23170.376845403316,23178.44526591823,5674,2026-01-15 10:57:51 IST,70,TradingView (REAL-TIME),365,2s
BANKNIFTY,24489.511116538775,24489.994871714654,24484.545255298413,24486.995011773513,8400,2026-01-15 10:57:51 IST,175,TradingView (REAL-TIME),366,2s
NIFTY,23178.44526591823,23190.837023080578,23175.870956253915,23186.067271597276,2874,2026-01-15 10:57:53 IST,184,TradingView (REAL-TIME),367,2s
BANKNIFTY,24486.995011773513,24494.959124576446,24458.283262886423,24458.808745677667,8108,2026-01-15 10:57:53 IST,100,TradingView (REAL-TIME),368,2s
NIFTY,23186.067271597276,23239.896872775804,23180.054496862373,23239.68042771541,4482,2026-01-15 10:57:55 IST,192,TradingView (REAL-TIME),369,2s
BANKNIFTY,24458.808745677667,24465.43659513578,24430.864364532117,24431.718727975254,8604,2026-01-15 10:57:55 IST,349,TradingView (REAL-TIME),370,2s
NIFTY,23239.68042771541,23242.855000724438,23236.212395936964,23239.671167909913,4343,2026-01-15 10:57:57 IST,268,TradingView (REAL-TIME),371,2s
BANKNIFTY,24431.718727975254,24436.942838514802,24379.95450588356,24382.163312202443,6054,2026-01-15 10:57:57 IST,157,TradingView (REAL-TIME),372,2s
NIFTY,23239.671167909913,23297.215593900375,23231.812644735975,23293.59523907503,5058,2026-01-15 10:57:59 IST,428,TradingView (REAL-TIME),373,2s
BANKNIFTY,24382.163312202443,24442.231135917384,24372.552111542525,24441.534214316256,5814,2026-01-15 10:57:59 IST,248,TradingView (REAL-TIME),374,2s
NIFTY,23293.59523907503,23303.029041060847,23273.614736112864,23279.930835763706,8521,2026-01-15 10:58:01 IST,293,TradingView (REAL-TIME),375,2s
BANKNIFTY,24441.534214316256,24445.492773789974,24400.40234938098,24400.874321313233,4946,2026-01-15 10:58:01 IST,355,TradingView (REAL-TIME),376,2s
NIFTY,23279.930835763706,23292.876838335993,23275.187035813688,23286.051520196215,5852,2026-01-15 10:58:03 IST,279,TradingView (REAL-TIME),377,2s
BANKNIFTY,24400.874321313233,24455.68236926674,24394.62882868815,24446.210390711465,3134,2026-01-15 10:58:03 IST,97,TradingView (REAL-TIME),378,2s
NIFTY,23286.051520196215,23350.224354565642,23283.490468196193,23343.82773000118,7682,2026-01-15 10:58:05 IST,464,TradingView (REAL-TIME),379,2s
BANKNIFTY,24446.210390711465,24454.76151549621,24393.52827743398,24397.107128577158,5606,2026-01-15 10:58:05 IST,492,TradingView (REAL-TIME),380,2s
NIFTY,23343.82773000118,23383.523855296564,23336.45688350596,23375.56921036965,9627,2026-01-15 10:58:07 IST,290,TradingView (REAL-TIME),381,2s
BANKNIFTY,24397.107128577158,24403.75818918324,24394.476477711247,24394.72434608986,8356,2026-01-15 10:58:07 IST,136,TradingView (REAL-TIME),382,2s
NIFTY,23375.56921036965,23434.829489789438,23365.832022193936,23427.891796736036,3192,2026-01-15 10:58:09 IST,202,TradingView (REAL-TIME),383,2s
BANKNIFTY,24394.72434608986,24431.017842330595,24391.356147512648,24425.079724054125,9584,2026-01-15 10:58:10 IST,90,TradingView (REAL-TIME),384,2s
NIFTY,23427.891796736036,23462.073034561392,23425.777122698837,23454.94689836757,6766,2026-01-15 10:58:12 IST,104,TradingView (REAL-TIME),385,2s
BANKNIFTY,24425.079724054125,24469.01069978272,24424.363829660313,24464.742706321154,2096,2026-01-15 10:58:12 IST,191,TradingView (REAL-TIME),386,2s
NIFTY,23454.94689836757,23457.10815895461,23418.975790527234,23426.68900173434,3589,2026-01-15 10:58:14 IST,446,TradingView (REAL-TIME),387,2s
BANKNIFTY,24464.742706321154,24471.0619360134,24415.54069109866,24420.926967704327,9519,2026-01-15 10:58:14 IST,33,TradingView (REAL-TIME),388,2s
NIFTY,23426.68900173434,23429.488046428916,23402.896929469138,23406.489090313116,8513,2026-01-15 10:58:16 IST,491,TradingView (REAL-TIME),389,2s
BANKNIFTY,24420.926967704327,24456.394764733956,24416.74827223393,24453.958692091364,1375,2026-01-15 10:58:16 IST,389,TradingView (REAL-TIME),390,2s
NIFTY,23406.489090313116,23408.262182094026,23365.691860775194,23369.22430294551,1301,2026-01-15 10:58:18 IST,12,TradingView (REAL-TIME),391,2s
BANKNIFTY,24453.958692091364,24459.265276613605,24381.199982072,24381.432450217122,5247,2026-01-15 10:58:18 IST,125,TradingView (REAL-TIME),392,2s
NIFTY,23369.22430294551,23432.700889685653,23367.87003428864,23424.227423686825,5190,2026-01-15 10:58:20 IST,496,TradingView (REAL-TIME),393,2s
BANKNIFTY,24381.432450217122,24388.07342658422,24325.607966531334,24328.338717535127,2249,2026-01-15 10:58:20 IST,302,TradingView (REAL-TIME),394,2s
NIFTY,23424.227423686825,23474.25395230879,23420.862155045037,23469.406984229834,8545,2026-01-15 10:58:22 IST,161,TradingView (REAL-TIME),395,2s
BANKNIFTY,24328.338717535127,24345.307145267718,24327.321742417862,24339.922323166724,2305,2026-01-15 10:58:22 IST,445,TradingView (REAL-TIME),396,2s
NIFTY,23469.406984229834,23475.747703794474,23466.854454058128,23470.651470823646,2751,2026-01-15 10:58:24 IST,407,TradingView (REAL-TIME),397,2s
BANKNIFTY,24339.922323166724,24398.424523363305,24336.98361784606,24392.772493955108,7689,2026-01-15 10:58:24 IST,373,TradingView (REAL-TIME),398,2s
NIFTY,23470.651470823646,23491.442986035658,23463.532766809556,23487.611342310614,4993,2026-01-15 10:58:26 IST,384,TradingView (REAL-TIME),399,2s
BANKNIFTY,24392.772493955108,24399.62316469007,24341.7060812545,24344.372014686618,3970,2026-01-15 10:58:26 IST,365,TradingView (REAL-TIME),400,2s
NIFTY,23487.611342310614,23489.05661938631,23453.39312021794,23463.261241558226,7646,2026-01-15 10:58:28 IST,161,TradingView (REAL-TIME),401,2s
BANKNIFTY,24344.372014686618,24406.011590616894,24343.017222966653,24403.32134849385,7763,2026-01-15 10:58:28 IST,99,TradingView (REAL-TIME),402,2s
NIFTY,23463.261241558226,23470.377310032593,23455.445093379578,23463.42615911274,4741,2026-01-15 10:58:30 IST,430,TradingView (REAL-TIME),403,2s
BANKNIFTY,24403.32134849385,24427.62208883331,24400.252084892272,24427.123879454983,4790,2026-01-15 10:58:30 IST,250,TradingView (REAL-TIME),404,2s
NIFTY,23463.42615911274,23472.49326100525,23410.938010301037,23420.800689993397,6451,2026-01-15 10:58:32 IST,129,TradingView (REAL-TIME),405,2s
BANKNIFTY,24427.123879454983,24435.301912195704,24353.75231578567,24360.47188350644,9320,2026-01-15 10:58:32 IST,371,TradingView (REAL-TIME),406,2s
NIFTY,23420.800689993397,23424.245478689805,23395.684617551247,23396.866962336982,7076,2026-01-15 10:58:34 IST,473,TradingView (REAL-TIME),407,2s
BANKNIFTY,24360.47188350644,24410.101808618074,24357.148882013626,24404.074535402986,9283,2026-01-15 10:58:34 IST,371,TradingView (REAL-TIME),408,2s
NIFTY,23396.866962336982,23414.193862995235,23389.378421932244,23406.522248505757,2724,2026-01-15 10:58:37 IST,422,TradingView (REAL-TIME),409,2s
BANKNIFTY,24404.074535402986,24457.270986127332,24394.36048818556,24447.670932909234,1281,2026-01-15 10:58:37 IST,477,TradingView (REAL-TIME),410,2s
NIFTY,23406.522248505757,23479.833175418706,23402.696316126898,23470.52704876205,6005,2026-01-15 10:58:39 IST,101,TradingView (REAL-TIME),411,2s
BANKNIFTY,24447.670932909234,24451.05832771113,24385.335352868562,24388.29573263897,4442,2026-01-15 10:58:39 IST,336,TradingView (REAL-TIME),412,2s
NIFTY,23470.52704876205,23471.8541434414,23453.124375762232,23460.052004160632,5375,2026-01-15 10:58:41 IST,12,TradingView (REAL-TIME),413,2s
BANKNIFTY,24388.29573263897,24392.81540698301,24361.50246737338,24363.09052056551,1440,2026-01-15 10:58:42 IST,404,TradingView (REAL-TIME),414,2s
NIFTY,23460.052004160632,23461.147593846687,23446.89551296202,23447.249612216314,8236,2026-01-15 10:58:44 IST,34,TradingView (REAL-TIME),415,2s
BANKNIFTY,24363.09052056551,24427.357220009748,24357.53474708334,24418.83965871625,5108,2026-01-15 10:58:44 IST,240,TradingView (REAL-TIME),416,2s
NIFTY,23447.249612216314,23457.118553770608,23442.844482911165,23450.849342139874,4097,2026-01-15 10:58:46 IST,404,TradingView (REAL-TIME),417,2s
BANKNIFTY,24418.83965871625,24428.24760907163,24403.328099306473,24405.867072231766,2412,2026-01-15 10:58:46 IST,238,TradingView (REAL-TIME),418,2s
NIFTY,23450.849342139874,23482.431009724976,23446.41022335614,23481.550270420455,3634,2026-01-15 10:58:48 IST,291,TradingView (REAL-TIME),419,2s
BANKNIFTY,24405.867072231766,24414.814866112636,24335.79697707131,24345.744581722716,6565,2026-01-15 10:58:48 IST,370,TradingView (REAL-TIME),420,2s
NIFTY,23481.550270420455,23520.839481855655,23471.71322389098,23520.243241077256,7147,2026-01-15 10:58:50 IST,182,TradingView (REAL-TIME),421,2s
BANKNIFTY,24345.744581722716,24406.174222435486,24342.418719836962,24396.877464728936,2923,2026-01-15 10:58:50 IST,391,TradingView (REAL-TIME),422,2s
NIFTY,23520.243241077256,23574.707516667546,23510.859616880858,23571.24256655453,6212,2026-01-15 10:58:52 IST,144,TradingView (REAL-TIME),423,2s
BANKNIFTY,24396.877464728936,24402.47743227711,24358.823292160432,24363.99058518899,4220,2026-01-15 10:58:52 IST,430,TradingView (REAL-TIME),424,2s
NIFTY,23571.24256655453,23576.32146658783,23515.452605980623,23522.58434462008,8942,2026-01-15 10:58:54 IST,286,TradingView (REAL-TIME),425,2s
BANKNIFTY,24363.99058518899,24369.466307738094,24319.08302689508,24321.341554348255,9263,2026-01-15 10:58:54 IST,397,TradingView (REAL-TIME),426,2s
NIFTY,23522.58434462008,23565.053855909908,23513.42946356015,23562.452504383542,6981,2026-01-15 10:58:56 IST,463,TradingView (REAL-TIME),427,2s
BANKNIFTY,24321.341554348255,24397.487270605565,24312.29633945556,24389.68348321116,9807,2026-01-15 10:58:56 IST,311,TradingView (REAL-TIME),428,2s
NIFTY,23562.452504383542,23568.061455446306,23550.740005151714,23560.232830059365,5291,2026-01-15 10:58:58 IST,166,TradingView (REAL-TIME),429,2s
BANKNIFTY,24389.68348321116,24396.20794206593,24369.40751836493,24371.09423357246,6393,2026-01-15 10:58:58 IST,497,TradingView (REAL-TIME),430,2s
NIFTY,23560.232830059365,23562.706111275795,23489.33912329543,23496.377838311415,2986,2026-01-15 10:59:00 IST,183,TradingView (REAL-TIME),431,2s
BANKNIFTY,24371.09423357246,24411.38159852455,24362.925545055663,24406.855923085794,7250,2026-01-15 10:59:00 IST,96,TradingView (REAL-TIME),432,2s
NIFTY,23496.377838311415,23505.714852247667,23489.5555069192,23504.247855790087,4824,2026-01-15 10:59:02 IST,239,TradingView (REAL-TIME),433,2s
BANKNIFTY,24406.855923085794,24459.069856734634,24406.202854990555,24451.310479226297,2758,2026-01-15 10:59:02 IST,494,TradingView (REAL-TIME),434,2s
NIFTY,23504.247855790087,23542.298052132373,23501.866975529152,23535.467233290663,8647,2026-01-15 10:59:04 IST,451,TradingView (REAL-TIME),435,2s
BANKNIFTY,24451.310479226297,24524.908352863964,24443.331154211748,24517.330538651095,8364,2026-01-15 10:59:04 IST,75,TradingView (REAL-TIME),436,2s
NIFTY,23535.467233290663,23565.227862144497,23530.002392621507,23556.67751110181,6361,2026-01-15 10:59:06 IST,126,TradingView (REAL-TIME),437,2s
BANKNIFTY,24517.330538651095,24574.785571665456,24513.283157921895,24565.918595339004,8205,2026-01-15 10:59:06 IST,413,TradingView (REAL-TIME),438,2s
NIFTY,23556.67751110181,23560.51304471089,23546.014872100088,23553.61095687297,4223,2026-01-15 10:59:08 IST,133,TradingView (REAL-TIME),439,2s
BANKNIFTY,24565.918595339004,24603.54378970585,24560.256538994745,24599.544466038496,8645,2026-01-15 10:59:08 IST,17,TradingView (REAL-TIME),440,2s
NIFTY,23553.61095687297,23629.53198787617,23549.460434114935,23623.092892039862,9187,2026-01-15 10:59:11 IST,63,TradingView (REAL-TIME),441,2s
BANKNIFTY,24599.544466038496,24626.62269833759,24591.115915520553,24618.368644494454,2545,2026-01-15 10:59:11 IST,332,TradingView (REAL-TIME),442,2s
NIFTY,23623.092892039862,23632.776732850438,23592.15829579491,23595.895765464935,5710,2026-01-15 10:59:13 IST,195,TradingView (REAL-TIME),443,2s
BANKNIFTY,24618.368644494454,24618.72653581395,24602.619820348755,24612.35685495173,4886,2026-01-15 10:59:13 IST,80,TradingView (REAL-TIME),444,2s
NIFTY,23595.895765464935,23626.005952033862,23590.150643288427,23622.455189428234,3492,2026-01-15 10:59:15 IST,128,TradingView (REAL-TIME),445,2s
BANKNIFTY,24612.35685495173,24678.35279677931,24607.866768076736,24670.93444219239,4301,2026-01-15 10:59:15 IST,314,TradingView (REAL-TIME),446,2s
NIFTY,23622.455189428234,23628.1022837993,23585.98662789723,23588.316723349388,2388,2026-01-15 10:59:17 IST,292,TradingView (REAL-TIME),447,2s
BANKNIFTY,24670.93444219239,24705.625185245834,24668.771398279066,24695.735714321483,1840,2026-01-15 10:59:17 IST,334,TradingView (REAL-TIME),448,2s
NIFTY,23588.316723349388,23645.959831156295,23581.472293125742,23644.492316761123,3490,2026-01-15 10:59:19 IST,165,TradingView (REAL-TIME),449,2s
BANKNIFTY,24695.735714321483,24769.022985536965,24685.83525541406,24762.031769852627,2516,2026-01-15 10:59:19 IST,470,TradingView (REAL-TIME),450,2s
NIFTY,23644.492316761123,23647.699582246223,23630.121649210017,23639.671534074252,6244,2026-01-15 10:59:21 IST,475,TradingView (REAL-TIME),451,2s
BANKNIFTY,24762.031769852627,24773.808020397533,24752.391104105493,24770.691125422713,6241,2026-01-15 10:59:21 IST,119,TradingView (REAL-TIME),452,2s
NIFTY,23639.671534074252,23646.088553735124,23632.409924934902,23634.74647797107,2607,2026-01-15 10:59:23 IST,400,TradingView (REAL-TIME),453,2s
BANKNIFTY,24770.691125422713,24832.37096968084,24765.001383441497,24823.253895068396,6028,2026-01-15 10:59:23 IST,400,TradingView (REAL-TIME),454,2s
NIFTY,23634.74647797107,23636.59367706358,23601.020226106637,23602.436159525267,3569,2026-01-15 10:59:25 IST,42,TradingView (REAL-TIME),455,2s
BANKNIFTY,24823.253895068396,24866.200962163104,24819.82334316862,24859.80762095828,1006,2026-01-15 10:59:25 IST,356,TradingView (REAL-TIME),456,2s
NIFTY,23602.436159525267,23607.841989663964,23573.608514023155,23578.56587150725,4920,2026-01-15 10:59:27 IST,500,TradingView (REAL-TIME),457,2s
BANKNIFTY,24859.80762095828,24884.45061664946,24858.005104382308,24877.55219467231,8734,2026-01-15 10:59:27 IST,211,TradingView (REAL-TIME),458,2s
NIFTY,23578.56587150725,23587.35722705493,23561.78206360217,23564.310680134167,2457,2026-01-15 10:59:29 IST,310,TradingView (REAL-TIME),459,2s
BANKNIFTY,24877.55219467231,24884.088377640874,24869.714512133134,24876.419666781345,3504,2026-01-15 10:59:29 IST,268,TradingView (REAL-TIME),460,2s
NIFTY,23564.310680134167,23565.155056584852,23500.71033886087,23510.02206318314,4035,2026-01-15 10:59:31 IST,114,TradingView (REAL-TIME),461,2s
BANKNIFTY,24876.419666781345,24923.520262628947,24867.286406315772,24921.937706722514,7536,2026-01-15 10:59:31 IST,464,TradingView (REAL-TIME),462,2s
NIFTY,23510.02206318314,23547.32632306707,23506.598375093457,23542.887672713186,7076,2026-01-15 10:59:33 IST,492,TradingView (REAL-TIME),463,2s
BANKNIFTY,24921.937706722514,24972.34330254278,24913.96935605886,24966.846692447103,9820,2026-01-15 10:59:33 IST,374,TradingView (REAL-TIME),464,2s
NIFTY,23542.887672713186,23569.766890331157,23537.62890787016,23567.595113309664,3866,2026-01-15 10:59:35 IST,388,TradingView (REAL-TIME),465,2s
BANKNIFTY,24966.846692447103,25021.48952607343,24965.114533309858,25014.509604418214,8065,2026-01-15 10:59:35 IST,149,TradingView (REAL-TIME),466,2s
NIFTY,23567.595113309664,23571.790103642255,23557.885069174838,23558.82306505108,4352,2026-01-15 10:59:37 IST,49,TradingView (REAL-TIME),467,2s
BANKNIFTY,25014.509604418214,25053.1367939402,25007.977567850976,25052.38341058908,1537,2026-01-15 10:59:38 IST,179,TradingView (REAL-TIME),468,2s
NIFTY,23558.82306505108,23564.196517333326,23546.29082170891,23549.002567279276,6076,2026-01-15 10:59:40 IST,479,TradingView (REAL-TIME),469,2s
BANKNIFTY,25052.38341058908,25109.504405613072,25049.049148705846,25100.727184285814,1629,2026-01-15 10:59:40 IST,314,TradingView (REAL-TIME),470,2s
NIFTY,23549.002567279276,23554.57534480393,23539.39755126684,23547.79213203678,8891,2026-01-15 10:59:42 IST,249,TradingView (REAL-TIME),471,2s
BANKNIFTY,25100.727184285814,25100.810763813613,25070.111369306924,25073.38135507282,2572,2026-01-15 10:59:42 IST,102,TradingView (REAL-TIME),472,2s
NIFTY,23547.79213203678,23552.105695832728,23524.028174974592,23533.536585494217,2261,2026-01-15 10:59:44 IST,106,TradingView (REAL-TIME),473,2s
BANKNIFTY,25073.38135507282,25123.70839470734,25063.738448867705,25115.880918673065,6049,2026-01-15 10:59:44 IST,352,TradingView (REAL-TIME),474,2s
NIFTY,23533.536585494217,23555.36239979596,23523.85296839986,23547.575821384184,2844,2026-01-15 10:59:46 IST,29,TradingView (REAL-TIME),475,2s
BANKNIFTY,25115.880918673065,25117.566493996022,25097.766122477868,25104.36671473162,8184,2026-01-15 10:59:46 IST,198,TradingView (REAL-TIME),476,2s
NIFTY,23547.575821384184,23550.206400256193,23532.255350653184,23540.131706319313,8722,2026-01-15 10:59:48 IST,281,TradingView (REAL-TIME),477,2s
BANKNIFTY,25104.36671473162,25105.496726438072,25054.199859013395,25059.313453043495,3354,2026-01-15 10:59:48 IST,72,TradingView (REAL-TIME),478,2s
NIFTY,23540.131706319313,23542.98230200121,23528.07490259951,23532.985104166124,5145,2026-01-15 10:59:50 IST,441,TradingView (REAL-TIME),479,2s
BANKNIFTY,25059.313453043495,25131.915911537148,25049.586163472846,25128.4885942684,6602,2026-01-15 10:59:50 IST,379,TradingView (REAL-TIME),480,2s
NIFTY,23532.985104166124,23590.427552011137,23530.986899796528,23587.91914929742,9919,2026-01-15 10:59:52 IST,108,TradingView (REAL-TIME),481,2s
BANKNIFTY,25128.4885942684,25174.780612049322,25120.163140989356,25172.658585949626,5866,2026-01-15 10:59:52 IST,380,TradingView (REAL-TIME),482,2s
NIFTY,23587.91914929742,23590.750564832648,23568.2965956104,23573.621554445355,7992,2026-01-15 10:59:54 IST,368,TradingView (REAL-TIME),483,2s
BANKNIFTY,25172.658585949626,25177.500705932565,25101.08989071598,25104.501983500002,7475,2026-01-15 10:59:54 IST,142,TradingView (REAL-TIME),484,2s
NIFTY,23573.621554445355,23634.922147001093,23564.332353293797,23627.22048264889,7899,2026-01-15 10:59:56 IST,194,TradingView (REAL-TIME),485,2s
BANKNIFTY,25104.501983500002,25170.726514672784,25100.05952346869,25161.870154629076,9864,2026-01-15 10:59:56 IST,455,TradingView (REAL-TIME),486,2s
NIFTY,23627.22048264889,23631.96300318603,23608.900734153496,23609.684906314964,7682,2026-01-15 10:59:58 IST,165,TradingView (REAL-TIME),487,2s
BANKNIFTY,25161.870154629076,25165.12632166247,25137.19718039879,25141.38060901285,3404,2026-01-15 10:59:58 IST,310,TradingView (REAL-TIME),488,2s
NIFTY,23609.684906314964,23657.627681921073,23603.57631491888,23655.83165677348,2482,2026-01-15 11:00:00 IST,108,TradingView (REAL-TIME),489,2s
BANKNIFTY,25141.38060901285,25198.31182945363,25133.898021576464,25188.989040145563,1218,2026-01-15 11:00:00 IST,67,TradingView (REAL-TIME),490,2s
NIFTY,23655.83165677348,23664.52972548502,23614.924554627964,23617.23119389831,6862,2026-01-15 11:00:02 IST,115,TradingView (REAL-TIME),491,2s
BANKNIFTY,25188.989040145563,25197.049411070457,25185.55776165092,25191.85325000171,7731,2026-01-15 11:00:02 IST,253,TradingView (REAL-TIME),492,2s
NIFTY,23617.23119389831,23622.725960905573,23610.57040272045,23615.14476387549,6428,2026-01-15 11:00:04 IST,244,TradingView (REAL-TIME),493,2s
BANKNIFTY,25191.85325000171,25214.232134039532,25189.79175333471,25211.276687384183,2878,2026-01-15 11:00:04 IST,341,TradingView (REAL-TIME),494,2s
NIFTY,23615.14476387549,23623.759897153705,23612.261635760762,23615.310551745602,1371,2026-01-15 11:00:06 IST,84,TradingView (REAL-TIME),495,2s
BANKNIFTY,25211.276687384183,25258.68055752474,25203.591728679734,25252.725289842976,6456,2026-01-15 11:00:06 IST,100,TradingView (REAL-TIME),496,2s
NIFTY,23615.310551745602,23623.051512873695,23607.040681511382,23613.295510461714,2455,2026-01-15 11:00:08 IST,447,TradingView (REAL-TIME),497,2s
BANKNIFTY,25252.725289842976,25282.850146614473,25249.639495405478,25274.537764474313,4978,2026-01-15 11:00:08 IST,475,TradingView (REAL-TIME),498,2s
NIFTY,23613.295510461714,23623.568932304504,23609.232704701804,23619.04789676104,7645,2026-01-15 11:00:10 IST,227,TradingView (REAL-TIME),499,2s
BANKNIFTY,25274.537764474313,25345.44164852632,25269.263654855848,25345.024685418637,4591,2026-01-15 11:00:10 IST,113,TradingView (REAL-TIME),500,2s
NIFTY,23619.04789676104,23660.348511815955,23617.723534845667,23654.00998905439,4808,2026-01-15 11:00:12 IST,231,TradingView (REAL-TIME),501,2s
BANKNIFTY,25345.024685418637,25381.653339938246,25343.120847984825,25378.70041810175,9079,2026-01-15 11:00:12 IST,448,TradingView (REAL-TIME),502,2s
NIFTY,23654.00998905439,23722.266650716327,23653.387678150124,23721.204795293328,1029,2026-01-15 11:00:14 IST,222,TradingView (REAL-TIME),503,2s
BANKNIFTY,25378.70041810175,25427.324580860863,25376.85792939895,25426.551520878278,5577,2026-01-15 11:00:14 IST,412,TradingView (REAL-TIME),504,2s
NIFTY,23721.204795293328,23729.84262664063,23686.437414566943,23694.733717380426,4376,2026-01-15 11:00:16 IST,459,TradingView (REAL-TIME),505,2s
BANKNIFTY,25426.551520878278,25465.459645943865,25418.255263777653,25463.734795758974,4178,2026-01-15 11:00:17 IST,169,TradingView (REAL-TIME),506,2s
NIFTY,23694.733717380426,23704.519818652192,23626.703074566016,23628.216518691865,6974,2026-01-15 11:00:19 IST,431,TradingView (REAL-TIME),507,2s
BANKNIFTY,25463.734795758974,25537.528807347117,25453.86676890891,25534.154943357917,2512,2026-01-15 11:00:19 IST,89,TradingView (REAL-TIME),508,2s
NIFTY,23628.216518691865,23639.405377245894,23625.79047556997,23630.764273010263,8535,2026-01-15 11:00:21 IST,90,TradingView (REAL-TIME),509,2s
BANKNIFTY,25534.154943357917,25579.710738065423,25532.06704245219,25570.45923711467,6122,2026-01-15 11:00:21 IST,81,TradingView (REAL-TIME),510,2s
NIFTY,23630.764273010263,23702.04782438295,23630.545566419427,23700.38095454147,6269,2026-01-15 11:00:23 IST,363,TradingView (REAL-TIME),511,2s
BANKNIFTY,25570.45923711467,25579.545147899014,25560.062887303087,25563.166021552886,2949,2026-01-15 11:00:23 IST,410,TradingView (REAL-TIME),512,2s
NIFTY,23700.38095454147,23703.366146776887,23634.22939969951,23642.357979471293,6884,2026-01-15 11:00:25 IST,147,TradingView (REAL-TIME),513,2s
BANKNIFTY,25563.166021552886,25568.68006798084,25550.31322543855,25558.78849046593,5859,2026-01-15 11:00:25 IST,247,TradingView (REAL-TIME),514,2s
NIFTY,23642.357979471293,23644.949614340596,23622.18632649274,23625.091871360237,2597,2026-01-15 11:00:27 IST,473,TradingView (REAL-TIME),515,2s
BANKNIFTY,25558.78849046593,25615.417959711474,25549.246404827743,25615.30328148306,6977,2026-01-15 11:00:27 IST,184,TradingView (REAL-TIME),516,2s
NIFTY,23625.091871360237,23633.52775099604,23620.912687784414,23627.239286701264,2530,2026-01-15 11:00:29 IST,393,TradingView (REAL-TIME),517,2s
BANKNIFTY,25615.30328148306,25621.55008777265,25537.25144357459,25546.941508672833,1830,2026-01-15 11:00:29 IST,229,TradingView (REAL-TIME),518,2s
NIFTY,23627.239286701264,23631.365523734585,23611.92495950782,23617.594410157104,2086,2026-01-15 11:00:31 IST,413,TradingView (REAL-TIME),519,2s
BANKNIFTY,25546.941508672833,25583.476545854777,25540.74006749907,25575.00418079319,6446,2026-01-15 11:00:31 IST,309,TradingView (REAL-TIME),520,2s
NIFTY,23617.594410157104,23619.627360472492,23588.500611651914,23589.398925802234,1504,2026-01-15 11:00:33 IST,428,TradingView (REAL-TIME),521,2s
BANKNIFTY,25575.00418079319,25576.74096776138,25558.199045984016,25564.191254712965,9017,2026-01-15 11:00:33 IST,312,TradingView (REAL-TIME),522,2s
NIFTY,23589.398925802234,23598.052413939746,23513.35621510996,23520.34775992324,8954,2026-01-15 11:00:35 IST,322,TradingView (REAL-TIME),523,2s
BANKNIFTY,25564.191254712965,25604.59804356128,25558.48571907115,25599.311183240887,8952,2026-01-15 11:00:35 IST,174,TradingView (REAL-TIME),524,2s
NIFTY,23520.34775992324,23565.8105257556,23511.5082704656,23565.566488121956,6343,2026-01-15 11:00:37 IST,63,TradingView (REAL-TIME),525,2s
BANKNIFTY,25599.311183240887,25608.548922475315,25539.938544719218,25547.20703542223,2845,2026-01-15 11:00:37 IST,186,TradingView (REAL-TIME),526,2s
NIFTY,23565.566488121956,23619.35632158196,23557.457985502257,23613.232388964996,8266,2026-01-15 11:00:39 IST,85,TradingView (REAL-TIME),527,2s
BANKNIFTY,25547.20703542223,25561.670308361,25540.087557444876,25552.480165196386,2613,2026-01-15 11:00:40 IST,211,TradingView (REAL-TIME),528,2s
NIFTY,23613.232388964996,23619.428703264344,23591.547246677575,23592.510542038206,7651,2026-01-15 11:00:42 IST,95,TradingView (REAL-TIME),529,2s
BANKNIFTY,25552.480165196386,25553.1867614696,25537.5959412317,25537.8969211512,7025,2026-01-15 11:00:42 IST,385,TradingView (REAL-TIME),530,2s
NIFTY,23592.510542038206,23592.695401506044,23575.42755617867,23584.94146564584,3694,2026-01-15 11:00:44 IST,458,TradingView (REAL-TIME),531,2s
BANKNIFTY,25537.8969211512,25541.177066911467,25462.888534537706,25471.662043309832,9319,2026-01-15 11:00:44 IST,306,TradingView (REAL-TIME),532,2s
NIFTY,23584.94146564584,23637.685185203256,23581.61939805319,23636.626886551203,2008,2026-01-15 11:00:46 IST,466,TradingView (REAL-TIME),533,2s
BANKNIFTY,25471.662043309832,25552.642554444636,25471.17246740486,25545.39164143492,4399,2026-01-15 11:00:47 IST,93,TradingView (REAL-TIME),534,2s
NIFTY,23636.626886551203,23646.462510901838,23602.195661747333,23602.979150796276,9849,2026-01-15 11:00:49 IST,297,TradingView (REAL-TIME),535,2s
BANKNIFTY,25545.39164143492,25549.668805809644,25511.457983923174,25511.819620453065,7690,2026-01-15 11:00:49 IST,254,TradingView (REAL-TIME),536,2s
NIFTY,23602.979150796276,23609.565857304402,23554.86256441527,23558.932696080912,1219,2026-01-15 11:00:51 IST,441,TradingView (REAL-TIME),537,2s
BANKNIFTY,25511.819620453065,25530.508842659096,25504.401269923957,25524.953592829865,4256,2026-01-15 11:00:51 IST,206,TradingView (REAL-TIME),538,2s
NIFTY,23558.932696080912,23564.80530863774,23527.627207364392,23528.018183052704,7708,2026-01-15 11:00:53 IST,266,TradingView (REAL-TIME),539,2s
BANKNIFTY,25524.953592829865,25581.41944760478,25517.029657628496,25576.59994104875,6139,2026-01-15 11:00:53 IST,471,TradingView (REAL-TIME),540,2s
NIFTY,23528.018183052704,23537.401686063873,23514.098924773563,23523.392885375775,7921,2026-01-15 11:00:55 IST,464,TradingView (REAL-TIME),541,2s
BANKNIFTY,25576.59994104875,25583.678011052878,25530.402814244066,25533.367407577425,5146,2026-01-15 11:00:55 IST,288,TradingView (REAL-TIME),542,2s
NIFTY,23523.392885375775,23523.94167033294,23487.20516401361,23489.662079579623,2509,2026-01-15 11:00:57 IST,252,TradingView (REAL-TIME),543,2s
BANKNIFTY,25533.367407577425,25562.697790212827,25530.59741451094,25562.522652642703,8643,2026-01-15 11:00:57 IST,413,TradingView (REAL-TIME),544,2s
NIFTY,23489.662079579623,23498.091846813106,23420.116779266682,23429.85926364545,9514,2026-01-15 11:00:59 IST,392,TradingView (REAL-TIME),545,2s
BANKNIFTY,25562.522652642703,25615.882948278122,25562.052819540026,25606.895470398413,3955,2026-01-15 11:00:59 IST,152,TradingView (REAL-TIME),546,2s
NIFTY,23429.85926364545,23435.10467873556,23396.183216949667,23404.35684448703,3778,2026-01-15 11:01:01 IST,86,TradingView (REAL-TIME),547,2s
BANKNIFTY,25606.895470398413,25629.49410125232,25598.818867986,25622.922500760105,1047,2026-01-15 11:01:01 IST,469,TradingView (REAL-TIME),548,2s
NIFTY,23404.35684448703,23465.341795957327,23403.21501023611,23456.089486765064,5075,2026-01-15 11:01:03 IST,158,TradingView (REAL-TIME),549,2s
BANKNIFTY,25622.922500760105,25631.491931989185,25605.376282023244,25613.055206362274,9179,2026-01-15 11:01:03 IST,389,TradingView (REAL-TIME),550,2s
NIFTY,23456.089486765064,23466.059962955936,23447.593997738015,23464.717422822345,7546,2026-01-15 11:01:05 IST,46,TradingView (REAL-TIME),551,2s
BANKNIFTY,25613.055206362274,25663.280266072044,25610.5723773064,25659.25494658488,8044,2026-01-15 11:01:05 IST,473,TradingView (REAL-TIME),552,2s
NIFTY,23464.717422822345,23472.35667325925,23408.687762223322,23412.33473945713,3787,2026-01-15 11:01:08 IST,349,TradingView (REAL-TIME),553,2s
BANKNIFTY,25659.25494658488,25668.539704286908,25592.71481105373,25601.040903030796,9582,2026-01-15 11:01:08 IST,378,TradingView (REAL-TIME),554,2s
NIFTY,23412.33473945713,23420.730064100888,23369.065512543162,23373.799260041884,6933,2026-01-15 11:01:10 IST,236,TradingView (REAL-TIME),555,2s
BANKNIFTY,25601.040903030796,25605.3461163725,25569.170558203223,25573.746910319187,1216,2026-01-15 11:01:10 IST,357,TradingView (REAL-TIME),556,2s
NIFTY,23373.799260041884,23379.044075872367,23342.123342264404,23349.494900101734,6827,2026-01-15 11:01:12 IST,94,TradingView (REAL-TIME),557,2s
BANKNIFTY,25573.746910319187,25645.385221456934,25573.24603158282,25643.546703572636,9496,2026-01-15 11:01:12 IST,31,TradingView (REAL-TIME),558,2s
NIFTY,23349.494900101734,23415.423379024985,23345.96400285275,23409.86029321726,2582,2026-01-15 11:01:14 IST,190,TradingView (REAL-TIME),559,2s
BANKNIFTY,25643.546703572636,25647.138566252765,25584.459051860777,25590.01730029406,3638,2026-01-15 11:01:14 IST,243,TradingView (REAL-TIME),560,2s
NIFTY,23409.86029321726,23413.447417195835,23349.52282478304,23355.57629854905,9505,2026-01-15 11:01:16 IST,159,TradingView (REAL-TIME),561,2s
BANKNIFTY,25590.01730029406,25633.571755977806,25585.872996798375,25627.39232005438,5899,2026-01-15 11:01:16 IST,494,TradingView (REAL-TIME),562,2s
NIFTY,23355.57629854905,23359.7360940703,23296.773328595744,23305.481936731147,9371,2026-01-15 11:01:18 IST,254,TradingView (REAL-TIME),563,2s
BANKNIFTY,25627.39232005438,25629.130331996967,25588.872987215425,25596.390291727654,8547,2026-01-15 11:01:18 IST,337,TradingView (REAL-TIME),564,2s
NIFTY,23305.481936731147,23345.392515099447,23298.941260511456,23339.94145372737,7238,2026-01-15 11:01:20 IST,261,TradingView (REAL-TIME),565,2s
BANKNIFTY,25596.390291727654,25603.839417958887,25547.23612404423,25547.75956444943,1777,2026-01-15 11:01:20 IST,364,TradingView (REAL-TIME),566,2s
NIFTY,23339.94145372737,23348.284663578288,23339.265167180598,23342.060652622662,2258,2026-01-15 11:01:22 IST,131,TradingView (REAL-TIME),567,2s
BANKNIFTY,25547.75956444943,25560.92124034116,25540.64059593282,25557.70395758334,5073,2026-01-15 11:01:22 IST,449,TradingView (REAL-TIME),568,2s
NIFTY,23342.060652622662,23344.20948585943,23319.124572794368,23327.701991269056,6804,2026-01-15 11:01:24 IST,422,TradingView (REAL-TIME),569,2s
BANKNIFTY,25557.70395758334,25630.062801564127,25549.60670708448,25628.382306578584,9591,2026-01-15 11:01:24 IST,456,TradingView (REAL-TIME),570,2s
NIFTY,23327.701991269056,23369.00599817671,23321.309245974233,23365.62787818053,6168,2026-01-15 11:01:26 IST,222,TradingView (REAL-TIME),571,2s
BANKNIFTY,25628.382306578584,25632.580329280085,25626.808505505374,25629.740205448335,1242,2026-01-15 11:01:26 IST,270,TradingView (REAL-TIME),572,2s
NIFTY,23365.62787818053,23410.731422024186,23359.638700833337,23402.175893898162,7530,2026-01-15 11:01:28 IST,331,TradingView (REAL-TIME),573,2s
BANKNIFTY,25629.740205448335,25632.145538216322,25598.993896048058,25604.381722313206,5203,2026-01-15 11:01:28 IST,269,TradingView (REAL-TIME),574,2s
NIFTY,23402.175893898162,23411.041150329558,23353.4615866914,23355.568974013808,2829,2026-01-15 11:01:30 IST,256,TradingView (REAL-TIME),575,2s
BANKNIFTY,25604.381722313206,25680.439454704916,25598.821205536227,25677.802795423424,8296,2026-01-15 11:01:30 IST,91,TradingView (REAL-TIME),576,2s
NIFTY,23355.568974013808,23408.297328701392,23346.04786288332,23401.169036230276,2583,2026-01-15 11:01:32 IST,414,TradingView (REAL-TIME),577,2s
BANKNIFTY,25677.802795423424,25689.132461847552,25676.636829395575,25682.50331302901,1897,2026-01-15 11:01:32 IST,208,TradingView (REAL-TIME),578,2s
NIFTY,23401.169036230276,23406.72974450105,23398.227194733823,23405.813104908546,5432,2026-01-15 11:01:35 IST,166,TradingView (REAL-TIME),579,2s
BANKNIFTY,25682.50331302901,25750.06047373884,25674.365523517627,25741.433256637745,9860,2026-01-15 11:01:35 IST,95,TradingView (REAL-TIME),580,2s
NIFTY,23405.813104908546,23410.398786984526,23371.077619530784,23377.647299410863,3385,2026-01-15 11:01:37 IST,353,TradingView (REAL-TIME),581,2s
BANKNIFTY,25741.433256637745,25750.198333304237,25730.90087637275,25740.241188866865,8078,2026-01-15 11:01:37 IST,313,TradingView (REAL-TIME),582,2s
NIFTY,23377.647299410863,23382.105309431317,23357.459228191517,23359.67204963012,5833,2026-01-15 11:01:39 IST,392,TradingView (REAL-TIME),583,2s
BANKNIFTY,25740.241188866865,25802.619006792636,25736.835314478976,25792.89852128373,6565,2026-01-15 11:01:39 IST,205,TradingView (REAL-TIME),584,2s
NIFTY,23359.67204963012,23363.36364127814,23313.802805476964,23318.5062056398,9549,2026-01-15 11:01:41 IST,68,TradingView (REAL-TIME),585,2s
BANKNIFTY,25792.89852128373,25801.985515063072,25727.450639380935,25729.88582155679,3950,2026-01-15 11:01:41 IST,461,TradingView (REAL-TIME),586,2s
NIFTY,23318.5062056398,23322.048613985564,23274.175606677727,23281.62314470071,5791,2026-01-15 11:01:43 IST,258,TradingView (REAL-TIME),587,2s
BANKNIFTY,25729.88582155679,25769.559809977443,25728.548145384615,25764.703387661648,9809,2026-01-15 11:01:43 IST,416,TradingView (REAL-TIME),588,2s
NIFTY,23281.62314470071,23354.90170406104,23277.170715305805,23347.955755502073,8890,2026-01-15 11:01:45 IST,141,TradingView (REAL-TIME),589,2s
BANKNIFTY,25764.703387661648,25765.403107486425,25701.907858499326,25707.862202028842,6994,2026-01-15 11:01:45 IST,492,TradingView (REAL-TIME),590,2s
NIFTY,23347.955755502073,23357.76550301962,23277.62559927683,23278.527882942075,2931,2026-01-15 11:01:47 IST,495,TradingView (REAL-TIME),591,2s
BANKNIFTY,25707.862202028842,25709.339056706453,25634.007470712382,25643.16069176937,9521,2026-01-15 11:01:47 IST,240,TradingView (REAL-TIME),592,2s
NIFTY,23278.527882942075,23297.095794274683,23275.006702729996,23293.0810886755,4683,2026-01-15 11:01:49 IST,12,TradingView (REAL-TIME),593,2s
BANKNIFTY,25643.16069176937,25701.415133269722,25641.039581897607,25696.405336374686,2908,2026-01-15 11:01:49 IST,256,TradingView (REAL-TIME),594,2s
NIFTY,23293.0810886755,23303.035163585337,23255.06559738495,23262.182457801024,4144,2026-01-15 11:01:51 IST,203,TradingView (REAL-TIME),595,2s
BANKNIFTY,25696.405336374686,25734.668393961576,25695.31031795451,25731.670190455072,2463,2026-01-15 11:01:51 IST,41,TradingView (REAL-TIME),596,2s
NIFTY,23262.182457801024,23313.91654166971,23252.942167909147,23310.585993329678,3641,2026-01-15 11:01:53 IST,335,TradingView (REAL-TIME),597,2s
BANKNIFTY,25731.670190455072,25752.952718546734,25730.530022753588,25749.376856692954,1731,2026-01-15 11:01:53 IST,135,TradingView (REAL-TIME),598,2s
NIFTY,23310.585993329678,23311.126649748694,23268.949208867834,23268.987214613033,2938,2026-01-15 11:01:55 IST,480,TradingView (REAL-TIME),599,2s
BANKNIFTY,25749.376856692954,25792.653135816156,25744.680213734846,25791.281070783425,3706,2026-01-15 11:01:55 IST,341,TradingView (REAL-TIME),600,2s
NIFTY,23268.987214613033,23322.821243552386,23266.734878790332,23321.676233788265,3731,2026-01-15 11:01:57 IST,208,TradingView (REAL-TIME),601,2s
BANKNIFTY,25791.281070783425,25862.867351619017,25782.390886152654,25860.14375830661,4620,2026-01-15 11:01:57 IST,99,TradingView (REAL-TIME),602,2s
NIFTY,23321.676233788265,23322.225862546224,23272.198993966744,23273.29317254052,3994,2026-01-15 11:01:59 IST,293,TradingView (REAL-TIME),603,2s
BANKNIFTY,25860.14375830661,25864.33297768957,25798.529345899133,25803.568814361137,7372,2026-01-15 11:01:59 IST,447,TradingView (REAL-TIME),604,2s
NIFTY,23273.29317254052,23288.411939042362,23268.899017047494,23278.830797180206,7456,2026-01-15 11:02:01 IST,25,TradingView (REAL-TIME),605,2s
BANKNIFTY,25803.568814361137,25851.74289538079,25802.266179089333,25844.11602905387,2989,2026-01-15 11:02:01 IST,281,TradingView (REAL-TIME),606,2s
NIFTY,23278.830797180206,23285.189784820108,23269.725328129214,23272.054327003454,5490,2026-01-15 11:02:03 IST,205,TradingView (REAL-TIME),607,2s
BANKNIFTY,25844.11602905387,25877.829832153,25839.725912972157,25869.366517407783,7031,2026-01-15 11:02:03 IST,477,TradingView (REAL-TIME),608,2s
NIFTY,23272.054327003454,23277.156700096228,23246.93359674077,23255.698540610643,5741,2026-01-15 11:02:05 IST,159,TradingView (REAL-TIME),609,2s
BANKNIFTY,25869.366517407783,25920.121557292314,25860.27158394043,25916.33590108758,4896,2026-01-15 11:02:05 IST,270,TradingView (REAL-TIME),610,2s
NIFTY,23255.698540610643,23292.68613663202,23248.566382452398,23290.319843639212,8116,2026-01-15 11:02:08 IST,329,TradingView (REAL-TIME),611,2s
BANKNIFTY,25916.33590108758,25926.19105252945,25840.633675362726,25848.95072006161,9105,2026-01-15 11:02:08 IST,280,TradingView (REAL-TIME),612,2s
NIFTY,23290.319843639212,23298.834184580013,23211.4307303869,23220.960113130393,9876,2026-01-15 11:02:10 IST,281,TradingView (REAL-TIME),613,2s
BANKNIFTY,25848.95072006161,25904.624912052022,25846.322036843012,25901.03875510412,2018,2026-01-15 11:02:10 IST,254,TradingView (REAL-TIME),614,2s
NIFTY,23220.960113130393,23292.18456056396,23213.692025129327,23284.673641678124,3359,2026-01-15 11:02:12 IST,43,TradingView (REAL-TIME),615,2s
BANKNIFTY,25901.03875510412,25913.77756007182,25895.180130533357,25910.937200388234,6737,2026-01-15 11:02:12 IST,375,TradingView (REAL-TIME),616,2s
NIFTY,23284.673641678124,23285.696757482827,23260.698778792215,23265.977378974374,5841,2026-01-15 11:02:14 IST,109,TradingView (REAL-TIME),617,2s
BANKNIFTY,25910.937200388234,25912.13021238475,25884.015464001484,25887.77442641594,5692,2026-01-15 11:02:14 IST,468,TradingView (REAL-TIME),618,2s
NIFTY,23265.977378974374,23266.65677915547,23203.26485437647,23209.048055954085,8093,2026-01-15 11:02:16 IST,220,TradingView (REAL-TIME),619,2s
BANKNIFTY,25887.77442641594,25894.761517351984,25847.898765122427,25852.27213422218,5832,2026-01-15 11:02:16 IST,146,TradingView (REAL-TIME),620,2s
NIFTY,23209.048055954085,23215.589673539827,23145.98538752426,23152.479801599675,4562,2026-01-15 11:02:18 IST,60,TradingView (REAL-TIME),621,2s
BANKNIFTY,25852.27213422218,25921.89189124547,25842.503676510943,25919.47178397,8741,2026-01-15 11:02:18 IST,346,TradingView (REAL-TIME),622,2s
NIFTY,23152.479801599675,23200.02204834784,23144.368910409925,23196.264600888404,1782,2026-01-15 11:02:20 IST,79,TradingView (REAL-TIME),623,2s
BANKNIFTY,25919.47178397,25924.35506208453,25878.51352618624,25881.71907513825,9391,2026-01-15 11:02:20 IST,282,TradingView (REAL-TIME),624,2s
NIFTY,23196.264600888404,23200.528835787532,23142.04714003068,23149.80914060351,2860,2026-01-15 11:02:22 IST,60,TradingView (REAL-TIME),625,2s
BANKNIFTY,25881.71907513825,25889.96685989366,25798.41680130176,25807.39971148112,7674,2026-01-15 11:02:22 IST,65,TradingView (REAL-TIME),626,2s
NIFTY,23149.80914060351,23150.211919660876,23091.605428685536,23096.486072514464,1246,2026-01-15 11:02:24 IST,454,TradingView (REAL-TIME),627,2s
BANKNIFTY,25807.39971148112,25884.419415781038,25799.759464007115,25877.001989899418,8310,2026-01-15 11:02:24 IST,148,TradingView (REAL-TIME),628,2s
NIFTY,23096.486072514464,23126.80140993074,23088.20447429145,23118.163280102945,3280,2026-01-15 11:02:26 IST,292,TradingView (REAL-TIME),629,2s
BANKNIFTY,25877.001989899418,25946.65302388852,25874.869171248396,25945.93855850056,1283,2026-01-15 11:02:26 IST,239,TradingView (REAL-TIME),630,2s
NIFTY,23118.163280102945,23127.215400485937,23063.42607537215,23063.907557270704,6424,2026-01-15 11:02:28 IST,304,TradingView (REAL-TIME),631,2s
BANKNIFTY,25945.93855850056,26009.457329235946,25945.89497007664,26006.704497789844,7768,2026-01-15 11:02:28 IST,195,TradingView (REAL-TIME),632,2s
NIFTY,23063.907557270704,23065.576827966557,23048.806857458214,23052.12327161278,7106,2026-01-15 11:02:30 IST,245,TradingView (REAL-TIME),633,2s
BANKNIFTY,26006.704497789844,26015.157741895637,26000.49901278712,26007.659956745465,9419,2026-01-15 11:02:30 IST,426,TradingView (REAL-TIME),634,2s
NIFTY,23052.12327161278,23074.00486370755,23045.501707994983,23070.34585201774,3031,2026-01-15 11:02:32 IST,216,TradingView (REAL-TIME),635,2s
BANKNIFTY,26007.659956745465,26068.758422941584,26006.866450910915,26063.463174875218,7679,2026-01-15 11:02:33 IST,258,TradingView (REAL-TIME),636,2s
NIFTY,23070.34585201774,23078.305310881227,23002.29724291392,23004.792480660883,7332,2026-01-15 11:02:35 IST,160,TradingView (REAL-TIME),637,2s
BANKNIFTY,26063.463174875218,26065.612787120248,25984.115376678496,25988.826243947053,6207,2026-01-15 11:02:35 IST,102,TradingView (REAL-TIME),638,2s
NIFTY,23004.792480660883,23007.694010733638,23002.162322816926,23006.95007059919,5408,2026-01-15 11:02:37 IST,48,TradingView (REAL-TIME),639,2s
BANKNIFTY,25988.826243947053,26064.65985778311,25984.420168205772,26061.44792093479,8655,2026-01-15 11:02:37 IST,487,TradingView (REAL-TIME),640,2s
NIFTY,23006.95007059919,23010.668809588857,23005.923477260967,23009.87819813951,5442,2026-01-15 11:02:39 IST,295,TradingView (REAL-TIME),641,2s
BANKNIFTY,26061.44792093479,26102.20795641335,26054.936181536967,26099.77495117975,8899,2026-01-15 11:02:39 IST,207,TradingView (REAL-TIME),642,2s
NIFTY,23009.87819813951,23042.26075648532,23003.575656038138,23034.322676720447,4696,2026-01-15 11:02:41 IST,445,TradingView (REAL-TIME),643,2s
BANKNIFTY,26099.77495117975,26181.147842347338,26098.212228326083,26174.253430721736,5644,2026-01-15 11:02:41 IST,216,TradingView (REAL-TIME),644,2s
NIFTY,23034.322676720447,23039.51341670048,22987.71332998141,22988.891076072046,1809,2026-01-15 11:02:43 IST,187,TradingView (REAL-TIME),645,2s
BANKNIFTY,26174.253430721736,26231.04080648375,26173.858018758452,26224.186029712313,1147,2026-01-15 11:02:43 IST,342,TradingView (REAL-TIME),646,2s
NIFTY,22988.891076072046,22990.127478453727,22972.388132518092,22976.668536259545,4561,2026-01-15 11:02:45 IST,149,TradingView (REAL-TIME),647,2s
BANKNIFTY,26224.186029712313,26227.080437616823,26154.85250747675,26155.55975371132,5694,2026-01-15 11:02:45 IST,114,TradingView (REAL-TIME),648,2s
NIFTY,22976.668536259545,22977.156712658445,22919.356656273096,22921.03283771667,4562,2026-01-15 11:02:47 IST,486,TradingView (REAL-TIME),649,2s
BANKNIFTY,26155.55975371132,26163.387770652458,26088.916344937486,26093.510767419728,4796,2026-01-15 11:02:47 IST,326,TradingView (REAL-TIME),650,2s
NIFTY,22921.03283771667,22930.297002745305,22901.370880426683,22906.56217143591,3996,2026-01-15 11:02:49 IST,78,TradingView (REAL-TIME),651,2s
BANKNIFTY,26093.510767419728,26101.924379595523,26045.747263155306,26046.837241098336,9298,2026-01-15 11:02:49 IST,79,TradingView (REAL-TIME),652,2s
NIFTY,22906.56217143591,22908.595784458284,22882.991017484503,22886.967958957193,4529,2026-01-15 11:02:51 IST,45,TradingView (REAL-TIME),653,2s
BANKNIFTY,26046.837241098336,26055.673143272867,25987.483982300237,25994.30695600153,8791,2026-01-15 11:02:52 IST,54,TradingView (REAL-TIME),654,2s
NIFTY,22886.967958957193,22911.19180919789,22884.15021737885,22908.360478757422,3000,2026-01-15 11:02:54 IST,132,TradingView (REAL-TIME),655,2s
BANKNIFTY,25994.30695600153,25996.741494115726,25923.19634137728,25925.634413834818,4265,2026-01-15 11:02:54 IST,316,TradingView (REAL-TIME),656,2s
NIFTY,22908.360478757422,22912.22401894317,22890.66950704468,22892.758872136885,6928,2026-01-15 11:02:56 IST,486,TradingView (REAL-TIME),657,2s
BANKNIFTY,25925.634413834818,25954.4974595905,25923.739614770257,25949.889960316053,6497,2026-01-15 11:02:56 IST,218,TradingView (REAL-TIME),658,2s
NIFTY,22892.758872136885,22893.68143136018,22825.169865628388,22831.141560192187,8063,2026-01-15 11:02:58 IST,234,TradingView (REAL-TIME),659,2s
BANKNIFTY,25949.889960316053,25954.005303415088,25891.480011071162,25898.0322284589,4747,2026-01-15 11:02:58 IST,90,TradingView (REAL-TIME),660,2s
NIFTY,22831.141560192187,22854.328391876596,22830.04982942553,22847.216289111024,5007,2026-01-15 11:03:00 IST,340,TradingView (REAL-TIME),661,2s
BANKNIFTY,25898.0322284589,25899.495874819237,25844.3525349077,25848.486534292522,3098,2026-01-15 11:03:00 IST,214,TradingView (REAL-TIME),662,2s
NIFTY,22847.216289111024,22896.269992033114,22843.740430039423,22895.73576374219,7539,2026-01-15 11:03:02 IST,430,TradingView (REAL-TIME),663,2s
BANKNIFTY,25848.486534292522,25921.113626813494,25843.51087600392,25912.028226831066,6043,2026-01-15 11:03:02 IST,18,TradingView (REAL-TIME),664,2s
NIFTY,22895.73576374219,22898.684735652885,22863.48487134867,22870.48413759808,3022,2026-01-15 11:03:04 IST,383,TradingView (REAL-TIME),665,2s
BANKNIFTY,25912.028226831066,25933.80392271977,25905.386987914462,25930.241590437494,4192,2026-01-15 11:03:04 IST,154,TradingView (REAL-TIME),666,2s
NIFTY,22870.48413759808,22876.741688557267,22866.053934442392,22871.818498733912,9269,2026-01-15 11:03:06 IST,162,TradingView (REAL-TIME),667,2s
BANKNIFTY,25930.241590437494,25967.17030392283,25924.056473538636,25966.740438306868,9448,2026-01-15 11:03:06 IST,207,TradingView (REAL-TIME),668,2s
NIFTY,22871.818498733912,22891.760973439523,22869.595057273757,22886.300478381614,7386,2026-01-15 11:03:08 IST,358,TradingView (REAL-TIME),669,2s
BANKNIFTY,25966.740438306868,25971.034366111053,25957.596331187528,25968.243087050323,4960,2026-01-15 11:03:08 IST,349,TradingView (REAL-TIME),670,2s
NIFTY,22886.300478381614,22921.652299700854,22881.429229808396,22919.60402793596,6788,2026-01-15 11:03:10 IST,272,TradingView (REAL-TIME),671,2s
BANKNIFTY,25968.243087050323,26003.345431087128,25960.076404031777,26000.145540253387,6910,2026-01-15 11:03:10 IST,217,TradingView (REAL-TIME),672,2s
NIFTY,22919.60402793596,22972.183079682713,22915.362830352777,22965.701484488454,1147,2026-01-15 11:03:12 IST,23,TradingView (REAL-TIME),673,2s
BANKNIFTY,26000.145540253387,26000.900898957967,25957.73423327538,25960.484798102272,6031,2026-01-15 11:03:12 IST,140,TradingView (REAL-TIME),674,2s
NIFTY,22965.701484488454,22970.23923085938,22901.2006123398,22904.801863994486,3905,2026-01-15 11:03:14 IST,347,TradingView (REAL-TIME),675,2s
BANKNIFTY,25960.484798102272,25968.821252149373,25938.67374912699,25940.126786128312,6932,2026-01-15 11:03:14 IST,398,TradingView (REAL-TIME),676,2s
NIFTY,22904.801863994486,22904.981774374537,22854.043431456277,22860.966656443106,7252,2026-01-15 11:03:16 IST,305,TradingView (REAL-TIME),677,2s
BANKNIFTY,25940.126786128312,26012.884987490695,25933.204007669483,26010.20836746836,2829,2026-01-15 11:03:16 IST,208,TradingView (REAL-TIME),678,2s
NIFTY,22860.966656443106,22919.157162370986,22860.614123917407,22918.135429629663,7897,2026-01-15 11:03:18 IST,455,TradingView (REAL-TIME),679,2s
BANKNIFTY,26010.20836746836,26036.301178220703,26005.574587957908,26027.28188685252,8610,2026-01-15 11:03:18 IST,46,TradingView (REAL-TIME),680,2s
NIFTY,22918.135429629663,22983.918811243275,22909.42113679706,22979.60819573665,8669,2026-01-15 11:03:20 IST,217,TradingView (REAL-TIME),681,2s
BANKNIFTY,26027.28188685252,26098.74967023216,26026.903469229852,26091.924382740654,3001,2026-01-15 11:03:20 IST,19,TradingView (REAL-TIME),682,2s
NIFTY,22979.60819573665,22987.11181973967,22947.802813882634,22951.380128001267,8298,2026-01-15 11:03:23 IST,263,TradingView (REAL-TIME),683,2s
BANKNIFTY,26091.924382740654,26140.513101267457,26085.39020756281,26134.587914567426,5255,2026-01-15 11:03:23 IST,99,TradingView (REAL-TIME),684,2s
NIFTY,22951.380128001267,22957.753462490502,22919.347557214307,22921.698071043644,3680,2026-01-15 11:03:25 IST,18,TradingView (REAL-TIME),685,2s
BANKNIFTY,26134.587914567426,26193.545999990678,26126.456415645098,26185.44908328127,9329,2026-01-15 11:03:25 IST,75,TradingView (REAL-TIME),686,2s
NIFTY,22921.698071043644,22931.53206067322,22854.012228556363,22854.443955269402,3124,2026-01-15 11:03:27 IST,77,TradingView (REAL-TIME),687,2s
BANKNIFTY,26185.44908328127,26236.868204689312,26182.571771371837,26229.203856832075,9140,2026-01-15 11:03:27 IST,353,TradingView (REAL-TIME),688,2s
NIFTY,22854.443955269402,22871.68275735053,22853.887551345404,22868.456572036594,5581,2026-01-15 11:03:29 IST,40,TradingView (REAL-TIME),689,2s
BANKNIFTY,26229.203856832075,26265.519937225075,26223.271642817657,26262.083857134614,5316,2026-01-15 11:03:29 IST,227,TradingView (REAL-TIME),690,2s
NIFTY,22868.456572036594,22876.981446990885,22863.239049602955,22867.77714186082,6763,2026-01-15 11:03:31 IST,462,TradingView (REAL-TIME),691,2s
BANKNIFTY,26262.083857134614,26268.363165857103,26252.998992217665,26255.114532991112,2781,2026-01-15 11:03:31 IST,404,TradingView (REAL-TIME),692,2s
NIFTY,22867.77714186082,22873.91753055462,22855.763432210548,22860.659992296107,2998,2026-01-15 11:03:33 IST,430,TradingView (REAL-TIME),693,2s
BANKNIFTY,26255.114532991112,26261.967439517615,26245.93877983104,26246.845857958426,6290,2026-01-15 11:03:34 IST,159,TradingView (REAL-TIME),694,2s
NIFTY,22860.659992296107,22860.868057486066,22814.93171835378,22818.263671603894,6604,2026-01-15 11:03:36 IST,13,TradingView (REAL-TIME),695,2s
BANKNIFTY,26246.845857958426,26250.599130250852,26175.683838608933,26184.063311606285,3780,2026-01-15 11:03:36 IST,462,TradingView (REAL-TIME),696,2s
NIFTY,22818.263671603894,22827.816190749578,22807.60102900808,22816.563577740493,7864,2026-01-15 11:03:38 IST,409,TradingView (REAL-TIME),697,2s
BANKNIFTY,26184.063311606285,26192.483643150354,26100.382022349942,26109.635960313877,9598,2026-01-15 11:03:38 IST,24,TradingView (REAL-TIME),698,2s
NIFTY,22816.563577740493,22877.3596473637,22816.2604429066,22868.841252826795,2105,2026-01-15 11:03:40 IST,366,TradingView (REAL-TIME),699,2s
BANKNIFTY,26109.635960313877,26118.48780658718,26069.84682688241,26079.39419059052,4942,2026-01-15 11:03:40 IST,286,TradingView (REAL-TIME),700,2s
NIFTY,22868.841252826795,22932.06424903605,22861.66509129213,22922.11577955829,1724,2026-01-15 11:03:42 IST,279,TradingView (REAL-TIME),701,2s
BANKNIFTY,26079.39419059052,26119.011728367925,26070.97903150928,26114.69838592839,9537,2026-01-15 11:03:42 IST,180,TradingView (REAL-TIME),702,2s
NIFTY,22922.11577955829,22943.434229402465,22919.13331455468,22941.08230235082,1363,2026-01-15 11:03:44 IST,221,TradingView (REAL-TIME),703,2s
BANKNIFTY,26114.69838592839,26144.94647676278,26108.8972044147,26143.47304875823,2383,2026-01-15 11:03:44 IST,112,TradingView (REAL-TIME),704,2s
NIFTY,22941.08230235082,22982.366925609065,22932.681567613254,22978.072123657872,5787,2026-01-15 11:03:46 IST,493,TradingView (REAL-TIME),705,2s
BANKNIFTY,26143.47304875823,26204.985612254757,26142.516479135484,26198.622087141437,6446,2026-01-15 11:03:46 IST,181,TradingView (REAL-TIME),706,2s
NIFTY,22978.072123657872,22981.74056808989,22912.31179210853,22914.106396246756,8078,2026-01-15 11:03:48 IST,201,TradingView (REAL-TIME),707,2s
BANKNIFTY,26198.622087141437,26203.001252086633,26148.34056390031,26148.742942101613,6741,2026-01-15 11:03:48 IST,350,TradingView (REAL-TIME),708,2s
NIFTY,22914.106396246756,22916.11971383637,22889.398800897383,22898.345468116637,6314,2026-01-15 11:03:50 IST,101,TradingView (REAL-TIME),709,2s
BANKNIFTY,26148.742942101613,26205.80479708042,26145.999279391563,26205.405961354427,4312,2026-01-15 11:03:50 IST,407,TradingView (REAL-TIME),710,2s
NIFTY,22898.345468116637,22937.80784539213,22888.80298731716,22931.377427937066,2864,2026-01-15 11:03:52 IST,331,TradingView (REAL-TIME),711,2s
BANKNIFTY,26205.405961354427,26214.767221425667,26146.813944945592,26149.630661739193,9343,2026-01-15 11:03:52 IST,330,TradingView (REAL-TIME),712,2s
NIFTY,22931.377427937066,22938.836615348402,22923.065386913317,22929.33997759006,8388,2026-01-15 11:03:54 IST,245,TradingView (REAL-TIME),713,2s
BANKNIFTY,26149.630661739193,26156.76795001139,26090.78889779745,26100.022885398426,5644,2026-01-15 11:03:54 IST,326,TradingView (REAL-TIME),714,2s
NIFTY,22929.33997759006,22934.332241013646,22862.06274564467,22869.253287724514,2904,2026-01-15 11:03:56 IST,444,TradingView (REAL-TIME),715,2s
BANKNIFTY,26100.022885398426,26102.568355923562,26058.218156082716,26060.144797356017,4073,2026-01-15 11:03:56 IST,16,TradingView (REAL-TIME),716,2s
NIFTY,22869.253287724514,22878.866114960347,22825.18539704747,22832.61798238476,1009,2026-01-15 11:03:58 IST,165,TradingView (REAL-TIME),717,2s
BANKNIFTY,26060.144797356017,26065.175365716772,26057.220896261486,26058.59713745522,2870,2026-01-15 11:03:58 IST,390,TradingView (REAL-TIME),718,2s
NIFTY,22832.61798238476,22899.739382596377,22823.154894449424,22890.742543504628,6736,2026-01-15 11:04:00 IST,29,TradingView (REAL-TIME),719,2s
BANKNIFTY,26058.59713745522,26065.951185486036,26041.23972364883,26046.338238065942,6740,2026-01-15 11:04:00 IST,299,TradingView (REAL-TIME),720,2s
NIFTY,22890.742543504628,22943.983610625022,22890.10872809875,22943.58113188043,2336,2026-01-15 11:04:02 IST,268,TradingView (REAL-TIME),721,2s
BANKNIFTY,26046.338238065942,26124.543917437837,26037.728833530717,26121.69509359298,2619,2026-01-15 11:04:02 IST,14,TradingView (REAL-TIME),722,2s
NIFTY,22943.58113188043,22951.886850092113,22899.116960987667,22903.199745535338,5974,2026-01-15 11:04:04 IST,133,TradingView (REAL-TIME),723,2s
BANKNIFTY,26121.69509359298,26123.520089804155,26094.354896363293,26102.790136776897,1866,2026-01-15 11:04:04 IST,48,TradingView (REAL-TIME),724,2s
NIFTY,22903.199745535338,22929.787176685924,22896.755565908777,22927.199122385733,3808,2026-01-15 11:04:06 IST,368,TradingView (REAL-TIME),725,2s
BANKNIFTY,26102.790136776897,26103.209112609995,26080.51988418899,26084.965756818194,5208,2026-01-15 11:04:06 IST,486,TradingView (REAL-TIME),726,2s
NIFTY,22927.199122385733,22950.210104162154,22922.10868293099,22945.312022012025,6057,2026-01-15 11:04:09 IST,144,TradingView (REAL-TIME),727,2s
BANKNIFTY,26084.965756818194,26108.211508445544,26083.79278004869,26102.752405367406,3346,2026-01-15 11:04:09 IST,384,TradingView (REAL-TIME),728,2s
NIFTY,22945.312022012025,23008.39749615057,22941.260519660278,23004.679586504044,5195,2026-01-15 11:04:11 IST,25,TradingView (REAL-TIME),729,2s
BANKNIFTY,26102.752405367406,26107.65082470256,26032.935155408082,26040.311713897307,5205,2026-01-15 11:04:11 IST,473,TradingView (REAL-TIME),730,2s
NIFTY,23004.679586504044,23007.32248148567,22957.382998613728,22959.70719466768,3193,2026-01-15 11:04:13 IST,65,TradingView (REAL-TIME),731,2s
BANKNIFTY,26040.311713897307,26041.63656287008,26029.265397607138,26029.66886827184,7355,2026-01-15 11:04:13 IST,466,TradingView (REAL-TIME),732,2s
NIFTY,22959.70719466768,22961.61258975855,22911.993793954505,22919.14048679609,9452,2026-01-15 11:04:15 IST,406,TradingView (REAL-TIME),733,2s
BANKNIFTY,26029.66886827184,26061.174326228982,26023.01913640706,26052.144636163248,5317,2026-01-15 11:04:15 IST,32,TradingView (REAL-TIME),734,2s
NIFTY,22919.14048679609,22969.085250317963,22909.532623390365,22968.14188040688,4882,2026-01-15 11:04:17 IST,304,TradingView (REAL-TIME),735,2s
BANKNIFTY,26052.144636163248,26055.132745363615,25976.255792217555,25981.41238758919,4813,2026-01-15 11:04:17 IST,443,TradingView (REAL-TIME),736,2s
NIFTY,22968.14188040688,22998.556793404892,22961.936101275605,22990.445660564794,6575,2026-01-15 11:04:19 IST,426,TradingView (REAL-TIME),737,2s
BANKNIFTY,25981.41238758919,25982.234792635853,25914.542273831794,25917.266217895234,5021,2026-01-15 11:04:19 IST,438,TradingView (REAL-TIME),738,2s
NIFTY,22990.445660564794,22998.349144222862,22949.829199532895,22954.51513721292,4155,2026-01-15 11:04:21 IST,346,TradingView (REAL-TIME),739,2s
BANKNIFTY,25917.266217895234,25925.51189457787,25886.12965595782,25891.721565426327,5580,2026-01-15 11:04:21 IST,239,TradingView (REAL-TIME),740,2s
NIFTY,22954.51513721292,22983.97879822401,22951.32408275734,22976.11171657871,7879,2026-01-15 11:04:23 IST,158,TradingView (REAL-TIME),741,2s
BANKNIFTY,25891.721565426327,25950.412648495207,25884.65107545924,25947.72010674203,7203,2026-01-15 11:04:23 IST,390,TradingView (REAL-TIME),742,2s
NIFTY,22976.11171657871,22982.901155049185,22941.894593675308,22948.694117388994,6827,2026-01-15 11:04:25 IST,149,TradingView (REAL-TIME),743,2s
BANKNIFTY,25947.72010674203,25959.055063546344,25939.244326099364,25949.514210956713,1205,2026-01-15 11:04:25 IST,47,TradingView (REAL-TIME),744,2s
NIFTY,22948.694117388994,22956.178044889428,22885.773784663466,22893.723952859986,4341,2026-01-15 11:04:27 IST,80,TradingView (REAL-TIME),745,2s
BANKNIFTY,25949.514210956713,25956.021555974487,25878.822037833903,25879.41052790218,8710,2026-01-15 11:04:27 IST,183,TradingView (REAL-TIME),746,2s
NIFTY,22893.723952859986,22902.085103814123,22829.426187518973,22831.453357135015,8494,2026-01-15 11:04:29 IST,101,TradingView (REAL-TIME),747,2s
BANKNIFTY,25879.41052790218,25913.220450772336,25869.795554022076,25911.788726442952,8486,2026-01-15 11:04:29 IST,130,TradingView (REAL-TIME),748,2s
NIFTY,22831.453357135015,22859.038412746097,22824.970355522724,22856.02369713735,9564,2026-01-15 11:04:31 IST,131,TradingView (REAL-TIME),749,2s
BANKNIFTY,25911.788726442952,25956.66270629285,25904.893637555924,25949.300612711388,5948,2026-01-15 11:04:31 IST,254,TradingView (REAL-TIME),750,2s
NIFTY,22856.02369713735,22862.676778785262,22838.799787420117,22842.937343795566,9742,2026-01-15 11:04:34 IST,161,TradingView (REAL-TIME),751,2s
BANKNIFTY,25949.300612711388,25951.32169220327,25926.028221930843,25935.354054910003,9491,2026-01-15 11:04:34 IST,97,TradingView (REAL-TIME),752,2s
NIFTY,22842.937343795566,22847.67598321471,22838.580513337234,22840.87874366043,4864,2026-01-15 11:04:36 IST,295,TradingView (REAL-TIME),753,2s
BANKNIFTY,25935.354054910003,25957.702501628977,25932.01465668372,25952.048616453412,8218,2026-01-15 11:04:36 IST,234,TradingView (REAL-TIME),754,2s
NIFTY,22840.87874366043,22844.47716142853,22778.164707229666,22783.948657849854,6366,2026-01-15 11:04:38 IST,74,TradingView (REAL-TIME),755,2s
BANKNIFTY,25952.048616453412,26021.184909129508,25944.029346276733,26018.365266603716,5675,2026-01-15 11:04:38 IST,134,TradingView (REAL-TIME),756,2s
NIFTY,22783.948657849854,22790.559474500937,22713.673290264484,22716.07035909993,4906,2026-01-15 11:04:40 IST,249,TradingView (REAL-TIME),757,2s
BANKNIFTY,26018.365266603716,26079.06755904463,26013.852702320808,26076.481175662433,9452,2026-01-15 11:04:40 IST,28,TradingView (REAL-TIME),758,2s
NIFTY,22716.07035909993,22753.77558404722,22706.631999371526,22750.941331355967,4526,2026-01-15 11:04:42 IST,412,TradingView (REAL-TIME),759,2s
BANKNIFTY,26076.481175662433,26086.03274465008,26000.569186813485,26000.75527553999,1080,2026-01-15 11:04:42 IST,402,TradingView (REAL-TIME),760,2s
NIFTY,22750.941331355967,22783.014792623697,22746.84709489706,22782.215503442243,3912,2026-01-15 11:04:44 IST,475,TradingView (REAL-TIME),761,2s
BANKNIFTY,26000.75527553999,26004.150468944972,25926.17649504119,25927.50457576343,7493,2026-01-15 11:04:44 IST,321,TradingView (REAL-TIME),762,2s
NIFTY,22782.215503442243,22791.916145587293,22711.844849578723,22715.26002210916,7454,2026-01-15 11:04:46 IST,451,TradingView (REAL-TIME),763,2s
BANKNIFTY,25927.50457576343,25947.184340090604,25925.942585518642,25941.47311385154,8735,2026-01-15 11:04:46 IST,416,TradingView (REAL-TIME),764,2s
NIFTY,22715.26002210916,22740.93982007368,22709.011663253375,22732.281762290582,4641,2026-01-15 11:04:48 IST,469,TradingView (REAL-TIME),765,2s
BANKNIFTY,25941.47311385154,25949.3527125727,25881.548509257504,25887.370557072292,4671,2026-01-15 11:04:48 IST,497,TradingView (REAL-TIME),766,2s
NIFTY,22732.281762290582,22736.216961954022,22727.42364707761,22731.33887414499,8511,2026-01-15 11:04:50 IST,46,TradingView (REAL-TIME),767,2s
BANKNIFTY,25887.370557072292,25960.63659665471,25886.452907089304,25956.46486121688,6875,2026-01-15 11:04:50 IST,164,TradingView (REAL-TIME),768,2s
NIFTY,22731.33887414499,22741.10016637554,22700.860354333312,22700.924515594917,4996,2026-01-15 11:04:52 IST,428,TradingView (REAL-TIME),769,2s
BANKNIFTY,25956.46486121688,25965.56318389625,25913.658602329022,25914.286749355488,8594,2026-01-15 11:04:52 IST,311,TradingView (REAL-TIME),770,2s
NIFTY,22700.924515594917,22727.409880307852,22700.287033210683,22722.69288448022,3602,2026-01-15 11:04:54 IST,474,TradingView (REAL-TIME),771,2s
BANKNIFTY,25914.286749355488,25976.410813700048,25906.436515142694,25974.18494123049,2871,2026-01-15 11:04:54 IST,27,TradingView (REAL-TIME),772,2s
NIFTY,22722.69288448022,22788.75159616593,22721.29125719974,22788.20009622231,3774,2026-01-15 11:04:56 IST,419,TradingView (REAL-TIME),773,2s
BANKNIFTY,25974.18494123049,26037.91891278712,25969.63860715358,26030.035119964654,5470,2026-01-15 11:04:56 IST,369,TradingView (REAL-TIME),774,2s
NIFTY,22788.20009622231,22794.686199747735,22778.553977628093,22781.976358767075,2742,2026-01-15 11:04:58 IST,213,TradingView (REAL-TIME),775,2s
BANKNIFTY,26030.035119964654,26038.511081109697,25969.231609680093,25970.317469180056,7109,2026-01-15 11:04:58 IST,400,TradingView (REAL-TIME),776,2s
NIFTY,22781.976358767075,22789.94001566416,22749.141014150424,22753.91237832433,5870,2026-01-15 11:05:00 IST,289,TradingView (REAL-TIME),777,2s
BANKNIFTY,25970.317469180056,26045.366309594887,25965.79679347523,26042.17965562535,8357,2026-01-15 11:05:00 IST,437,TradingView (REAL-TIME),778,2s
NIFTY,22753.91237832433,22763.04934477896,22734.30299429862,22743.944921829356,4878,2026-01-15 11:05:02 IST,31,TradingView (REAL-TIME),779,2s
BANKNIFTY,26042.17965562535,26106.551597056034,26039.30096041165,26102.3620769503,5021,2026-01-15 11:05:02 IST,209,TradingView (REAL-TIME),780,2s
NIFTY,22743.944921829356,22747.639955434188,22728.229209589907,22735.175180148573,4130,2026-01-15 11:05:04 IST,227,TradingView (REAL-TIME),781,2s
BANKNIFTY,26102.3620769503,26152.275876093052,26095.382911790333,26150.90238527849,3541,2026-01-15 11:05:04 IST,434,TradingView (REAL-TIME),782,2s
NIFTY,22735.175180148573,22738.994509407425,22694.99698119868,22695.945034158223,9408,2026-01-15 11:05:06 IST,361,TradingView (REAL-TIME),783,2s
BANKNIFTY,26150.90238527849,26186.744649588505,26146.496947063017,26178.274729521578,8142,2026-01-15 11:05:06 IST,111,TradingView (REAL-TIME),784,2s
NIFTY,22695.945034158223,22698.275099755894,22658.618724776334,22661.687983096195,2719,2026-01-15 11:05:08 IST,40,TradingView (REAL-TIME),785,2s
BANKNIFTY,26178.274729521578,26244.637922237034,26172.00668317787,26240.207396431255,4054,2026-01-15 11:05:08 IST,79,TradingView (REAL-TIME),786,2s
NIFTY,22661.687983096195,22723.50227577191,22652.7357718692,22722.229606633777,4384,2026-01-15 11:05:10 IST,440,TradingView (REAL-TIME),787,2s
BANKNIFTY,26240.207396431255,26249.70005281998,26234.12324029167,26244.728517390173,9043,2026-01-15 11:05:11 IST,310,TradingView (REAL-TIME),788,2s
NIFTY,22722.229606633777,22759.864529951694,22720.425668126074,22750.82468052208,6581,2026-01-15 11:05:13 IST,455,TradingView (REAL-TIME),789,2s
BANKNIFTY,26244.728517390173,26252.500078539222,26170.979681709174,26177.532360075213,5779,2026-01-15 11:05:13 IST,215,TradingView (REAL-TIME),790,2s
NIFTY,22750.82468052208,22751.137124851848,22695.09993792486,22698.043806941172,7173,2026-01-15 11:05:15 IST,348,TradingView (REAL-TIME),791,2s
BANKNIFTY,26177.532360075213,26230.58178716278,26169.019748272316,26226.41851948262,1997,2026-01-15 11:05:15 IST,128,TradingView (REAL-TIME),792,2s
NIFTY,22698.043806941172,22716.345128894733,22693.764987068273,22710.009738067427,2074,2026-01-15 11:05:17 IST,477,TradingView (REAL-TIME),793,2s
BANKNIFTY,26226.41851948262,26285.088758170245,26217.69564414264,26282.415029208518,6954,2026-01-15 11:05:17 IST,418,TradingView (REAL-TIME),794,2s
NIFTY,22710.009738067427,22728.433210364088,22709.206813454144,22727.366667338018,2095,2026-01-15 11:05:19 IST,426,TradingView (REAL-TIME),795,2s
BANKNIFTY,26282.415029208518,26330.318638602064,26275.888152667118,26321.145757009006,2811,2026-01-15 11:05:19 IST,312,TradingView (REAL-TIME),796,2s
NIFTY,22727.366667338018,22771.20637537235,22724.692450923416,22763.022444193255,6856,2026-01-15 11:05:21 IST,464,TradingView (REAL-TIME),797,2s
BANKNIFTY,26321.145757009006,26329.450036812665,26318.089854592235,26318.225551595122,5086,2026-01-15 11:05:21 IST,337,TradingView (REAL-TIME),798,2s
NIFTY,22763.022444193255,22815.524785203892,22754.44474827985,22808.704434313386,9351,2026-01-15 11:05:23 IST,493,TradingView (REAL-TIME),799,2s
BANKNIFTY,26318.225551595122,26384.507402071653,26311.47012191765,26382.483116336633,6667,2026-01-15 11:05:23 IST,92,TradingView (REAL-TIME),800,2s
NIFTY,22808.704434313386,22857.144769866907,22806.944498641817,22855.03873003547,1356,2026-01-15 11:05:25 IST,49,TradingView (REAL-TIME),801,2s
BANKNIFTY,26382.483116336633,26390.594347602662,26342.330431871622,26349.384536100773,6514,2026-01-15 11:05:25 IST,80,TradingView (REAL-TIME),802,2s
NIFTY,22855.03873003547,22864.639618787074,22788.609923976226,22796.980917344146,8192,2026-01-15 11:05:27 IST,347,TradingView (REAL-TIME),803,2s
BANKNIFTY,26349.384536100773,26354.570634898155,26277.105862274995,26278.95771880156,4685,2026-01-15 11:05:27 IST,17,TradingView (REAL-TIME),804,2s
NIFTY,22796.980917344146,22804.999182217543,22788.890559783555,22798.58727070565,5123,2026-01-15 11:05:29 IST,198,TradingView (REAL-TIME),805,2s
BANKNIFTY,26278.95771880156,26325.844485463702,26270.429793220268,26323.776859931353,2172,2026-01-15 11:05:29 IST,117,TradingView (REAL-TIME),806,2s
NIFTY,22798.58727070565,22798.802971919653,22733.58075876658,22741.698058595248,9714,2026-01-15 11:05:31 IST,67,TradingView (REAL-TIME),807,2s
BANKNIFTY,26323.776859931353,26334.87246035753,26322.486098742986,26326.477843925903,4620,2026-01-15 11:05:32 IST,198,TradingView (REAL-TIME),808,2s
NIFTY,22741.698058595248,22751.276726443324,22721.41967372017,22723.94349375245,5612,2026-01-15 11:05:34 IST,318,TradingView (REAL-TIME),809,2s
BANKNIFTY,26326.477843925903,26335.296045469604,26308.619262181062,26311.639517964795,5612,2026-01-15 11:05:34 IST,350,TradingView (REAL-TIME),810,2s
NIFTY,22723.94349375245,22781.508637968283,22716.460484620784,22776.46304165853,1496,2026-01-15 11:05:36 IST,35,TradingView (REAL-TIME),811,2s
BANKNIFTY,26311.639517964795,26320.500084684092,26297.207173576713,26306.74666073916,1162,2026-01-15 11:05:36 IST,315,TradingView (REAL-TIME),812,2s
NIFTY,22776.46304165853,22826.44128009343,22770.643745346784,22821.522202380434,6274,2026-01-15 11:05:38 IST,322,TradingView (REAL-TIME),813,2s
BANKNIFTY,26306.74666073916,26364.87620346258,26302.55892801719,26357.06386552084,8531,2026-01-15 11:05:38 IST,111,TradingView (REAL-TIME),814,2s
NIFTY,22821.522202380434,22837.108221985167,22812.7789664919,22829.961220385965,6974,2026-01-15 11:05:40 IST,463,TradingView (REAL-TIME),815,2s
BANKNIFTY,26357.06386552084,26400.571472439013,26347.462436474692,26397.423305851484,4347,2026-01-15 11:05:40 IST,109,TradingView (REAL-TIME),816,2s
NIFTY,22829.961220385965,22897.85473537233,22824.726687733546,22890.52165381051,6382,2026-01-15 11:05:42 IST,206,TradingView (REAL-TIME),817,2s
BANKNIFTY,26397.423305851484,26401.626253941347,26359.653465961706,26366.31830251034,7289,2026-01-15 11:05:42 IST,456,TradingView (REAL-TIME),818,2s
NIFTY,22890.52165381051,22949.606084364015,22883.398042284873,22941.64278772072,7237,2026-01-15 11:05:44 IST,96,TradingView (REAL-TIME),819,2s
BANKNIFTY,26366.31830251034,26367.682861840858,26286.086367625,26291.86692736468,3128,2026-01-15 11:05:44 IST,153,TradingView (REAL-TIME),820,2s
NIFTY,22941.64278772072,23006.426373392827,22937.015410877586,23001.32277318899,9511,2026-01-15 11:05:46 IST,30,TradingView (REAL-TIME),821,2s
BANKNIFTY,26291.86692736468,26293.100288910646,26259.224728211502,26266.76198274212,8706,2026-01-15 11:05:46 IST,21,TradingView (REAL-TIME),822,2s
NIFTY,23001.32277318899,23053.635331091868,22994.103888068483,23046.05974534674,1487,2026-01-15 11:05:49 IST,199,TradingView (REAL-TIME),823,2s
BANKNIFTY,26266.76198274212,26308.304662093942,26261.836741908523,26306.571346469038,5157,2026-01-15 11:05:49 IST,119,TradingView (REAL-TIME),824,2s
NIFTY,23046.05974534674,23076.31228297927,23043.549516846324,23070.93675600193,1794,2026-01-15 11:05:51 IST,212,TradingView (REAL-TIME),825,2s
BANKNIFTY,26306.571346469038,26326.56342753296,26299.996029564212,26319.46289721358,8590,2026-01-15 11:05:51 IST,425,TradingView (REAL-TIME),826,2s
NIFTY,23070.93675600193,23076.402052307047,23044.47340064778,23053.75317879141,2062,2026-01-15 11:05:53 IST,165,TradingView (REAL-TIME),827,2s
BANKNIFTY,26319.46289721358,26326.727662160705,26312.437785186874,26314.068178107336,1967,2026-01-15 11:05:53 IST,351,TradingView (REAL-TIME),828,2s
NIFTY,23053.75317879141,23055.606140343894,23048.326399439116,23051.95678393876,4644,2026-01-15 11:05:55 IST,206,TradingView (REAL-TIME),829,2s
BANKNIFTY,26314.068178107336,26319.18994123807,26291.03061574296,26300.260387309376,5871,2026-01-15 11:05:55 IST,41,TradingView (REAL-TIME),830,2s
NIFTY,23051.95678393876,23053.72909054332,22988.299945746607,22993.9380391338,6781,2026-01-15 11:05:57 IST,72,TradingView (REAL-TIME),831,2s
BANKNIFTY,26300.260387309376,26320.23028609629,26296.437767226776,26319.626277057345,5091,2026-01-15 11:05:57 IST,354,TradingView (REAL-TIME),832,2s
NIFTY,22993.9380391338,23000.54823554573,22989.651761106736,22996.675093599137,9290,2026-01-15 11:05:59 IST,125,TradingView (REAL-TIME),833,2s
BANKNIFTY,26319.626277057345,26388.882465481096,26312.799675697555,26387.136189931727,4877,2026-01-15 11:05:59 IST,384,TradingView (REAL-TIME),834,2s
NIFTY,22996.675093599137,23005.84110497745,22949.755851240305,22956.106853050205,6727,2026-01-15 11:06:01 IST,78,TradingView (REAL-TIME),835,2s
BANKNIFTY,26387.136189931727,26456.006133718067,26386.32557104185,26452.921609542365,9091,2026-01-15 11:06:01 IST,240,TradingView (REAL-TIME),836,2s
NIFTY,22956.106853050205,22963.636949498916,22903.077649571973,22910.14865202369,6927,2026-01-15 11:06:03 IST,133,TradingView (REAL-TIME),837,2s
BANKNIFTY,26452.921609542365,26497.843488633032,26450.374639246238,26488.01163498593,2974,2026-01-15 11:06:03 IST,429,TradingView (REAL-TIME),838,2s
NIFTY,22910.14865202369,22956.200427393935,22908.75086836382,22947.888251529024,2524,2026-01-15 11:06:05 IST,243,TradingView (REAL-TIME),839,2s
BANKNIFTY,26488.01163498593,26490.140048029145,26408.135160214457,26412.54211042977,8570,2026-01-15 11:06:05 IST,356,TradingView (REAL-TIME),840,2s
NIFTY,22947.888251529024,23020.636465382737,22939.29828716819,23016.334827726623,3903,2026-01-15 11:06:07 IST,43,TradingView (REAL-TIME),841,2s
BANKNIFTY,26412.54211042977,26457.44216100945,26409.83775901475,26454.779180312256,6913,2026-01-15 11:06:07 IST,344,TradingView (REAL-TIME),842,2s
NIFTY,23016.334827726623,23054.718866711446,23013.244607057924,23046.672949119038,9250,2026-01-15 11:06:09 IST,93,TradingView (REAL-TIME),843,2s
BANKNIFTY,26454.779180312256,26499.949562222973,26452.502986176685,26490.306859446897,4097,2026-01-15 11:06:09 IST,175,TradingView (REAL-TIME),844,2s
NIFTY,23046.672949119038,23052.49766920217,23026.898457928,23028.249928753918,8912,2026-01-15 11:06:12 IST,110,TradingView (REAL-TIME),845,2s
BANKNIFTY,26490.306859446897,26504.153770967103,26486.125486261702,26498.778373971647,3325,2026-01-15 11:06:12 IST,286,TradingView (REAL-TIME),846,2s
NIFTY,23028.249928753918,23092.656599489714,23026.696527534656,23090.664459632088,1220,2026-01-15 11:06:14 IST,140,TradingView (REAL-TIME),847,2s
BANKNIFTY,26498.778373971647,26535.69049784205,26493.455499635904,26534.865378461014,7965,2026-01-15 11:06:14 IST,320,TradingView (REAL-TIME),848,2s
NIFTY,23090.664459632088,23091.313696636822,23078.44572642134,23083.27467900106,8927,2026-01-15 11:06:16 IST,234,TradingView (REAL-TIME),849,2s
BANKNIFTY,26534.865378461014,26546.69210000914,26525.596910787917,26542.627963111223,6622,2026-01-15 11:06:16 IST,241,TradingView (REAL-TIME),850,2s
NIFTY,23083.27467900106,23092.158259709053,23022.917079392435,23024.0327573746,3831,2026-01-15 11:06:18 IST,293,TradingView (REAL-TIME),851,2s
BANKNIFTY,26542.627963111223,26551.476510612705,26476.774321629215,26482.26895133436,8851,2026-01-15 11:06:18 IST,207,TradingView (REAL-TIME),852,2s
NIFTY,23024.0327573746,23072.662161446206,23016.3339905398,23063.022034382862,2784,2026-01-15 11:06:20 IST,422,TradingView (REAL-TIME),853,2s
BANKNIFTY,26482.26895133436,26490.791005343362,26475.323115774536,26490.1874553363,5976,2026-01-15 11:06:20 IST,285,TradingView (REAL-TIME),854,2s
NIFTY,23063.022034382862,23066.95828998265,23061.504548511297,23062.105902979485,4621,2026-01-15 11:06:22 IST,424,TradingView (REAL-TIME),855,2s
BANKNIFTY,26490.1874553363,26535.693591905965,26489.403196795436,26529.251015890044,8937,2026-01-15 11:06:22 IST,465,TradingView (REAL-TIME),856,2s
NIFTY,23062.105902979485,23118.033564751975,23056.356759908864,23108.909360988677,4183,2026-01-15 11:06:24 IST,369,TradingView (REAL-TIME),857,2s
BANKNIFTY,26529.251015890044,26606.048828590177,26520.97237367473,26601.89326925622,5397,2026-01-15 11:06:24 IST,294,TradingView (REAL-TIME),858,2s
NIFTY,23108.909360988677,23114.50835093629,23072.793465169914,23082.7281158682,7933,2026-01-15 11:06:26 IST,384,TradingView (REAL-TIME),859,2s
BANKNIFTY,26601.89326925622,26672.136731827817,26593.3435876446,26663.074234005573,6106,2026-01-15 11:06:26 IST,151,TradingView (REAL-TIME),860,2s
NIFTY,23082.7281158682,23088.772829275506,23075.856742527187,23078.280611406142,3419,2026-01-15 11:06:28 IST,351,TradingView (REAL-TIME),861,2s
BANKNIFTY,26663.074234005573,26685.34261271243,26655.289816816603,26680.81348187946,8711,2026-01-15 11:06:28 IST,16,TradingView (REAL-TIME),862,2s
NIFTY,23078.280611406142,23078.874579000385,23042.75470672839,23050.01105560186,8769,2026-01-15 11:06:30 IST,156,TradingView (REAL-TIME),863,2s
BANKNIFTY,26680.81348187946,26682.436156514384,26619.117996539662,26628.571446355607,8496,2026-01-15 11:06:30 IST,154,TradingView (REAL-TIME),864,2s
NIFTY,23050.01105560186,23052.87761544747,22984.16684076992,22987.158098824493,2792,2026-01-15 11:06:32 IST,462,TradingView (REAL-TIME),865,2s
BANKNIFTY,26628.571446355607,26696.826898648607,26621.17800617012,26696.472419122714,8535,2026-01-15 11:06:32 IST,17,TradingView (REAL-TIME),866,2s
NIFTY,22987.158098824493,22995.24219202921,22976.89545711263,22981.30962711942,9735,2026-01-15 11:06:34 IST,371,TradingView (REAL-TIME),867,2s
BANKNIFTY,26696.472419122714,26718.01517415732,26693.20689214492,26709.767514338502,1561,2026-01-15 11:06:34 IST,205,TradingView (REAL-TIME),868,2s
NIFTY,22981.30962711942,23000.368364464463,22981.034010276584,22999.74944167306,7951,2026-01-15 11:06:37 IST,419,TradingView (REAL-TIME),869,2s
BANKNIFTY,26709.767514338502,26714.351929688284,26674.732214468073,26682.589881978416,5117,2026-01-15 11:06:37 IST,119,TradingView (REAL-TIME),870,2s
NIFTY,22999.74944167306,23069.09102801956,22997.914470095668,23068.017322655105,7060,2026-01-15 11:06:39 IST,374,TradingView (REAL-TIME),871,2s
BANKNIFTY,26682.589881978416,26689.44996931601,26651.096143562063,26657.17912404174,6100,2026-01-15 11:06:39 IST,384,TradingView (REAL-TIME),872,2s
NIFTY,23068.017322655105,23073.310059455318,23003.40324895992,23009.446423893703,2971,2026-01-15 11:06:41 IST,286,TradingView (REAL-TIME),873,2s
BANKNIFTY,26657.17912404174,26699.001258071152,26648.77632830387,26693.449592105204,2360,2026-01-15 11:06:41 IST,51,TradingView (REAL-TIME),874,2s
NIFTY,23009.446423893703,23011.699983163795,22962.458425880413,22969.496134603814,4121,2026-01-15 11:06:43 IST,279,TradingView (REAL-TIME),875,2s
BANKNIFTY,26693.449592105204,26775.46674956023,26692.47396899586,26771.401020577076,2670,2026-01-15 11:06:43 IST,304,TradingView (REAL-TIME),876,2s
NIFTY,22969.496134603814,22972.92329409933,22913.652007658853,22920.87562480191,2362,2026-01-15 11:06:45 IST,434,TradingView (REAL-TIME),877,2s
BANKNIFTY,26771.401020577076,26840.73679229813,26768.285865084676,26835.075854314095,2509,2026-01-15 11:06:45 IST,27,TradingView (REAL-TIME),878,2s
NIFTY,22920.87562480191,22923.758100827097,22863.98191179148,22872.090789029593,8864,2026-01-15 11:06:47 IST,100,TradingView (REAL-TIME),879,2s
BANKNIFTY,26835.075854314095,26877.21421874236,26833.19864058035,26875.163261331596,8633,2026-01-15 11:06:47 IST,373,TradingView (REAL-TIME),880,2s
NIFTY,22872.090789029593,22879.64013967772,22868.915424968105,22878.353612621995,3236,2026-01-15 11:06:49 IST,474,TradingView (REAL-TIME),881,2s
BANKNIFTY,26875.163261331596,26891.420752884613,26867.968878503427,26883.049656020292,4173,2026-01-15 11:06:49 IST,68,TradingView (REAL-TIME),882,2s
NIFTY,22878.353612621995,22880.64012532764,22858.214356031873,22862.096713310337,3783,2026-01-15 11:06:51 IST,451,TradingView (REAL-TIME),883,2s
BANKNIFTY,26883.049656020292,26954.630548850615,26879.9864257827,26952.39955884504,9411,2026-01-15 11:06:51 IST,295,TradingView (REAL-TIME),884,2s
NIFTY,22862.096713310337,22901.20138525185,22859.080154243984,22894.882830378974,8228,2026-01-15 11:06:53 IST,454,TradingView (REAL-TIME),885,2s
BANKNIFTY,26952.39955884504,26959.432950663908,26882.502332505468,26890.489579485435,9622,2026-01-15 11:06:53 IST,383,TradingView (REAL-TIME),886,2s
NIFTY,22894.882830378974,22897.95942893194,22846.84170185305,22848.638118917304,3494,2026-01-15 11:06:55 IST,202,TradingView (REAL-TIME),887,2s
BANKNIFTY,26890.489579485435,26905.568009925584,26883.638181534698,26895.968833718107,8856,2026-01-15 11:06:55 IST,94,TradingView (REAL-TIME),888,2s
NIFTY,22848.638118917304,22852.227127566963,22789.7272564108,22793.477755476273,8713,2026-01-15 11:06:57 IST,332,TradingView (REAL-TIME),889,2s
BANKNIFTY,26895.968833718107,26901.107953621846,26851.457009398422,26857.273246457204,3802,2026-01-15 11:06:57 IST,199,TradingView (REAL-TIME),890,2s
NIFTY,22793.477755476273,22796.346123976644,22768.135010265993,22773.025117759178,7721,2026-01-15 11:06:59 IST,474,TradingView (REAL-TIME),891,2s
BANKNIFTY,26857.273246457204,26891.875479784492,26853.914015990576,26883.693269567764,6866,2026-01-15 11:07:00 IST,362,TradingView (REAL-TIME),892,2s
NIFTY,22773.025117759178,22778.121043356623,22717.388474769108,22719.189872273506,9264,2026-01-15 11:07:02 IST,291,TradingView (REAL-TIME),893,2s
BANKNIFTY,26883.693269567764,26900.17684410904,26878.396316063052,26896.349979870305,1859,2026-01-15 11:07:02 IST,322,TradingView (REAL-TIME),894,2s
NIFTY,22719.189872273506,22721.11877858277,22685.775294232524,22690.572799850685,4577,2026-01-15 11:07:04 IST,321,TradingView (REAL-TIME),895,2s
BANKNIFTY,26896.349979870305,26973.038221207084,26894.4002515323,26970.609508346643,8232,2026-01-15 11:07:04 IST,444,TradingView (REAL-TIME),896,2s
NIFTY,22690.572799850685,22723.44521242082,22690.549705806367,22714.569077021613,4039,2026-01-15 11:07:06 IST,352,TradingView (REAL-TIME),897,2s
BANKNIFTY,26970.609508346643,27040.928383036786,26969.41075645351,27031.577679097616,2954,2026-01-15 11:07:06 IST,101,TradingView (REAL-TIME),898,2s
NIFTY,22714.569077021613,22722.60366467858,22656.96662461164,22658.00877183866,7166,2026-01-15 11:07:08 IST,337,TradingView (REAL-TIME),899,2s
BANKNIFTY,27031.577679097616,27038.518263903137,26995.010698433332,27002.13909906453,1003,2026-01-15 11:07:08 IST,409,TradingView (REAL-TIME),900,2s
NIFTY,22658.00877183866,22665.803541508278,22622.496571842858,22628.278285861375,5746,2026-01-15 11:07:10 IST,282,TradingView (REAL-TIME),901,2s
BANKNIFTY,27002.13909906453,27009.82190412385,26929.566164247706,26939.065303620166,9641,2026-01-15 11:07:10 IST,262,TradingView (REAL-TIME),902,2s
NIFTY,22628.278285861375,22634.609001895446,22602.86532913179,22604.594722740178,2018,2026-01-15 11:07:12 IST,249,TradingView (REAL-TIME),903,2s
BANKNIFTY,26939.065303620166,26989.47172609015,26934.173553962326,26987.04137997445,6388,2026-01-15 11:07:12 IST,367,TradingView (REAL-TIME),904,2s
NIFTY,22604.594722740178,22606.103278745064,22531.33995125078,22537.179177583006,7171,2026-01-15 11:07:14 IST,354,TradingView (REAL-TIME),905,2s
BANKNIFTY,26987.04137997445,27005.798207117165,26980.276310579666,27004.51462105652,5121,2026-01-15 11:07:14 IST,377,TradingView (REAL-TIME),906,2s
NIFTY,22537.179177583006,22546.08302521725,22470.532370779707,22479.38076244633,6846,2026-01-15 11:07:16 IST,157,TradingView (REAL-TIME),907,2s
BANKNIFTY,27004.51462105652,27047.877899002306,26999.913416468436,27045.078116308097,6156,2026-01-15 11:07:16 IST,438,TradingView (REAL-TIME),908,2s
NIFTY,22479.38076244633,22487.82843801174,22442.35229344334,22445.621941571142,9927,2026-01-15 11:07:18 IST,110,TradingView (REAL-TIME),909,2s
BANKNIFTY,27045.078116308097,27102.17200629207,27039.871561975415,27102.138955121183,5021,2026-01-15 11:07:18 IST,241,TradingView (REAL-TIME),910,2s
NIFTY,22445.621941571142,22451.910716994134,22392.356843366284,22400.596631666307,4932,2026-01-15 11:07:20 IST,242,TradingView (REAL-TIME),911,2s
BANKNIFTY,27102.138955121183,27132.380641244134,27094.718603966558,27125.29085843205,9357,2026-01-15 11:07:20 IST,275,TradingView (REAL-TIME),912,2s
NIFTY,22400.596631666307,22410.35480475361,22388.38980541238,22395.769962436687,2952,2026-01-15 11:07:22 IST,128,TradingView (REAL-TIME),913,2s
BANKNIFTY,27125.29085843205,27205.553862505756,27116.638839958487,27203.110711515143,2179,2026-01-15 11:07:22 IST,298,TradingView (REAL-TIME),914,2s
NIFTY,22395.769962436687,22403.022934733297,22390.74978408976,22397.49976526804,7062,2026-01-15 11:07:24 IST,403,TradingView (REAL-TIME),915,2s
BANKNIFTY,27203.110711515143,27204.536244672443,27189.18645344487,27195.707775081457,1458,2026-01-15 11:07:25 IST,41,TradingView (REAL-TIME),916,2s
NIFTY,22397.49976526804,22399.51565039281,22346.9274552955,22350.456767009593,6504,2026-01-15 11:07:27 IST,401,TradingView (REAL-TIME),917,2s
BANKNIFTY,27195.707775081457,27272.807592319576,27194.524983088206,27266.360723305595,1072,2026-01-15 11:07:27 IST,348,TradingView (REAL-TIME),918,2s
NIFTY,22350.456767009593,22414.59606899995,22345.03201036463,22414.051981991895,4440,2026-01-15 11:07:29 IST,66,TradingView (REAL-TIME),919,2s
BANKNIFTY,27266.360723305595,27269.62894092399,27237.46953495247,27238.206138709065,5008,2026-01-15 11:07:29 IST,296,TradingView (REAL-TIME),920,2s
NIFTY,22414.051981991895,22415.870254087855,22384.00529064118,22391.3788762595,1433,2026-01-15 11:07:31 IST,96,TradingView (REAL-TIME),921,2s
BANKNIFTY,27238.206138709065,27268.458263237142,27232.281017966463,27260.72098019344,1497,2026-01-15 11:07:32 IST,22,TradingView (REAL-TIME),922,2s
NIFTY,22391.3788762595,22458.449630114246,22381.630915924274,22454.362956074416,2340,2026-01-15 11:07:34 IST,36,TradingView (REAL-TIME),923,2s
BANKNIFTY,27260.72098019344,27337.92468906322,27253.134264276596,27337.028689470426,4740,2026-01-15 11:07:34 IST,137,TradingView (REAL-TIME),924,2s
NIFTY,22454.362956074416,22459.643665803236,22384.818470878105,22394.496747993715,3338,2026-01-15 11:07:36 IST,122,TradingView (REAL-TIME),925,2s
BANKNIFTY,27337.028689470426,27337.946880653308,27296.11132499551,27303.775888986464,4625,2026-01-15 11:07:36 IST,109,TradingView (REAL-TIME),926,2s
NIFTY,22394.496747993715,22400.548803965692,22332.312443504536,22342.07104268374,7070,2026-01-15 11:07:38 IST,10,TradingView (REAL-TIME),927,2s
BANKNIFTY,27303.775888986464,27306.463537879255,27275.491007483364,27278.59034009206,3471,2026-01-15 11:07:38 IST,85,TradingView (REAL-TIME),928,2s
NIFTY,22342.07104268374,22346.88051500423,22322.574897362363,22332.335562582924,1070,2026-01-15 11:07:40 IST,93,TradingView (REAL-TIME),929,2s
BANKNIFTY,27278.59034009206,27279.98397465499,27207.044119960534,27216.186276632983,1170,2026-01-15 11:07:40 IST,275,TradingView (REAL-TIME),930,2s
NIFTY,22332.335562582924,22340.103381069748,22273.71928185664,22282.490217839462,3068,2026-01-15 11:07:42 IST,147,TradingView (REAL-TIME),931,2s
BANKNIFTY,27216.186276632983,27217.375916160654,27160.295583453913,27168.782099181,6276,2026-01-15 11:07:42 IST,169,TradingView (REAL-TIME),932,2s
NIFTY,22282.490217839462,22309.118595922624,22278.935129123958,22305.463693444544,2348,2026-01-15 11:07:44 IST,26,TradingView (REAL-TIME),933,2s
BANKNIFTY,27168.782099181,27174.8561391294,27102.719895655413,27108.000652776307,8175,2026-01-15 11:07:44 IST,461,TradingView (REAL-TIME),934,2s
NIFTY,22305.463693444544,22310.968613279227,22286.910335164084,22292.548149379254,2833,2026-01-15 11:07:46 IST,361,TradingView (REAL-TIME),935,2s
BANKNIFTY,27108.000652776307,27143.436779691932,27099.332578736747,27137.299096075632,6124,2026-01-15 11:07:46 IST,285,TradingView (REAL-TIME),936,2s
NIFTY,22292.548149379254,22303.69846924868,22286.62563999766,22294.124977066786,2540,2026-01-15 11:07:48 IST,147,TradingView (REAL-TIME),937,2s
BANKNIFTY,27137.299096075632,27196.760908190503,27130.237926653772,27194.417603855672,5560,2026-01-15 11:07:48 IST,54,TradingView (REAL-TIME),938,2s
NIFTY,22294.124977066786,22300.27985671304,22275.79480037401,22276.859794848424,6434,2026-01-15 11:07:50 IST,188,TradingView (REAL-TIME),939,2s
BANKNIFTY,27194.417603855672,27194.49638222923,27176.981225417963,27184.64655703596,6009,2026-01-15 11:07:50 IST,298,TradingView (REAL-TIME),940,2s
NIFTY,22276.859794848424,22334.140210371406,22267.934666098303,22328.32065229808,2474,2026-01-15 11:07:52 IST,100,TradingView (REAL-TIME),941,2s
BANKNIFTY,27184.64655703596,27234.44288592739,27176.086776973694,27226.52947773906,8383,2026-01-15 11:07:52 IST,87,TradingView (REAL-TIME),942,2s
NIFTY,22328.32065229808,22338.08462009312,22258.68992075773,22264.86415947054,8513,2026-01-15 11:07:54 IST,309,TradingView (REAL-TIME),943,2s
BANKNIFTY,27226.52947773906,27232.556556551495,27181.656182207702,27184.9047878839,5221,2026-01-15 11:07:55 IST,396,TradingView (REAL-TIME),944,2s
NIFTY,22264.86415947054,22265.409542978596,22192.147715548283,22201.0410181085,4263,2026-01-15 11:07:57 IST,334,TradingView (REAL-TIME),945,2s
BANKNIFTY,27184.9047878839,27200.37417409395,27176.52014368677,27199.702764367572,1879,2026-01-15 11:07:57 IST,257,TradingView (REAL-TIME),946,2s
NIFTY,22201.0410181085,22205.475851218085,22180.47759751527,22187.877669696365,3086,2026-01-15 11:07:59 IST,238,TradingView (REAL-TIME),947,2s
BANKNIFTY,27199.702764367572,27205.53026691441,27179.871045554475,27188.74698449643,3588,2026-01-15 11:07:59 IST,32,TradingView (REAL-TIME),948,2s
NIFTY,22187.877669696365,22192.68479932211,22148.07966823539,22157.79184981849,2964,2026-01-15 11:08:01 IST,278,TradingView (REAL-TIME),949,2s
BANKNIFTY,27188.74698449643,27194.48465836737,27107.943805884584,27114.668789090872,2759,2026-01-15 11:08:01 IST,131,TradingView (REAL-TIME),950,2s
NIFTY,22157.79184981849,22205.70239250867,22150.041462161367,22203.124999378673,7625,2026-01-15 11:08:03 IST,308,TradingView (REAL-TIME),951,2s
BANKNIFTY,27114.668789090872,27190.107052124633,27114.526213645906,27182.860420260316,6015,2026-01-15 11:08:03 IST,63,TradingView (REAL-TIME),952,2s
NIFTY,22203.124999378673,22207.084734532174,22172.578324625014,22176.404217618372,4351,2026-01-15 11:08:06 IST,283,TradingView (REAL-TIME),953,2s
BANKNIFTY,27182.860420260316,27266.34327727532,27177.76473863355,27264.00103554421,6828,2026-01-15 11:08:06 IST,37,TradingView (REAL-TIME),954,2s
NIFTY,22176.404217618372,22220.782005425248,22167.120066442498,22211.381213947876,8731,2026-01-15 11:08:08 IST,191,TradingView (REAL-TIME),955,2s
BANKNIFTY,27264.00103554421,27305.073126287247,27260.211050231137,27297.45622564228,9282,2026-01-15 11:08:08 IST,211,TradingView (REAL-TIME),956,2s
NIFTY,22211.381213947876,22253.61483081274,22204.7917844406,22246.744493781764,7229,2026-01-15 11:08:10 IST,384,TradingView (REAL-TIME),957,2s
BANKNIFTY,27297.45622564228,27323.65951140091,27295.299141610987,27322.80082803281,7006,2026-01-15 11:08:10 IST,309,TradingView (REAL-TIME),958,2s
NIFTY,22246.744493781764,22248.579018312816,22191.1767929646,22199.568849372456,1834,2026-01-15 11:08:12 IST,116,TradingView (REAL-TIME),959,2s
BANKNIFTY,27322.80082803281,27331.33156232699,27235.56438277518,27241.217059625615,1205,2026-01-15 11:08:12 IST,77,TradingView (REAL-TIME),960,2s
NIFTY,22199.568849372456,22263.930368346635,22192.91530694521,22255.007477249674,5523,2026-01-15 11:08:14 IST,164,TradingView (REAL-TIME),961,2s
BANKNIFTY,27241.217059625615,27263.486390830385,27237.988020310062,27253.514146859103,1390,2026-01-15 11:08:14 IST,445,TradingView (REAL-TIME),962,2s
NIFTY,22255.007477249674,22315.834498367953,22247.614623086578,22308.007509101724,3202,2026-01-15 11:08:16 IST,421,TradingView (REAL-TIME),963,2s
BANKNIFTY,27253.514146859103,27256.97258404074,27228.074870217413,27234.97237209945,8084,2026-01-15 11:08:16 IST,256,TradingView (REAL-TIME),964,2s
NIFTY,22308.007509101724,22310.637572303556,22276.096529939787,22285.689511254353,7266,2026-01-15 11:08:18 IST,41,TradingView (REAL-TIME),965,2s
BANKNIFTY,27234.97237209945,27240.538345801117,27181.10088411515,27189.549641008376,3457,2026-01-15 11:08:18 IST,364,TradingView (REAL-TIME),966,2s
NIFTY,22285.689511254353,22289.078035500817,22268.18193515232,22276.533735530717,9505,2026-01-15 11:08:20 IST,277,TradingView (REAL-TIME),967,2s
BANKNIFTY,27189.549641008376,27197.572310486026,27160.77636431022,27168.308089232978,2689,2026-01-15 11:08:20 IST,251,TradingView (REAL-TIME),968,2s
NIFTY,22276.533735530717,22324.963384828825,22267.694430255986,22316.707284209882,4340,2026-01-15 11:08:22 IST,209,TradingView (REAL-TIME),969,2s
BANKNIFTY,27168.308089232978,27178.082542517157,27090.006100448732,27099.333300400805,4966,2026-01-15 11:08:22 IST,190,TradingView (REAL-TIME),970,2s
NIFTY,22316.707284209882,22317.438062972655,22296.82548587586,22305.079289889476,1897,2026-01-15 11:08:24 IST,275,TradingView (REAL-TIME),971,2s
BANKNIFTY,27099.333300400805,27117.838175529512,27094.441446156077,27113.405809528056,3534,2026-01-15 11:08:24 IST,64,TradingView (REAL-TIME),972,2s
NIFTY,22305.079289889476,22336.9814652555,22304.199330071897,22328.17528445514,4461,2026-01-15 11:08:26 IST,76,TradingView (REAL-TIME),973,2s
BANKNIFTY,27113.405809528056,27116.660403959868,27062.643238084096,27065.283425336194,5911,2026-01-15 11:08:26 IST,11,TradingView (REAL-TIME),974,2s
NIFTY,22328.17528445514,22368.922138153368,22327.331105676658,22368.680434622227,9134,2026-01-15 11:08:29 IST,264,TradingView (REAL-TIME),975,2s
BANKNIFTY,27065.283425336194,27067.606521009195,27016.18411285782,27025.861173237365,3860,2026-01-15 11:08:29 IST,136,TradingView (REAL-TIME),976,2s
NIFTY,22368.680434622227,22411.30297225131,22361.55587716776,22405.878460087435,4904,2026-01-15 11:08:31 IST,450,TradingView (REAL-TIME),977,2s
BANKNIFTY,27025.861173237365,27029.63069749194,26987.016489721875,26993.416323102236,7981,2026-01-15 11:08:31 IST,341,TradingView (REAL-TIME),978,2s
NIFTY,22405.878460087435,22407.581221652636,22387.285268529053,22388.484508807443,3859,2026-01-15 11:08:33 IST,305,TradingView (REAL-TIME),979,2s
BANKNIFTY,26993.416323102236,27018.301238972854,26991.52805497468,27016.25856131435,1183,2026-01-15 11:08:33 IST,164,TradingView (REAL-TIME),980,2s
NIFTY,22388.484508807443,22395.448872323963,22326.564169713867,22327.718709007175,2074,2026-01-15 11:08:35 IST,44,TradingView (REAL-TIME),981,2s
BANKNIFTY,27016.25856131435,27023.75453303709,26942.81992005478,26947.56914121365,6293,2026-01-15 11:08:35 IST,21,TradingView (REAL-TIME),982,2s
NIFTY,22327.718709007175,22377.68325533121,22324.920315673633,22377.62804313135,5121,2026-01-15 11:08:37 IST,292,TradingView (REAL-TIME),983,2s
BANKNIFTY,26947.56914121365,26952.18826378398,26923.53644268166,26932.96976423637,1712,2026-01-15 11:08:37 IST,169,TradingView (REAL-TIME),984,2s
NIFTY,22377.62804313135,22427.84541993866,22375.812088139228,22426.955800771328,9392,2026-01-15 11:08:39 IST,180,TradingView (REAL-TIME),985,2s
BANKNIFTY,26932.96976423637,27007.598224986297,26926.508375044086,26998.9818305309,3661,2026-01-15 11:08:39 IST,276,TradingView (REAL-TIME),986,2s
NIFTY,22426.955800771328,22430.464105393512,22395.005825248445,22399.472890469562,8136,2026-01-15 11:08:41 IST,358,TradingView (REAL-TIME),987,2s
BANKNIFTY,26998.9818305309,27078.716532812865,26996.888603752122,27077.19206680382,6225,2026-01-15 11:08:41 IST,385,TradingView (REAL-TIME),988,2s
NIFTY,22399.472890469562,22400.28012678787,22357.89713609318,22367.722154375304,7495,2026-01-15 11:08:43 IST,110,TradingView (REAL-TIME),989,2s
BANKNIFTY,27077.19206680382,27119.23337475277,27075.35126239469,27118.874068674737,2576,2026-01-15 11:08:43 IST,332,TradingView (REAL-TIME),990,2s
NIFTY,22367.722154375304,22407.71513010331,22365.342056661153,22398.967078441427,6669,2026-01-15 11:08:45 IST,54,TradingView (REAL-TIME),991,2s
BANKNIFTY,27118.874068674737,27142.359259132325,27112.846776677845,27132.43381283072,5681,2026-01-15 11:08:45 IST,448,TradingView (REAL-TIME),992,2s
NIFTY,22398.967078441427,22404.82066102962,22367.18190464867,22374.752222835086,6700,2026-01-15 11:08:47 IST,98,TradingView (REAL-TIME),993,2s
BANKNIFTY,27132.43381283072,27132.8994662576,27083.555071932824,27087.176880854026,5771,2026-01-15 11:08:47 IST,480,TradingView (REAL-TIME),994,2s
NIFTY,22374.752222835086,22430.091256027066,22366.987678662,22424.10238081829,2530,2026-01-15 11:08:49 IST,433,TradingView (REAL-TIME),995,2s
BANKNIFTY,27087.176880854026,27089.40667301241,27032.18111805164,27037.36213737125,1037,2026-01-15 11:08:49 IST,259,TradingView (REAL-TIME),996,2s
NIFTY,22424.10238081829,22480.228004600285,22418.339137369945,22476.630849833262,5346,2026-01-15 11:08:51 IST,160,TradingView (REAL-TIME),997,2s
BANKNIFTY,27037.36213737125,27109.80467721956,27036.528580900213,27101.31233896423,2116,2026-01-15 11:08:51 IST,321,TradingView (REAL-TIME),998,2s
NIFTY,22476.630849833262,22516.45864729815,22474.8460738124,22510.496670845256,2253,2026-01-15 11:08:53 IST,150,TradingView (REAL-TIME),999,2s
BANKNIFTY,27101.31233896423,27109.234937598245,27091.58771403603,27102.735487583344,2451,2026-01-15 11:08:54 IST,333,TradingView (REAL-TIME),1000,2s
NIFTY,22510.496670845256,22519.94283005614,22490.373562317203,22499.1233145843,8762,2026-01-15 11:08:56 IST,366,TradingView (REAL-TIME),1001,2s
BANKNIFTY,27102.735487583344,27107.641024246044,27089.697553367554,27094.37515700221,2405,2026-01-15 11:08:56 IST,480,TradingView (REAL-TIME),1002,2s
NIFTY,22499.1233145843,22511.54038219882,22495.358918288115,22506.923694126104,8272,2026-01-15 11:08:58 IST,406,TradingView (REAL-TIME),1003,2s
BANKNIFTY,27094.37515700221,27161.77339134181,27086.912294182057,27159.193550823857,2346,2026-01-15 11:08:58 IST,110,TradingView (REAL-TIME),1004,2s
NIFTY,22506.923694126104,22573.086702508343,22506.139950477525,22570.46487035009,1234,2026-01-15 11:09:00 IST,309,TradingView (REAL-TIME),1005,2s
BANKNIFTY,27159.193550823857,27221.121040509945,27155.0708190116,27216.469931970278,7713,2026-01-15 11:09:00 IST,222,TradingView (REAL-TIME),1006,2s
NIFTY,22570.46487035009,22580.327470261163,22521.992071126282,22526.42786246705,5220,2026-01-15 11:09:02 IST,40,TradingView (REAL-TIME),1007,2s
BANKNIFTY,27216.469931970278,27219.85996842353,27150.696540029712,27158.12023625822,7597,2026-01-15 11:09:02 IST,385,TradingView (REAL-TIME),1008,2s
NIFTY,22526.42786246705,22533.979192075218,22516.65012997029,22522.80308758335,2719,2026-01-15 11:09:04 IST,470,TradingView (REAL-TIME),1009,2s
BANKNIFTY,27158.12023625822,27224.375951880822,27154.975941554654,27215.182825197644,4564,2026-01-15 11:09:04 IST,388,TradingView (REAL-TIME),1010,2s
NIFTY,22522.80308758335,22528.572949155725,22458.99645148959,22461.067374328217,6266,2026-01-15 11:09:06 IST,190,TradingView (REAL-TIME),1011,2s
BANKNIFTY,27215.182825197644,27216.263954619477,27132.731710135817,27140.794427559827,9275,2026-01-15 11:09:06 IST,13,TradingView (REAL-TIME),1012,2s
NIFTY,22461.067374328217,22528.19746908686,22451.773701134356,22528.06463693249,9251,2026-01-15 11:09:08 IST,434,TradingView (REAL-TIME),1013,2s
BANKNIFTY,27140.794427559827,27145.540795884706,27132.98631526902,27139.13736700207,1229,2026-01-15 11:09:08 IST,446,TradingView (REAL-TIME),1014,2s
NIFTY,22528.06463693249,22533.526048624975,22524.025041786317,22524.075272407947,9579,2026-01-15 11:09:10 IST,422,TradingView (REAL-TIME),1015,2s
BANKNIFTY,27139.13736700207,27140.21860912887,27084.535142887707,27092.667717393066,5085,2026-01-15 11:09:10 IST,232,TradingView (REAL-TIME),1016,2s
NIFTY,22524.075272407947,22555.705929095006,22516.68596284476,22550.63645277503,7748,2026-01-15 11:09:12 IST,60,TradingView (REAL-TIME),1017,2s
BANKNIFTY,27092.667717393066,27122.911527307497,27086.866718282105,27113.284351470153,7731,2026-01-15 11:09:12 IST,485,TradingView (REAL-TIME),1018,2s
NIFTY,22550.63645277503,22568.537623595264,22544.493530299304,22560.236202208343,3143,2026-01-15 11:09:14 IST,369,TradingView (REAL-TIME),1019,2s
BANKNIFTY,27113.284351470153,27118.052966212912,27072.425379105505,27080.666515498662,1457,2026-01-15 11:09:14 IST,117,TradingView (REAL-TIME),1020,2s
NIFTY,22560.236202208343,22617.763136959715,22557.69217966827,22608.908311968822,6403,2026-01-15 11:09:16 IST,366,TradingView (REAL-TIME),1021,2s
BANKNIFTY,27080.666515498662,27160.021184948266,27074.95731976679,27158.044640986376,6287,2026-01-15 11:09:16 IST,106,TradingView (REAL-TIME),1022,2s
NIFTY,22608.908311968822,22615.5072663079,22539.749352741193,22548.093702817077,2617,2026-01-15 11:09:18 IST,318,TradingView (REAL-TIME),1023,2s
BANKNIFTY,27158.044640986376,27179.192616025175,27150.333758363446,27170.044105516576,6337,2026-01-15 11:09:18 IST,300,TradingView (REAL-TIME),1024,2s
NIFTY,22548.093702817077,22557.243026292595,22488.142423805173,22496.168112848798,9151,2026-01-15 11:09:20 IST,378,TradingView (REAL-TIME),1025,2s
BANKNIFTY,27170.044105516576,27174.146391145954,27139.781182069695,27148.345714993477,3530,2026-01-15 11:09:20 IST,306,TradingView (REAL-TIME),1026,2s
NIFTY,22496.168112848798,22524.182637489437,22486.439484505347,22523.80062975815,6399,2026-01-15 11:09:22 IST,397,TradingView (REAL-TIME),1027,2s
BANKNIFTY,27148.345714993477,27156.36860415453,27127.524513928223,27132.950340343024,8519,2026-01-15 11:09:22 IST,106,TradingView (REAL-TIME),1028,2s
NIFTY,22523.80062975815,22593.186926176186,22523.71329398189,22583.313478778906,2642,2026-01-15 11:09:25 IST,351,TradingView (REAL-TIME),1029,2s
BANKNIFTY,27132.950340343024,27206.79762590751,27128.400251292198,27204.334690275904,5451,2026-01-15 11:09:25 IST,59,TradingView (REAL-TIME),1030,2s
NIFTY,22583.313478778906,22639.04539275515,22574.25630424655,22638.24418162161,4825,2026-01-15 11:09:27 IST,234,TradingView (REAL-TIME),1031,2s
BANKNIFTY,27204.334690275904,27213.918408325055,27163.01076982982,27164.093064414235,9488,2026-01-15 11:09:27 IST,20,TradingView (REAL-TIME),1032,2s
NIFTY,22638.24418162161,22641.769234389714,22588.500241720474,22590.655181177888,4093,2026-01-15 11:09:29 IST,489,TradingView (REAL-TIME),1033,2s
BANKNIFTY,27164.093064414235,27165.308119786645,27086.422254744175,27095.20474192973,6943,2026-01-15 11:09:29 IST,239,TradingView (REAL-TIME),1034,2s
NIFTY,22590.655181177888,22639.678039329454,22581.77353773857,22632.50767852006,3255,2026-01-15 11:09:31 IST,304,TradingView (REAL-TIME),1035,2s
BANKNIFTY,27095.20474192973,27136.444225095795,27090.484574694856,27127.250984117025,9369,2026-01-15 11:09:31 IST,177,TradingView (REAL-TIME),1036,2s
NIFTY,22632.50767852006,22641.57898251893,22608.584894188018,22614.40121301882,6166,2026-01-15 11:09:33 IST,395,TradingView (REAL-TIME),1037,2s
BANKNIFTY,27127.250984117025,27134.841575625767,27111.559136355278,27115.022967355744,8029,2026-01-15 11:09:33 IST,302,TradingView (REAL-TIME),1038,2s
NIFTY,22614.40121301882,22615.694451191546,22597.60002791553,22606.495046893982,1802,2026-01-15 11:09:35 IST,152,TradingView (REAL-TIME),1039,2s
BANKNIFTY,27115.022967355744,27117.866865702475,27054.619131855194,27062.35389446384,1091,2026-01-15 11:09:35 IST,92,TradingView (REAL-TIME),1040,2s
NIFTY,22606.495046893982,22606.98937828927,22576.034487064557,22576.666871376463,2660,2026-01-15 11:09:37 IST,394,TradingView (REAL-TIME),1041,2s
BANKNIFTY,27062.35389446384,27062.637673729143,26993.507192027853,26995.297870504437,7657,2026-01-15 11:09:37 IST,331,TradingView (REAL-TIME),1042,2s
NIFTY,22576.666871376463,22640.02858646376,22576.616315133382,22637.236670778097,6761,2026-01-15 11:09:39 IST,493,TradingView (REAL-TIME),1043,2s
BANKNIFTY,26995.297870504437,27068.46355232449,26994.75311143262,27063.03856733284,1287,2026-01-15 11:09:39 IST,56,TradingView (REAL-TIME),1044,2s
NIFTY,22637.236670778097,22643.938788543026,22627.68586326106,22634.600571381492,3952,2026-01-15 11:09:41 IST,440,TradingView (REAL-TIME),1045,2s
BANKNIFTY,27063.03856733284,27153.51237425688,27053.64288064327,27143.956915404084,6541,2026-01-15 11:09:41 IST,458,TradingView (REAL-TIME),1046,2s
NIFTY,22634.600571381492,22652.52065699167,22632.85164996285,22642.92782923298,6452,2026-01-15 11:09:43 IST,159,TradingView (REAL-TIME),1047,2s
BANKNIFTY,27143.956915404084,27145.68767724638,27111.54080110329,27112.78646303647,7787,2026-01-15 11:09:43 IST,85,TradingView (REAL-TIME),1048,2s
NIFTY,22642.92782923298,22642.936681693358,22623.604730257586,22625.316964738304,6765,2026-01-15 11:09:45 IST,143,TradingView (REAL-TIME),1049,2s
BANKNIFTY,27112.78646303647,27139.720248219706,27109.634858216166,27131.23718963979,4492,2026-01-15 11:09:45 IST,177,TradingView (REAL-TIME),1050,2s
NIFTY,22625.316964738304,22633.388922472503,22612.25399811751,22620.753267057873,2247,2026-01-15 11:09:47 IST,123,TradingView (REAL-TIME),1051,2s
BANKNIFTY,27131.23718963979,27172.34460441454,27126.91088307505,27164.484266965053,9925,2026-01-15 11:09:47 IST,249,TradingView (REAL-TIME),1052,2s
NIFTY,22620.753267057873,22621.41472498455,22551.857307783663,22560.317973396235,1268,2026-01-15 11:09:49 IST,194,TradingView (REAL-TIME),1053,2s
BANKNIFTY,27164.484266965053,27166.816033723288,27154.307396824595,27162.73967014444,3991,2026-01-15 11:09:49 IST,10,TradingView (REAL-TIME),1054,2s
NIFTY,22560.317973396235,22564.495342779603,22548.224974804692,22555.474001030434,9328,2026-01-15 11:09:51 IST,134,TradingView (REAL-TIME),1055,2s
BANKNIFTY,27162.73967014444,27164.75401435717,27084.819603076903,27087.230834504262,2294,2026-01-15 11:09:51 IST,166,TradingView (REAL-TIME),1056,2s
NIFTY,22555.474001030434,22623.459306638393,22551.642431163793,22614.194370760553,4630,2026-01-15 11:09:53 IST,320,TradingView (REAL-TIME),1057,2s
BANKNIFTY,27087.230834504262,27152.755696338507,27077.37816805784,27146.80340055992,7791,2026-01-15 11:09:53 IST,30,TradingView (REAL-TIME),1058,2s
NIFTY,22614.194370760553,22623.757228750917,22612.66196904756,22622.62067731494,6779,2026-01-15 11:09:55 IST,307,TradingView (REAL-TIME),1059,2s
BANKNIFTY,27146.80340055992,27155.76087212033,27137.848256244743,27144.85420523116,2705,2026-01-15 11:09:55 IST,327,TradingView (REAL-TIME),1060,2s
NIFTY,22622.62067731494,22691.760668755516,22616.03051110676,22683.836253567686,6447,2026-01-15 11:09:57 IST,270,TradingView (REAL-TIME),1061,2s
BANKNIFTY,27144.85420523116,27153.207065758932,27137.423445356566,27152.78231660135,6753,2026-01-15 11:09:57 IST,450,TradingView (REAL-TIME),1062,2s
NIFTY,22683.836253567686,22688.472896244657,22642.523317389998,22651.801859103467,3481,2026-01-15 11:09:59 IST,173,TradingView (REAL-TIME),1063,2s
BANKNIFTY,27152.78231660135,27235.097199217405,27152.23352785374,27226.345042538414,8710,2026-01-15 11:09:59 IST,84,TradingView (REAL-TIME),1064,2s
NIFTY,22651.801859103467,22700.357178542185,22647.98532667614,22695.633824328397,1232,2026-01-15 11:10:02 IST,466,TradingView (REAL-TIME),1065,2s
BANKNIFTY,27226.345042538414,27228.371119094794,27187.83358478111,27195.993092570283,1827,2026-01-15 11:10:02 IST,403,TradingView (REAL-TIME),1066,2s
NIFTY,22695.633824328397,22696.898252571842,22643.297922901646,22652.7315864902,1434,2026-01-15 11:10:04 IST,434,TradingView (REAL-TIME),1067,2s
BANKNIFTY,27195.993092570283,27198.847490035616,27109.835598713868,27114.460923171762,8922,2026-01-15 11:10:04 IST,205,TradingView (REAL-TIME),1068,2s
NIFTY,22652.7315864902,22727.408408510546,22651.67973911976,22720.32836046007,1085,2026-01-15 11:10:06 IST,362,TradingView (REAL-TIME),1069,2s
BANKNIFTY,27114.460923171762,27151.4420860415,27107.04318099995,27144.20444843386,2017,2026-01-15 11:10:06 IST,283,TradingView (REAL-TIME),1070,2s
NIFTY,22720.32836046007,22723.856436465237,22709.143126844458,22717.488945039215,9069,2026-01-15 11:10:08 IST,203,TradingView (REAL-TIME),1071,2s
BANKNIFTY,27144.20444843386,27195.876884460602,27143.419861584363,27194.554999168384,3633,2026-01-15 11:10:08 IST,401,TradingView (REAL-TIME),1072,2s
NIFTY,22717.488945039215,22783.794715542277,22713.09335692698,22778.288192644242,4462,2026-01-15 11:10:10 IST,470,TradingView (REAL-TIME),1073,2s
BANKNIFTY,27194.554999168384,27198.853574283632,27194.43680579301,27198.519162706278,7351,2026-01-15 11:10:10 IST,449,TradingView (REAL-TIME),1074,2s
NIFTY,22778.288192644242,22780.67490698972,22710.773433275914,22715.996680089276,8614,2026-01-15 11:10:12 IST,411,TradingView (REAL-TIME),1075,2s
BANKNIFTY,27198.519162706278,27241.35396889263,27195.64819564396,27234.823292788777,7685,2026-01-15 11:10:12 IST,205,TradingView (REAL-TIME),1076,2s
NIFTY,22715.996680089276,22772.086796296007,22711.14198360916,22770.668767160198,7002,2026-01-15 11:10:14 IST,448,TradingView (REAL-TIME),1077,2s
BANKNIFTY,27234.823292788777,27258.62269500464,27232.239940958058,27257.318431357973,7445,2026-01-15 11:10:14 IST,219,TradingView (REAL-TIME),1078,2s
NIFTY,22770.668767160198,22801.74211347461,22762.686144845837,22794.03635305686,9341,2026-01-15 11:10:16 IST,273,TradingView (REAL-TIME),1079,2s
BANKNIFTY,27257.318431357973,27332.811473134163,27252.46588970907,27328.32164139353,7814,2026-01-15 11:10:16 IST,449,TradingView (REAL-TIME),1080,2s
NIFTY,22794.03635305686,22828.49242066116,22792.742623112557,22820.876056929854,7904,2026-01-15 11:10:18 IST,188,TradingView (REAL-TIME),1081,2s
BANKNIFTY,27328.32164139353,27349.830177975906,27319.962340965645,27349.02918090165,3119,2026-01-15 11:10:18 IST,324,TradingView (REAL-TIME),1082,2s
NIFTY,22820.876056929854,22882.71995085694,22814.16111797588,22879.918541912637,4948,2026-01-15 11:10:20 IST,10,TradingView (REAL-TIME),1083,2s
BANKNIFTY,27349.02918090165,27382.918832111885,27346.573915021403,27377.78444610755,1260,2026-01-15 11:10:20 IST,153,TradingView (REAL-TIME),1084,2s
NIFTY,22879.918541912637,22881.275832591287,22827.821068179335,22828.86605095877,2708,2026-01-15 11:10:22 IST,83,TradingView (REAL-TIME),1085,2s
BANKNIFTY,27377.78444610755,27389.763295845547,27376.799195114367,27382.905729878203,4937,2026-01-15 11:10:22 IST,348,TradingView (REAL-TIME),1086,2s
NIFTY,22828.86605095877,22833.51363242332,22777.76324782091,22779.688484002338,5929,2026-01-15 11:10:24 IST,328,TradingView (REAL-TIME),1087,2s
BANKNIFTY,27382.905729878203,27412.770342668377,27374.832530004373,27409.147548745575,6146,2026-01-15 11:10:24 IST,13,TradingView (REAL-TIME),1088,2s
NIFTY,22779.688484002338,22787.840329014063,22765.93605602243,22771.97744562854,8234,2026-01-15 11:10:26 IST,184,TradingView (REAL-TIME),1089,2s
BANKNIFTY,27409.147548745575,27418.229541602646,27377.185685632932,27380.596271345552,9511,2026-01-15 11:10:26 IST,484,TradingView (REAL-TIME),1090,2s
NIFTY,22771.97744562854,22773.316123483204,22751.038559939847,22756.644569912867,7479,2026-01-15 11:10:29 IST,96,TradingView (REAL-TIME),1091,2s
BANKNIFTY,27380.596271345552,27381.884694659653,27343.079366380614,27347.822301551318,6741,2026-01-15 11:10:29 IST,109,TradingView (REAL-TIME),1092,2s
NIFTY,22756.644569912867,22757.491648134834,22686.27851801898,22689.80201073122,1597,2026-01-15 11:10:31 IST,227,TradingView (REAL-TIME),1093,2s
BANKNIFTY,27347.822301551318,27357.802908105037,27291.00429895046,27291.907397841987,8737,2026-01-15 11:10:31 IST,345,TradingView (REAL-TIME),1094,2s
NIFTY,22689.80201073122,22692.491410699058,22672.214170209107,22672.29092944623,2254,2026-01-15 11:10:33 IST,407,TradingView (REAL-TIME),1095,2s
BANKNIFTY,27291.907397841987,27300.707343111288,27251.42809931,27256.804694461287,2999,2026-01-15 11:10:33 IST,399,TradingView (REAL-TIME),1096,2s
NIFTY,22672.29092944623,22673.323817166478,22625.507077505135,22632.899673148368,5041,2026-01-15 11:10:35 IST,21,TradingView (REAL-TIME),1097,2s
BANKNIFTY,27256.804694461287,27262.3882821936,27182.973698157177,27192.650265367953,7337,2026-01-15 11:10:35 IST,289,TradingView (REAL-TIME),1098,2s
NIFTY,22632.899673148368,22694.975795744936,22626.55314120796,22692.765663738523,8657,2026-01-15 11:10:37 IST,97,TradingView (REAL-TIME),1099,2s
BANKNIFTY,27192.650265367953,27200.00052457521,27114.204865897376,27121.296711379404,5408,2026-01-15 11:10:37 IST,186,TradingView (REAL-TIME),1100,2s
NIFTY,22692.765663738523,22705.207080617987,22684.937680719846,22701.30248085853,8256,2026-01-15 11:10:39 IST,285,TradingView (REAL-TIME),1101,2s
BANKNIFTY,27121.296711379404,27127.132989295107,27115.000578429466,27118.34944873656,7799,2026-01-15 11:10:39 IST,238,TradingView (REAL-TIME),1102,2s
NIFTY,22701.30248085853,22709.862578246506,22657.35792057456,22665.90813536874,3723,2026-01-15 11:10:41 IST,397,TradingView (REAL-TIME),1103,2s
BANKNIFTY,27118.34944873656,27119.160588279887,27053.871751496044,27060.00155825506,3377,2026-01-15 11:10:41 IST,96,TradingView (REAL-TIME),1104,2s
NIFTY,22665.90813536874,22672.803968554075,22605.451930860312,22610.936221040407,7531,2026-01-15 11:10:43 IST,28,TradingView (REAL-TIME),1105,2s
BANKNIFTY,27060.00155825506,27082.33390639137,27050.104148749775,27074.034285848356,7330,2026-01-15 11:10:43 IST,178,TradingView (REAL-TIME),1106,2s
NIFTY,22610.936221040407,22616.72854808898,22594.22059992359,22602.761886640816,7916,2026-01-15 11:10:45 IST,455,TradingView (REAL-TIME),1107,2s
BANKNIFTY,27074.034285848356,27082.383023368304,26998.905204951585,27002.734113652557,6807,2026-01-15 11:10:45 IST,172,TradingView (REAL-TIME),1108,2s
NIFTY,22602.761886640816,22634.173379181735,22595.192859092123,22632.359994958828,4510,2026-01-15 11:10:47 IST,262,TradingView (REAL-TIME),1109,2s
BANKNIFTY,27002.734113652557,27055.2697566818,26998.44124669686,27049.742455445103,5737,2026-01-15 11:10:47 IST,397,TradingView (REAL-TIME),1110,2s
NIFTY,22632.359994958828,22641.02856469413,22611.208458927962,22615.888189034788,2482,2026-01-15 11:10:49 IST,472,TradingView (REAL-TIME),1111,2s
BANKNIFTY,27049.742455445103,27059.69681171556,27018.71263394913,27020.462792561953,9436,2026-01-15 11:10:49 IST,498,TradingView (REAL-TIME),1112,2s
NIFTY,22615.888189034788,22663.083753109036,22614.14581082798,22658.159771519095,6907,2026-01-15 11:10:51 IST,248,TradingView (REAL-TIME),1113,2s
BANKNIFTY,27020.462792561953,27060.928514737127,27017.71465989939,27057.091077402034,4641,2026-01-15 11:10:51 IST,456,TradingView (REAL-TIME),1114,2s
NIFTY,22658.159771519095,22722.121318763966,22652.867824047487,22720.151960270512,9560,2026-01-15 11:10:53 IST,249,TradingView (REAL-TIME),1115,2s
BANKNIFTY,27057.091077402034,27066.615713753727,26972.301083560964,26977.478408656185,5648,2026-01-15 11:10:53 IST,390,TradingView (REAL-TIME),1116,2s
NIFTY,22720.151960270512,22760.96436819371,22710.52829069416,22756.379814250133,7089,2026-01-15 11:10:55 IST,299,TradingView (REAL-TIME),1117,2s
BANKNIFTY,26977.478408656185,26981.607770980343,26942.417074665955,26944.308584383904,8217,2026-01-15 11:10:56 IST,147,TradingView (REAL-TIME),1118,2s
NIFTY,22756.379814250133,22791.977739100435,22747.5497699419,22786.2327040541,7616,2026-01-15 11:10:58 IST,84,TradingView (REAL-TIME),1119,2s
BANKNIFTY,26944.308584383904,26949.87067464296,26893.80951287813,26898.99867682217,8356,2026-01-15 11:10:58 IST,117,TradingView (REAL-TIME),1120,2s
NIFTY,22786.2327040541,22790.697477043574,22747.516448247683,22754.503651859613,7300,2026-01-15 11:11:00 IST,74,TradingView (REAL-TIME),1121,2s
BANKNIFTY,26898.99867682217,26962.223701381827,26890.803245846364,26952.492001071303,3196,2026-01-15 11:11:00 IST,279,TradingView (REAL-TIME),1122,2s
NIFTY,22754.503651859613,22815.008492499397,22751.243897185475,22813.49670132563,4636,2026-01-15 11:11:02 IST,365,TradingView (REAL-TIME),1123,2s
BANKNIFTY,26952.492001071303,27031.20378739585,26946.066163155625,27022.775531403913,3445,2026-01-15 11:11:02 IST,258,TradingView (REAL-TIME),1124,2s
NIFTY,22813.49670132563,22821.68934621207,22758.151510382002,22762.32101352011,8485,2026-01-15 11:11:04 IST,488,TradingView (REAL-TIME),1125,2s
BANKNIFTY,27022.775531403913,27095.45101776118,27020.55539831197,27086.81798321971,3939,2026-01-15 11:11:04 IST,208,TradingView (REAL-TIME),1126,2s
NIFTY,22762.32101352011,22768.32422226972,22719.700312705278,22727.580432657585,6411,2026-01-15 11:11:06 IST,480,TradingView (REAL-TIME),1127,2s
BANKNIFTY,27086.81798321971,27151.959499615074,27085.893583756162,27145.2827761579,1699,2026-01-15 11:11:06 IST,390,TradingView (REAL-TIME),1128,2s
NIFTY,22727.580432657585,22736.684786190195,22719.548987666585,22724.568952396723,4400,2026-01-15 11:11:08 IST,36,TradingView (REAL-TIME),1129,2s
BANKNIFTY,27145.2827761579,27149.81781301632,27063.521642680094,27068.721741998077,1449,2026-01-15 11:11:08 IST,90,TradingView (REAL-TIME),1130,2s
NIFTY,22724.568952396723,22731.665856169908,22680.932173493817,22682.488708687648,6228,2026-01-15 11:11:10 IST,456,TradingView (REAL-TIME),1131,2s
BANKNIFTY,27068.721741998077,27085.729957310214,27064.173326254957,27081.89054959737,3411,2026-01-15 11:11:10 IST,329,TradingView (REAL-TIME),1132,2s
NIFTY,22682.488708687648,22706.51887866093,22673.505123813262,22705.71389987936,1765,2026-01-15 11:11:12 IST,375,TradingView (REAL-TIME),1133,2s
BANKNIFTY,27081.89054959737,27124.044322585625,27080.954789777046,27116.462019035967,2056,2026-01-15 11:11:12 IST,440,TradingView (REAL-TIME),1134,2s
NIFTY,22705.71389987936,22708.69353965776,22633.61631705302,22640.58008645348,7660,2026-01-15 11:11:14 IST,334,TradingView (REAL-TIME),1135,2s
BANKNIFTY,27116.462019035967,27125.35768373089,27079.11571233602,27084.6244075165,7266,2026-01-15 11:11:14 IST,76,TradingView (REAL-TIME),1136,2s
NIFTY,22640.58008645348,22642.512794331487,22638.486409319838,22640.374583825538,7959,2026-01-15 11:11:16 IST,434,TradingView (REAL-TIME),1137,2s
BANKNIFTY,27084.6244075165,27148.20919729362,27074.649054010966,27144.317457752637,8063,2026-01-15 11:11:16 IST,194,TradingView (REAL-TIME),1138,2s
NIFTY,22640.374583825538,22644.984035459926,22580.276275832497,22584.600395905552,4333,2026-01-15 11:11:18 IST,294,TradingView (REAL-TIME),1139,2s
BANKNIFTY,27144.317457752637,27147.235153891186,27130.409378161592,27133.836994513043,9710,2026-01-15 11:11:18 IST,248,TradingView (REAL-TIME),1140,2s
NIFTY,22584.600395905552,22586.147955571385,22550.59433889331,22559.63948513978,5493,2026-01-15 11:11:20 IST,387,TradingView (REAL-TIME),1141,2s
BANKNIFTY,27133.836994513043,27134.617043319577,27096.61720069539,27106.471476639523,8822,2026-01-15 11:11:20 IST,444,TradingView (REAL-TIME),1142,2s
NIFTY,22559.63948513978,22612.95958971806,22550.623216259577,22608.910269458567,6696,2026-01-15 11:11:22 IST,206,TradingView (REAL-TIME),1143,2s
BANKNIFTY,27106.471476639523,27116.31004309518,27020.60289424269,27029.311520453935,8996,2026-01-15 11:11:22 IST,273,TradingView (REAL-TIME),1144,2s
NIFTY,22608.910269458567,22669.46324593457,22605.68710336668,22663.72818976358,2170,2026-01-15 11:11:24 IST,390,TradingView (REAL-TIME),1145,2s
BANKNIFTY,27029.311520453935,27094.092740589735,27022.458111061434,27088.589067237303,8104,2026-01-15 11:11:24 IST,392,TradingView (REAL-TIME),1146,2s
NIFTY,22663.72818976358,22700.677768467882,22660.955382362303,22693.471389191676,3356,2026-01-15 11:11:27 IST,128,TradingView (REAL-TIME),1147,2s
BANKNIFTY,27088.589067237303,27130.84582249453,27079.736004703416,27126.307052669417,4245,2026-01-15 11:11:27 IST,51,TradingView (REAL-TIME),1148,2s
NIFTY,22693.471389191676,22700.566963919056,22682.04449951635,22686.497781000206,2207,2026-01-15 11:11:29 IST,227,TradingView (REAL-TIME),1149,2s
BANKNIFTY,27126.307052669417,27126.618897543907,27093.633482232726,27100.923221345165,7273,2026-01-15 11:11:29 IST,302,TradingView (REAL-TIME),1150,2s
NIFTY,22686.497781000206,22692.17711393003,22664.10318090775,22668.63311211303,4965,2026-01-15 11:11:31 IST,173,TradingView (REAL-TIME),1151,2s
BANKNIFTY,27100.923221345165,27125.782489910183,27093.948861644152,27121.530633650513,9856,2026-01-15 11:11:31 IST,340,TradingView (REAL-TIME),1152,2s
NIFTY,22668.63311211303,22672.211069992936,22639.721136445583,22643.526103076783,8750,2026-01-15 11:11:33 IST,67,TradingView (REAL-TIME),1153,2s
BANKNIFTY,27121.530633650513,27124.40376236396,27106.88246327693,27108.51769927123,8517,2026-01-15 11:11:33 IST,434,TradingView (REAL-TIME),1154,2s
NIFTY,22643.526103076783,22649.88688233571,22620.041039214397,22622.83187232223,1377,2026-01-15 11:11:35 IST,86,TradingView (REAL-TIME),1155,2s
BANKNIFTY,27108.51769927123,27112.467448351657,27058.565739465303,27061.068223422724,6070,2026-01-15 11:11:35 IST,21,TradingView (REAL-TIME),1156,2s
NIFTY,22622.83187232223,22624.262415101864,22568.62098963488,22576.922701011452,7677,2026-01-15 11:11:37 IST,23,TradingView (REAL-TIME),1157,2s
BANKNIFTY,27061.068223422724,27086.050359195564,27055.154496063038,27085.825420533365,3165,2026-01-15 11:11:37 IST,299,TradingView (REAL-TIME),1158,2s
NIFTY,22576.922701011452,22632.816204633225,22568.13479774425,22632.78772927452,6810,2026-01-15 11:11:39 IST,221,TradingView (REAL-TIME),1159,2s
BANKNIFTY,27085.825420533365,27104.776676546167,27080.0354618403,27100.843590430028,7020,2026-01-15 11:11:39 IST,217,TradingView (REAL-TIME),1160,2s
NIFTY,22632.78772927452,22684.036767828788,22624.46188306173,22682.01237196942,6748,2026-01-15 11:11:41 IST,479,TradingView (REAL-TIME),1161,2s
BANKNIFTY,27100.843590430028,27117.64393677744,27095.613243241143,27116.551519037723,4546,2026-01-15 11:11:41 IST,200,TradingView (REAL-TIME),1162,2s
NIFTY,22682.01237196942,22729.07473167497,22673.695968165284,22722.959320017788,8158,2026-01-15 11:11:43 IST,152,TradingView (REAL-TIME),1163,2s
BANKNIFTY,27116.551519037723,27154.85697932404,27108.2613685421,27148.30688808594,8194,2026-01-15 11:11:43 IST,108,TradingView (REAL-TIME),1164,2s
NIFTY,22722.959320017788,22724.209046381442,22663.491103082095,22663.970665016783,5818,2026-01-15 11:11:45 IST,286,TradingView (REAL-TIME),1165,2s
BANKNIFTY,27148.30688808594,27152.80677004923,27127.767163807,27136.48778541414,3097,2026-01-15 11:11:45 IST,120,TradingView (REAL-TIME),1166,2s
NIFTY,22663.970665016783,22670.971427367913,22646.12570887456,22647.781469427722,8812,2026-01-15 11:11:47 IST,321,TradingView (REAL-TIME),1167,2s
BANKNIFTY,27136.48778541414,27209.01059843522,27127.24317062584,27208.232926091307,5117,2026-01-15 11:11:47 IST,390,TradingView (REAL-TIME),1168,2s
NIFTY,22647.781469427722,22650.659800400736,22577.823739024498,22586.873041589773,4388,2026-01-15 11:11:49 IST,493,TradingView (REAL-TIME),1169,2s
BANKNIFTY,27208.232926091307,27262.648111625498,27199.480215019983,27256.57981986661,5476,2026-01-15 11:11:49 IST,221,TradingView (REAL-TIME),1170,2s
NIFTY,22586.873041589773,22593.58096735001,22566.555600001317,22567.745362820915,4049,2026-01-15 11:11:52 IST,237,TradingView (REAL-TIME),1171,2s
BANKNIFTY,27256.57981986661,27343.38268414734,27251.38264910446,27336.55548490954,6304,2026-01-15 11:11:52 IST,444,TradingView (REAL-TIME),1172,2s
NIFTY,22567.745362820915,22576.780583486667,22558.12169396586,22575.51708374669,9158,2026-01-15 11:11:54 IST,50,TradingView (REAL-TIME),1173,2s
BANKNIFTY,27336.55548490954,27413.4352456956,27328.69455234546,27406.855178064343,3862,2026-01-15 11:11:54 IST,273,TradingView (REAL-TIME),1174,2s
NIFTY,22575.51708374669,22601.839626827215,22574.974494517068,22592.601053503895,6240,2026-01-15 11:11:56 IST,368,TradingView (REAL-TIME),1175,2s
BANKNIFTY,27406.855178064343,27449.891587951057,27403.993394669873,27449.793868490375,8595,2026-01-15 11:11:56 IST,118,TradingView (REAL-TIME),1176,2s
NIFTY,22592.601053503895,22598.944899838603,22568.748777044235,22573.654276167992,1160,2026-01-15 11:11:58 IST,158,TradingView (REAL-TIME),1177,2s
BANKNIFTY,27449.793868490375,27519.559277075554,27449.34202060168,27510.082410159488,4740,2026-01-15 11:11:58 IST,429,TradingView (REAL-TIME),1178,2s
NIFTY,22573.654276167992,22579.94560674527,22561.45838130974,22566.46648016174,9811,2026-01-15 11:12:00 IST,57,TradingView (REAL-TIME),1179,2s
BANKNIFTY,27510.082410159488,27590.380589669985,27508.184329024934,27580.984629163206,1385,2026-01-15 11:12:00 IST,91,TradingView (REAL-TIME),1180,2s
NIFTY,22566.46648016174,22569.70520412169,22548.31235316723,22550.28170903187,9379,2026-01-15 11:12:02 IST,141,TradingView (REAL-TIME),1181,2s
BANKNIFTY,27580.984629163206,27583.41691736296,27556.236160258784,27565.763683476613,4784,2026-01-15 11:12:02 IST,426,TradingView (REAL-TIME),1182,2s
NIFTY,22550.28170903187,22556.610933371958,22478.295352969377,22487.00261942193,7353,2026-01-15 11:12:04 IST,182,TradingView (REAL-TIME),1183,2s
BANKNIFTY,27565.763683476613,27629.012343575334,27557.688570246642,27628.260079220167,7772,2026-01-15 11:12:04 IST,97,TradingView (REAL-TIME),1184,2s
NIFTY,22487.00261942193,22497.494964751408,22479.135767272935,22490.433184328147,7510,2026-01-15 11:12:06 IST,422,TradingView (REAL-TIME),1185,2s
BANKNIFTY,27628.260079220167,27634.106425190414,27596.289397196342,27601.82816907243,5442,2026-01-15 11:12:06 IST,487,TradingView (REAL-TIME),1186,2s
NIFTY,22490.433184328147,22493.620336811447,22453.070329714676,22459.47890207501,6546,2026-01-15 11:12:08 IST,498,TradingView (REAL-TIME),1187,2s
BANKNIFTY,27601.82816907243,27609.081221623932,27594.226251338125,27607.09372425237,4130,2026-01-15 11:12:08 IST,357,TradingView (REAL-TIME),1188,2s
NIFTY,22459.47890207501,22466.57106280096,22397.566223969683,22403.13014271783,7688,2026-01-15 11:12:10 IST,131,TradingView (REAL-TIME),1189,2s
BANKNIFTY,27607.09372425237,27676.564027186756,27598.58269118259,27667.0495935425,4026,2026-01-15 11:12:10 IST,90,TradingView (REAL-TIME),1190,2s
NIFTY,22403.13014271783,22408.297850958792,22378.60979738419,22385.664016387076,2456,2026-01-15 11:12:12 IST,230,TradingView (REAL-TIME),1191,2s
BANKNIFTY,27667.0495935425,27676.748753587963,27658.54858233267,27661.535285925864,9047,2026-01-15 11:12:12 IST,383,TradingView (REAL-TIME),1192,2s
NIFTY,22385.664016387076,22434.462765428772,22380.483741057265,22430.142704468824,4522,2026-01-15 11:12:14 IST,497,TradingView (REAL-TIME),1193,2s
BANKNIFTY,27661.535285925864,27670.600316557477,27637.525355737256,27642.47756478808,1355,2026-01-15 11:12:14 IST,492,TradingView (REAL-TIME),1194,2s
NIFTY,22430.142704468824,22505.754392295752,22422.5710792887,22497.052667177395,7965,2026-01-15 11:12:16 IST,250,TradingView (REAL-TIME),1195,2s
BANKNIFTY,27642.47756478808,27646.39687992315,27621.391528880373,27627.537775011722,6253,2026-01-15 11:12:16 IST,210,TradingView (REAL-TIME),1196,2s
NIFTY,22497.052667177395,22544.31052840009,22487.92481071635,22543.92489222506,1304,2026-01-15 11:12:18 IST,198,TradingView (REAL-TIME),1197,2s
BANKNIFTY,27627.537775011722,27640.40120646022,27626.692867924106,27631.485145825183,4459,2026-01-15 11:12:18 IST,375,TradingView (REAL-TIME),1198,2s
NIFTY,22543.92489222506,22545.327651010466,22543.919484391234,22544.013351206624,9352,2026-01-15 11:12:20 IST,499,TradingView (REAL-TIME),1199,2s
BANKNIFTY,27631.485145825183,27711.309938873084,27623.1854988156,27707.491625800372,2090,2026-01-15 11:12:21 IST,500,TradingView (REAL-TIME),1200,2s
NIFTY,22544.013351206624,22569.809237704165,22540.359457525105,22563.337670500914,5464,2026-01-15 11:12:23 IST,406,TradingView (REAL-TIME),1201,2s
BANKNIFTY,27707.491625800372,27728.909493837586,27703.295334341125,27719.703261102433,5307,2026-01-15 11:12:23 IST,159,TradingView (REAL-TIME),1202,2s
NIFTY,22563.337670500914,22570.3248129154,22554.438766168932,22557.324520591505,8691,2026-01-15 11:12:25 IST,16,TradingView (REAL-TIME),1203,2s
BANKNIFTY,27719.703261102433,27763.725898463883,27710.98402926991,27758.322760833722,7106,2026-01-15 11:12:25 IST,19,TradingView (REAL-TIME),1204,2s
NIFTY,22557.324520591505,22559.779441943407,22528.007896388117,22531.595852009686,8917,2026-01-15 11:12:27 IST,411,TradingView (REAL-TIME),1205,2s
BANKNIFTY,27758.322760833722,27817.005064842437,27750.5349782965,27807.989674650606,5796,2026-01-15 11:12:27 IST,129,TradingView (REAL-TIME),1206,2s
NIFTY,22531.595852009686,22538.80771878863,22474.82369503461,22476.13514493552,9914,2026-01-15 11:12:29 IST,252,TradingView (REAL-TIME),1207,2s
BANKNIFTY,27807.989674650606,27816.94537282723,27788.659796054842,27790.211988103052,3941,2026-01-15 11:12:29 IST,96,TradingView (REAL-TIME),1208,2s
NIFTY,22476.13514493552,22544.527437448567,22470.1866798627,22537.36910983804,7111,2026-01-15 11:12:31 IST,262,TradingView (REAL-TIME),1209,2s
BANKNIFTY,27790.211988103052,27844.90563637741,27781.048336458298,27844.4660455531,1778,2026-01-15 11:12:31 IST,265,TradingView (REAL-TIME),1210,2s
NIFTY,22537.36910983804,22540.81481214107,22509.86674286559,22510.752259441517,3952,2026-01-15 11:12:33 IST,227,TradingView (REAL-TIME),1211,2s
BANKNIFTY,27844.4660455531,27852.914905405487,27835.77008050921,27840.04865659467,1076,2026-01-15 11:12:33 IST,225,TradingView (REAL-TIME),1212,2s
NIFTY,22510.752259441517,22528.894235560507,22508.64780232605,22525.90715010138,8121,2026-01-15 11:12:35 IST,361,TradingView (REAL-TIME),1213,2s
BANKNIFTY,27840.04865659467,27841.655124718003,27825.457221160403,27830.910453967615,2117,2026-01-15 11:12:35 IST,214,TradingView (REAL-TIME),1214,2s
NIFTY,22525.90715010138,22536.843906101676,22525.02864143136,22531.907687924722,7009,2026-01-15 11:12:37 IST,240,TradingView (REAL-TIME),1215,2s
BANKNIFTY,27830.910453967615,27840.180804648408,27805.287964584673,27807.46277595547,8878,2026-01-15 11:12:37 IST,378,TradingView (REAL-TIME),1216,2s
NIFTY,22531.907687924722,22536.295763889168,22489.459054652318,22493.890208520876,6050,2026-01-15 11:12:39 IST,469,TradingView (REAL-TIME),1217,2s
BANKNIFTY,27807.46277595547,27815.492343162652,27749.489898067022,27755.64874711488,7912,2026-01-15 11:12:39 IST,362,TradingView (REAL-TIME),1218,2s
NIFTY,22493.890208520876,22497.18043238422,22448.86328710184,22454.225686155216,3374,2026-01-15 11:12:41 IST,36,TradingView (REAL-TIME),1219,2s
BANKNIFTY,27755.64874711488,27762.46712694454,27703.022992873197,27706.097477379222,8439,2026-01-15 11:12:41 IST,291,TradingView (REAL-TIME),1220,2s
NIFTY,22454.225686155216,22455.333298546084,22446.568299369213,22448.00238021797,3977,2026-01-15 11:12:43 IST,439,TradingView (REAL-TIME),1221,2s
BANKNIFTY,27706.097477379222,27761.34221474926,27704.059902984525,27752.94206280473,9287,2026-01-15 11:12:43 IST,418,TradingView (REAL-TIME),1222,2s
NIFTY,22448.00238021797,22448.590342636806,22417.56597081608,22426.751264981594,6157,2026-01-15 11:12:45 IST,257,TradingView (REAL-TIME),1223,2s
BANKNIFTY,27752.94206280473,27757.988928213505,27670.290321590892,27677.80006753907,7097,2026-01-15 11:12:45 IST,455,TradingView (REAL-TIME),1224,2s
NIFTY,22426.751264981594,22430.86790660088,22402.817583496704,22412.2561725961,2561,2026-01-15 11:12:48 IST,473,TradingView (REAL-TIME),1225,2s
BANKNIFTY,27677.80006753907,27763.489225827347,27670.81761090485,27754.067355938874,5150,2026-01-15 11:12:48 IST,380,TradingView (REAL-TIME),1226,2s
NIFTY,22412.2561725961,22462.12786419914,22410.525495062713,22456.543742054564,9561,2026-01-15 11:12:50 IST,296,TradingView (REAL-TIME),1227,2s
BANKNIFTY,27754.067355938874,27756.435834440148,27718.34481248606,27718.35965646135,1776,2026-01-15 11:12:50 IST,309,TradingView (REAL-TIME),1228,2s
NIFTY,22456.543742054564,22521.63194897412,22448.259311872378,22521.016101980116,4665,2026-01-15 11:12:52 IST,19,TradingView (REAL-TIME),1229,2s
BANKNIFTY,27718.35965646135,27754.313397555088,27708.50046662662,27754.31103715835,9127,2026-01-15 11:12:52 IST,203,TradingView (REAL-TIME),1230,2s
NIFTY,22521.016101980116,22526.959984903653,22478.130687379184,22487.640011814983,2241,2026-01-15 11:12:54 IST,290,TradingView (REAL-TIME),1231,2s
BANKNIFTY,27754.31103715835,27760.51310644443,27724.624578584033,27730.881488960473,8101,2026-01-15 11:12:54 IST,81,TradingView (REAL-TIME),1232,2s
NIFTY,22487.640011814983,22489.83415130185,22439.61084374443,22442.347632557037,1561,2026-01-15 11:12:56 IST,131,TradingView (REAL-TIME),1233,2s
BANKNIFTY,27730.881488960473,27783.54872964497,27721.393335439752,27773.677934821346,6212,2026-01-15 11:12:56 IST,329,TradingView (REAL-TIME),1234,2s
NIFTY,22442.347632557037,22449.4165497767,22392.80359291829,22394.400092028267,7044,2026-01-15 11:12:58 IST,191,TradingView (REAL-TIME),1235,2s
BANKNIFTY,27773.677934821346,27776.29043294557,27740.467241321105,27747.69971888086,8148,2026-01-15 11:12:58 IST,214,TradingView (REAL-TIME),1236,2s
NIFTY,22394.400092028267,22429.807478278628,22384.64548358447,22421.58558587357,4865,2026-01-15 11:13:00 IST,457,TradingView (REAL-TIME),1237,2s
BANKNIFTY,27747.69971888086,27756.398056062073,27699.19982728129,27701.846784251782,3559,2026-01-15 11:13:00 IST,70,TradingView (REAL-TIME),1238,2s
NIFTY,22421.58558587357,22423.468914710924,22397.549285094185,22404.71494009233,1005,2026-01-15 11:13:02 IST,358,TradingView (REAL-TIME),1239,2s
BANKNIFTY,27701.846784251782,27711.340130054356,27630.93687242819,27636.964155997564,4761,2026-01-15 11:13:02 IST,46,TradingView (REAL-TIME),1240,2s
NIFTY,22404.71494009233,22410.13945603418,22389.50777435063,22398.29113158453,7756,2026-01-15 11:13:04 IST,55,TradingView (REAL-TIME),1241,2s
BANKNIFTY,27636.964155997564,27642.265718146926,27616.967740675016,27618.911140911525,2909,2026-01-15 11:13:04 IST,146,TradingView (REAL-TIME),1242,2s
NIFTY,22398.29113158453,22400.80117867225,22375.390728567116,22379.2677940544,7330,2026-01-15 11:13:06 IST,212,TradingView (REAL-TIME),1243,2s
BANKNIFTY,27618.911140911525,27653.829920660068,27610.52167132739,27645.39919109248,7628,2026-01-15 11:13:06 IST,41,TradingView (REAL-TIME),1244,2s
NIFTY,22379.2677940544,22396.829790830314,22372.514943267535,22390.072641426377,2005,2026-01-15 11:13:08 IST,233,TradingView (REAL-TIME),1245,2s
BANKNIFTY,27645.39919109248,27652.6674798461,27569.91470214344,27579.46087063326,7284,2026-01-15 11:13:08 IST,243,TradingView (REAL-TIME),1246,2s
NIFTY,22390.072641426377,22438.407864947585,22389.971181848363,22432.49386752673,6381,2026-01-15 11:13:10 IST,369,TradingView (REAL-TIME),1247,2s
BANKNIFTY,27579.46087063326,27586.445934659358,27513.205296311837,27517.50246976622,4142,2026-01-15 11:13:10 IST,457,TradingView (REAL-TIME),1248,2s
NIFTY,22432.49386752673,22441.993556684138,22394.13370222724,22395.226378476746,6546,2026-01-15 11:13:12 IST,160,TradingView (REAL-TIME),1249,2s
BANKNIFTY,27517.50246976622,27524.11679512923,27489.843557880038,27495.86854015514,1782,2026-01-15 11:13:12 IST,362,TradingView (REAL-TIME),1250,2s
NIFTY,22395.226378476746,22446.447462412325,22387.095842645198,22442.263755863223,7750,2026-01-15 11:13:14 IST,468,TradingView (REAL-TIME),1251,2s
BANKNIFTY,27495.86854015514,27552.0389411431,27486.580872637427,27542.487024917995,2043,2026-01-15 11:13:14 IST,41,TradingView (REAL-TIME),1252,2s
NIFTY,22442.263755863223,22472.13499706025,22434.90842468322,22463.143610451865,6702,2026-01-15 11:13:17 IST,66,TradingView (REAL-TIME),1253,2s
BANKNIFTY,27542.487024917995,27544.767793721574,27528.75018692235,27532.396943396892,3774,2026-01-15 11:13:17 IST,217,TradingView (REAL-TIME),1254,2s
NIFTY,22463.143610451865,22464.950693205366,22431.875554098042,22439.12198332565,1348,2026-01-15 11:13:19 IST,301,TradingView (REAL-TIME),1255,2s
BANKNIFTY,27532.396943396892,27541.52343801898,27526.799062133457,27531.836731999276,2298,2026-01-15 11:13:19 IST,449,TradingView (REAL-TIME),1256,2s
NIFTY,22439.12198332565,22497.369478324603,22430.438974220775,22491.7217368172,5977,2026-01-15 11:13:21 IST,263,TradingView (REAL-TIME),1257,2s
BANKNIFTY,27531.836731999276,27536.621826737857,27524.164763347497,27536.284667173404,6566,2026-01-15 11:13:21 IST,24,TradingView (REAL-TIME),1258,2s
NIFTY,22491.7217368172,22495.86277782296,22436.74923177225,22437.91180004185,9091,2026-01-15 11:13:23 IST,372,TradingView (REAL-TIME),1259,2s
BANKNIFTY,27536.284667173404,27585.86679693943,27532.647701015372,27585.323465042587,4645,2026-01-15 11:13:23 IST,282,TradingView (REAL-TIME),1260,2s
NIFTY,22437.91180004185,22467.31110702254,22428.94586070626,22458.14054779283,1589,2026-01-15 11:13:25 IST,456,TradingView (REAL-TIME),1261,2s
BANKNIFTY,27585.323465042587,27631.009969027924,27585.30287385793,27630.449666130677,8264,2026-01-15 11:13:25 IST,483,TradingView (REAL-TIME),1262,2s
NIFTY,22458.14054779283,22520.33946843771,22454.879770290267,22520.32651957312,3756,2026-01-15 11:13:27 IST,440,TradingView (REAL-TIME),1263,2s
BANKNIFTY,27630.449666130677,27701.667139288384,27626.762716904377,27693.510794051093,5323,2026-01-15 11:13:27 IST,38,TradingView (REAL-TIME),1264,2s
NIFTY,22520.32651957312,22548.075967576868,22518.252172045075,22546.928751220978,7002,2026-01-15 11:13:29 IST,71,TradingView (REAL-TIME),1265,2s
BANKNIFTY,27693.510794051093,27741.779023375315,27693.153543225355,27732.749478572812,6743,2026-01-15 11:13:29 IST,180,TradingView (REAL-TIME),1266,2s
NIFTY,22546.928751220978,22554.46023547895,22514.141451590218,22522.365277885227,6280,2026-01-15 11:13:31 IST,468,TradingView (REAL-TIME),1267,2s
BANKNIFTY,27732.749478572812,27781.776751581197,27722.8021633616,27776.974026345844,6881,2026-01-15 11:13:31 IST,487,TradingView (REAL-TIME),1268,2s
NIFTY,22522.365277885227,22544.992726804452,22516.011658350526,22542.24901387645,8251,2026-01-15 11:13:33 IST,335,TradingView (REAL-TIME),1269,2s
BANKNIFTY,27776.974026345844,27781.243790814562,27774.776106147205,27779.527699036087,8165,2026-01-15 11:13:33 IST,50,TradingView (REAL-TIME),1270,2s
NIFTY,22542.24901387645,22552.49680008462,22537.255278003886,22543.756311567933,2760,2026-01-15 11:13:35 IST,152,TradingView (REAL-TIME),1271,2s
BANKNIFTY,27779.527699036087,27794.43818151689,27778.05538811846,27787.2985866938,7210,2026-01-15 11:13:35 IST,308,TradingView (REAL-TIME),1272,2s
NIFTY,22543.756311567933,22607.545475836057,22541.267319836206,22605.526018341923,1804,2026-01-15 11:13:37 IST,97,TradingView (REAL-TIME),1273,2s
BANKNIFTY,27787.2985866938,27833.97412497575,27784.73056066811,27825.88680937081,7792,2026-01-15 11:13:37 IST,486,TradingView (REAL-TIME),1274,2s
NIFTY,22605.526018341923,22611.79027549944,22574.337139934956,22580.90206697614,8204,2026-01-15 11:13:39 IST,268,TradingView (REAL-TIME),1275,2s
BANKNIFTY,27825.88680937081,27835.512056609576,27797.759142750238,27802.249691894547,1120,2026-01-15 11:13:39 IST,232,TradingView (REAL-TIME),1276,2s
NIFTY,22580.90206697614,22631.079850962964,22571.335810729743,22621.939538856597,3902,2026-01-15 11:13:41 IST,128,TradingView (REAL-TIME),1277,2s
BANKNIFTY,27802.249691894547,27834.462496825097,27799.503867814787,27828.07307627657,6761,2026-01-15 11:13:42 IST,425,TradingView (REAL-TIME),1278,2s
NIFTY,22621.939538856597,22629.2424612293,22611.675331676255,22619.75149561075,6846,2026-01-15 11:13:44 IST,258,TradingView (REAL-TIME),1279,2s
BANKNIFTY,27828.07307627657,27831.833755840016,27739.390916552667,27744.695460465922,8155,2026-01-15 11:13:44 IST,450,TradingView (REAL-TIME),1280,2s
NIFTY,22619.75149561075,22678.647293006747,22619.047527413946,22674.452792478536,2499,2026-01-15 11:13:46 IST,269,TradingView (REAL-TIME),1281,2s
BANKNIFTY,27744.695460465922,27781.6740735056,27741.58800546738,27771.80917830334,8078,2026-01-15 11:13:46 IST,409,TradingView (REAL-TIME),1282,2s
NIFTY,22674.452792478536,22679.617075543447,22617.173608489782,22618.832658285563,5124,2026-01-15 11:13:48 IST,205,TradingView (REAL-TIME),1283,2s
BANKNIFTY,27771.80917830334,27846.40611718887,27763.54163917475,27845.382317959204,2675,2026-01-15 11:13:48 IST,220,TradingView (REAL-TIME),1284,2s
NIFTY,22618.832658285563,22678.1468579295,22610.565307385586,22673.747523502203,6561,2026-01-15 11:13:50 IST,136,TradingView (REAL-TIME),1285,2s
BANKNIFTY,27845.382317959204,27905.37333404151,27840.49105257188,27901.339757492267,5896,2026-01-15 11:13:50 IST,488,TradingView (REAL-TIME),1286,2s
NIFTY,22673.747523502203,22676.67624182119,22610.83274790071,22613.913604661324,7847,2026-01-15 11:13:52 IST,355,TradingView (REAL-TIME),1287,2s
BANKNIFTY,27901.339757492267,27974.58158813367,27891.71078691456,27968.51254777925,3645,2026-01-15 11:13:52 IST,280,TradingView (REAL-TIME),1288,2s
NIFTY,22613.913604661324,22664.197324594257,22604.672459786787,22656.477402639484,4740,2026-01-15 11:13:54 IST,68,TradingView (REAL-TIME),1289,2s
BANKNIFTY,27968.51254777925,27987.597592861108,27966.34850259119,27979.977076137715,2988,2026-01-15 11:13:54 IST,82,TradingView (REAL-TIME),1290,2s
NIFTY,22656.477402639484,22684.541067491184,22651.01500116523,22679.18628190015,9730,2026-01-15 11:13:56 IST,228,TradingView (REAL-TIME),1291,2s
BANKNIFTY,27979.977076137715,27999.649026337367,27975.615809715127,27993.363470443863,1730,2026-01-15 11:13:56 IST,84,TradingView (REAL-TIME),1292,2s
NIFTY,22679.18628190015,22692.628389109017,22669.189748952504,22686.980281581687,7071,2026-01-15 11:13:58 IST,65,TradingView (REAL-TIME),1293,2s
BANKNIFTY,27993.363470443863,27994.635473536924,27919.656046426568,27920.555600077187,1844,2026-01-15 11:13:58 IST,18,TradingView (REAL-TIME),1294,2s
NIFTY,22686.980281581687,22695.100769319775,22681.791635653037,22684.442191301227,1676,2026-01-15 11:14:00 IST,468,TradingView (REAL-TIME),1295,2s
BANKNIFTY,27920.555600077187,27920.661458965023,27842.148677507485,27846.81503091055,9451,2026-01-15 11:14:00 IST,192,TradingView (REAL-TIME),1296,2s
NIFTY,22684.442191301227,22685.888979507978,22635.65328221832,22644.387836664606,2747,2026-01-15 11:14:02 IST,49,TradingView (REAL-TIME),1297,2s
BANKNIFTY,27846.81503091055,27872.368510406526,27843.505016715655,27868.458142674943,9970,2026-01-15 11:14:02 IST,241,TradingView (REAL-TIME),1298,2s
NIFTY,22644.387836664606,22701.95763630852,22644.045367366034,22695.672031423954,8470,2026-01-15 11:14:04 IST,117,TradingView (REAL-TIME),1299,2s
BANKNIFTY,27868.458142674943,27872.714847848525,27863.403241195963,27868.11309780697,8877,2026-01-15 11:14:04 IST,93,TradingView (REAL-TIME),1300,2s
NIFTY,22695.672031423954,22698.520727120893,22663.957070857796,22667.805757180988,9649,2026-01-15 11:14:06 IST,470,TradingView (REAL-TIME),1301,2s
BANKNIFTY,27868.11309780697,27940.57862365266,27864.919518846058,27939.230627692184,4029,2026-01-15 11:14:06 IST,143,TradingView (REAL-TIME),1302,2s
NIFTY,22667.805757180988,22695.91997556119,22664.836295263693,22689.585015046174,3697,2026-01-15 11:14:08 IST,299,TradingView (REAL-TIME),1303,2s
BANKNIFTY,27939.230627692184,27943.2277909677,27874.48578391609,27882.320423813348,5580,2026-01-15 11:14:08 IST,47,TradingView (REAL-TIME),1304,2s
NIFTY,22689.585015046174,22720.073572079647,22688.974891624897,22715.85202060596,4177,2026-01-15 11:14:10 IST,27,TradingView (REAL-TIME),1305,2s
BANKNIFTY,27882.320423813348,27904.447700432913,27874.352446230285,27898.00818380973,9354,2026-01-15 11:14:10 IST,107,TradingView (REAL-TIME),1306,2s
NIFTY,22715.85202060596,22717.530980215117,22710.26770261761,22716.6824648089,9918,2026-01-15 11:14:12 IST,449,TradingView (REAL-TIME),1307,2s
BANKNIFTY,27898.00818380973,27905.80392242326,27886.768731449327,27893.112470980348,7210,2026-01-15 11:14:12 IST,31,TradingView (REAL-TIME),1308,2s
NIFTY,22716.6824648089,22726.077160583176,22696.723205757782,22696.852152998043,9606,2026-01-15 11:14:14 IST,39,TradingView (REAL-TIME),1309,2s
BANKNIFTY,27893.112470980348,27894.701295236217,27865.159576299426,27873.92951145501,6191,2026-01-15 11:14:14 IST,228,TradingView (REAL-TIME),1310,2s
NIFTY,22696.852152998043,22753.31399690446,22695.90109374832,22746.947868593674,1303,2026-01-15 11:14:16 IST,497,TradingView (REAL-TIME),1311,2s
BANKNIFTY,27873.92951145501,27879.17413071696,27852.383424058018,27853.342764170644,9912,2026-01-15 11:14:16 IST,365,TradingView (REAL-TIME),1312,2s
NIFTY,22746.947868593674,22805.37621639455,22743.191962181736,22800.589125844384,5318,2026-01-15 11:14:18 IST,183,TradingView (REAL-TIME),1313,2s
BANKNIFTY,27853.342764170644,27856.135678981012,27832.73202695116,27840.85265389413,5614,2026-01-15 11:14:19 IST,51,TradingView (REAL-TIME),1314,2s
NIFTY,22800.589125844384,22858.58619626499,22793.846067617134,22855.789710407065,4293,2026-01-15 11:14:21 IST,111,TradingView (REAL-TIME),1315,2s
BANKNIFTY,27840.85265389413,27847.788982264326,27800.278524430556,27807.084502663893,1978,2026-01-15 11:14:21 IST,381,TradingView (REAL-TIME),1316,2s
NIFTY,22855.789710407065,22857.708804723115,22826.57298069013,22827.75630705116,8342,2026-01-15 11:14:23 IST,498,TradingView (REAL-TIME),1317,2s
BANKNIFTY,27807.084502663893,27867.85270310968,27804.727409932104,27867.260671528114,4499,2026-01-15 11:14:23 IST,239,TradingView (REAL-TIME),1318,2s
NIFTY,22827.75630705116,22884.947402813203,22825.169154648833,22876.6842084308,6807,2026-01-15 11:14:25 IST,309,TradingView (REAL-TIME),1319,2s
BANKNIFTY,27867.260671528114,27876.222241101754,27850.763026109515,27856.29950557666,3082,2026-01-15 11:14:25 IST,201,TradingView (REAL-TIME),1320,2s
NIFTY,22876.6842084308,22906.753911554748,22873.199125233074,22899.96389548721,7923,2026-01-15 11:14:27 IST,13,TradingView (REAL-TIME),1321,2s
BANKNIFTY,27856.29950557666,27858.970112272116,27843.054126842315,27848.01695336593,4312,2026-01-15 11:14:27 IST,379,TradingView (REAL-TIME),1322,2s
NIFTY,22899.96389548721,22903.437793264213,22869.521033497014,22871.499448433464,8655,2026-01-15 11:14:29 IST,369,TradingView (REAL-TIME),1323,2s
BANKNIFTY,27848.01695336593,27856.987393436473,27817.616151001133,27821.01787113659,1461,2026-01-15 11:14:29 IST,132,TradingView (REAL-TIME),1324,2s
NIFTY,22871.499448433464,22875.360897465805,22834.707384280817,22839.494140262374,5595,2026-01-15 11:14:31 IST,247,TradingView (REAL-TIME),1325,2s
BANKNIFTY,27821.01787113659,27823.47828982852,27783.24039209499,27792.716982949463,5980,2026-01-15 11:14:31 IST,53,TradingView (REAL-TIME),1326,2s
NIFTY,22839.494140262374,22896.192922198163,22839.16717974823,22896.066294274893,2221,2026-01-15 11:14:33 IST,298,TradingView (REAL-TIME),1327,2s
BANKNIFTY,27792.716982949463,27822.430442124718,27787.369543276272,27816.86326302251,1345,2026-01-15 11:14:33 IST,81,TradingView (REAL-TIME),1328,2s
NIFTY,22896.066294274893,22905.673946785464,22827.413523204457,22833.34361837035,6893,2026-01-15 11:14:35 IST,453,TradingView (REAL-TIME),1329,2s
BANKNIFTY,27816.86326302251,27830.717839253117,27807.02114773561,27829.437322503527,2429,2026-01-15 11:14:35 IST,417,TradingView (REAL-TIME),1330,2s
NIFTY,22833.34361837035,22842.249979768367,22781.579256220164,22785.578804618053,4333,2026-01-15 11:14:37 IST,194,TradingView (REAL-TIME),1331,2s
BANKNIFTY,27829.437322503527,27857.407655786497,27823.874829509397,27851.72002416699,6074,2026-01-15 11:14:37 IST,497,TradingView (REAL-TIME),1332,2s
NIFTY,22785.578804618053,22819.44798796919,22785.075780229,22814.382434665335,4819,2026-01-15 11:14:39 IST,472,TradingView (REAL-TIME),1333,2s
BANKNIFTY,27851.72002416699,27856.397342457698,27827.053702374105,27829.55123794443,2649,2026-01-15 11:14:39 IST,222,TradingView (REAL-TIME),1334,2s
NIFTY,22814.382434665335,22817.025418585654,22787.581664513567,22789.16452429953,9135,2026-01-15 11:14:41 IST,416,TradingView (REAL-TIME),1335,2s
BANKNIFTY,27829.55123794443,27830.840200373874,27813.509500256954,27819.956858936333,2822,2026-01-15 11:14:41 IST,166,TradingView (REAL-TIME),1336,2s
NIFTY,22789.16452429953,22793.273249984606,22730.68695596402,22737.05374174325,1784,2026-01-15 11:14:43 IST,347,TradingView (REAL-TIME),1337,2s
BANKNIFTY,27819.956858936333,27849.918794515874,27810.903376227063,27843.26275891346,4202,2026-01-15 11:14:43 IST,402,TradingView (REAL-TIME),1338,2s
NIFTY,22737.05374174325,22739.856166538924,22698.41187458469,22701.883143687373,4773,2026-01-15 11:14:45 IST,124,TradingView (REAL-TIME),1339,2s
BANKNIFTY,27843.26275891346,27851.997828121373,27790.379806545632,27794.31210059213,8826,2026-01-15 11:14:45 IST,333,TradingView (REAL-TIME),1340,2s
NIFTY,22701.883143687373,22742.32341554837,22692.177751515646,22736.46909792465,1535,2026-01-15 11:14:47 IST,361,TradingView (REAL-TIME),1341,2s
BANKNIFTY,27794.31210059213,27862.81976716259,27792.29252775067,27862.020543740135,4787,2026-01-15 11:14:47 IST,205,TradingView (REAL-TIME),1342,2s
NIFTY,22736.46909792465,22739.30082900206,22730.177928114794,22731.73484563273,9232,2026-01-15 11:14:49 IST,144,TradingView (REAL-TIME),1343,2s
BANKNIFTY,27862.020543740135,27864.0261914273,27789.451527144967,27791.478368194115,7323,2026-01-15 11:14:49 IST,146,TradingView (REAL-TIME),1344,2s
NIFTY,22731.73484563273,22784.402033565497,22728.383898670963,22775.373011294414,8356,2026-01-15 11:14:52 IST,321,TradingView (REAL-TIME),1345,2s
BANKNIFTY,27791.478368194115,27857.75131635754,27784.89637380175,27852.520135943745,5397,2026-01-15 11:14:52 IST,446,TradingView (REAL-TIME),1346,2s
NIFTY,22775.373011294414,22847.477621606035,22769.21253418414,22841.84503113199,2201,2026-01-15 11:14:54 IST,347,TradingView (REAL-TIME),1347,2s
BANKNIFTY,27852.520135943745,27883.460831498465,27851.214282014105,27880.58362485386,5272,2026-01-15 11:14:54 IST,25,TradingView (REAL-TIME),1348,2s
NIFTY,22841.84503113199,22868.2709530747,22836.74085272994,22859.320810288074,3831,2026-01-15 11:14:56 IST,148,TradingView (REAL-TIME),1349,2s
BANKNIFTY,27880.58362485386,27889.971734326613,27808.394102701517,27814.77117235445,7789,2026-01-15 11:14:56 IST,409,TradingView (REAL-TIME),1350,2s
NIFTY,22859.320810288074,22934.493793288497,22852.063617188927,22926.3035741199,4173,2026-01-15 11:14:58 IST,312,TradingView (REAL-TIME),1351,2s
BANKNIFTY,27814.77117235445,27904.14927949367,27813.036726218437,27897.87006680595,8356,2026-01-15 11:14:58 IST,73,TradingView (REAL-TIME),1352,2s
NIFTY,22926.3035741199,22927.550684474405,22864.619759746554,22870.670110271316,6426,2026-01-15 11:15:00 IST,109,TradingView (REAL-TIME),1353,2s
BANKNIFTY,27897.87006680595,27952.79420904606,27891.88599951053,27951.51788789988,3781,2026-01-15 11:15:00 IST,405,TradingView (REAL-TIME),1354,2s
NIFTY,22870.670110271316,22946.660789984508,22861.740338932424,22938.796789647662,1493,2026-01-15 11:15:02 IST,208,TradingView (REAL-TIME),1355,2s
BANKNIFTY,27951.51788789988,27958.00358602223,27866.214622019223,27874.580182625174,5834,2026-01-15 11:15:02 IST,56,TradingView (REAL-TIME),1356,2s
NIFTY,22938.796789647662,22997.980241698468,22931.342283911712,22993.90464407873,4732,2026-01-15 11:15:04 IST,303,TradingView (REAL-TIME),1357,2s
BANKNIFTY,27874.580182625174,27876.12001150703,27840.709977660576,27843.456075474125,7849,2026-01-15 11:15:04 IST,357,TradingView (REAL-TIME),1358,2s
NIFTY,22993.90464407873,23067.116507307066,22986.344802218573,23059.26571552937,2919,2026-01-15 11:15:06 IST,293,TradingView (REAL-TIME),1359,2s
BANKNIFTY,27843.456075474125,27852.505993662977,27825.302258001848,27827.32455641004,6405,2026-01-15 11:15:06 IST,281,TradingView (REAL-TIME),1360,2s
NIFTY,23059.26571552937,23067.437667247807,23045.194233142785,23047.701703510942,6427,2026-01-15 11:15:08 IST,103,TradingView (REAL-TIME),1361,2s
BANKNIFTY,27827.32455641004,27831.074425113857,27760.490539638504,27764.225397808583,1726,2026-01-15 11:15:08 IST,11,TradingView (REAL-TIME),1362,2s
NIFTY,23047.701703510942,23054.82428724957,23021.81508187308,23022.58548711001,5342,2026-01-15 11:15:10 IST,256,TradingView (REAL-TIME),1363,2s
BANKNIFTY,27764.225397808583,27824.52817608444,27754.753167784103,27822.349725711716,6256,2026-01-15 11:15:10 IST,452,TradingView (REAL-TIME),1364,2s
NIFTY,23022.58548711001,23031.953871557085,23017.796700580897,23023.002823906892,7208,2026-01-15 11:15:12 IST,472,TradingView (REAL-TIME),1365,2s
BANKNIFTY,27822.349725711716,27831.90392661302,27819.55684507104,27819.845413192652,4044,2026-01-15 11:15:12 IST,224,TradingView (REAL-TIME),1366,2s
NIFTY,23023.002823906892,23024.114180137003,22989.670677418835,22994.79789173495,7417,2026-01-15 11:15:14 IST,39,TradingView (REAL-TIME),1367,2s
BANKNIFTY,27819.845413192652,27897.48108345587,27813.448726854578,27893.447444996145,8890,2026-01-15 11:15:14 IST,363,TradingView (REAL-TIME),1368,2s
NIFTY,22994.79789173495,23017.36669574147,22990.956689506853,23007.496307716563,4600,2026-01-15 11:15:16 IST,341,TradingView (REAL-TIME),1369,2s
BANKNIFTY,27893.447444996145,27897.124997894545,27834.783058671914,27842.81919134759,7642,2026-01-15 11:15:17 IST,329,TradingView (REAL-TIME),1370,2s
NIFTY,23007.496307716563,23017.726868498103,23000.56631050454,23016.76851294274,8149,2026-01-15 11:15:19 IST,146,TradingView (REAL-TIME),1371,2s
BANKNIFTY,27842.81919134759,27848.258736442556,27814.98265627431,27821.248733308235,8024,2026-01-15 11:15:19 IST,454,TradingView (REAL-TIME),1372,2s
NIFTY,23016.76851294274,23026.5586980444,22947.299541358454,22953.161700628956,7854,2026-01-15 11:15:21 IST,403,TradingView (REAL-TIME),1373,2s
BANKNIFTY,27821.248733308235,27846.009924328362,27820.184471285258,27843.76738210195,9442,2026-01-15 11:15:21 IST,124,TradingView (REAL-TIME),1374,2s
NIFTY,22953.161700628956,22959.64997915128,22951.37973055766,22957.558345500172,5870,2026-01-15 11:15:23 IST,307,TradingView (REAL-TIME),1375,2s
BANKNIFTY,27843.76738210195,27888.902031223846,27840.836648387518,27879.38246524465,3031,2026-01-15 11:15:23 IST,136,TradingView (REAL-TIME),1376,2s
NIFTY,22957.558345500172,23024.296563209828,22956.568652882896,23015.331064621627,1058,2026-01-15 11:15:25 IST,399,TradingView (REAL-TIME),1377,2s
BANKNIFTY,27879.38246524465,27888.13085133117,27877.4981743687,27887.06951648586,5566,2026-01-15 11:15:25 IST,50,TradingView (REAL-TIME),1378,2s
NIFTY,23015.331064621627,23023.952224513454,22984.32222930088,22985.37814869847,1388,2026-01-15 11:15:27 IST,331,TradingView (REAL-TIME),1379,2s
BANKNIFTY,27887.06951648586,27902.980715861093,27878.346845708555,27897.19221709502,3121,2026-01-15 11:15:27 IST,294,TradingView (REAL-TIME),1380,2s
NIFTY,22985.37814869847,23045.061553896267,22976.051134211553,23042.829918766776,6352,2026-01-15 11:15:29 IST,28,TradingView (REAL-TIME),1381,2s
BANKNIFTY,27897.19221709502,27976.99213438021,27895.422865304216,27973.602234483846,3628,2026-01-15 11:15:29 IST,292,TradingView (REAL-TIME),1382,2s
NIFTY,23042.829918766776,23057.31530370861,23040.14913198861,23055.027735424053,5274,2026-01-15 11:15:31 IST,135,TradingView (REAL-TIME),1383,2s
BANKNIFTY,27973.602234483846,27982.747113863294,27899.584775327574,27907.585484772397,7056,2026-01-15 11:15:31 IST,74,TradingView (REAL-TIME),1384,2s
NIFTY,23055.027735424053,23055.626966245956,23037.778811886354,23045.418214433437,1126,2026-01-15 11:15:33 IST,492,TradingView (REAL-TIME),1385,2s
BANKNIFTY,27907.585484772397,27969.678131059496,27904.08217544865,27968.677326840327,8222,2026-01-15 11:15:33 IST,205,TradingView (REAL-TIME),1386,2s
NIFTY,23045.418214433437,23118.14298867531,23044.732165802885,23112.21290082282,4757,2026-01-15 11:15:35 IST,349,TradingView (REAL-TIME),1387,2s
BANKNIFTY,27968.677326840327,28052.377110842044,27962.72779422749,28051.196251213718,5498,2026-01-15 11:15:35 IST,383,TradingView (REAL-TIME),1388,2s
NIFTY,23112.21290082282,23129.840399061057,23105.200865011473,23129.295303631985,2043,2026-01-15 11:15:37 IST,369,TradingView (REAL-TIME),1389,2s
BANKNIFTY,28051.196251213718,28057.64276406836,28030.715735515318,28032.94932888988,8543,2026-01-15 11:15:37 IST,124,TradingView (REAL-TIME),1390,2s
NIFTY,23129.295303631985,23136.596601626108,23115.28023196196,23118.65091876952,7807,2026-01-15 11:15:39 IST,471,TradingView (REAL-TIME),1391,2s
BANKNIFTY,28032.94932888988,28111.524342314828,28030.539810904767,28105.11141120916,1146,2026-01-15 11:15:39 IST,347,TradingView (REAL-TIME),1392,2s
NIFTY,23118.65091876952,23123.381761671524,23110.09382551875,23119.663370813563,3936,2026-01-15 11:15:41 IST,434,TradingView (REAL-TIME),1393,2s
BANKNIFTY,28105.11141120916,28170.73253930026,28104.28128000645,28163.590578067553,4092,2026-01-15 11:15:41 IST,370,TradingView (REAL-TIME),1394,2s
NIFTY,23119.663370813563,23123.070505952815,23087.4129407223,23094.71883555045,7605,2026-01-15 11:15:43 IST,454,TradingView (REAL-TIME),1395,2s
BANKNIFTY,28163.590578067553,28175.75334048998,28160.43533287104,28167.58814798096,9346,2026-01-15 11:15:43 IST,371,TradingView (REAL-TIME),1396,2s
NIFTY,23094.71883555045,23148.87688489762,23086.24956675359,23145.077588690747,3120,2026-01-15 11:15:45 IST,289,TradingView (REAL-TIME),1397,2s
BANKNIFTY,28167.58814798096,28170.64173156474,28085.1751245357,28086.064192307087,4243,2026-01-15 11:15:45 IST,339,TradingView (REAL-TIME),1398,2s
NIFTY,23145.077588690747,23151.269257037886,23126.070466828853,23126.204184536702,4474,2026-01-15 11:15:47 IST,245,TradingView (REAL-TIME),1399,2s
BANKNIFTY,28086.064192307087,28086.828700206905,28051.398585625844,28052.68408282969,5534,2026-01-15 11:15:47 IST,278,TradingView (REAL-TIME),1400,2s
NIFTY,23126.204184536702,23146.04420738984,23119.31332736747,23142.209584768618,6433,2026-01-15 11:15:49 IST,321,TradingView (REAL-TIME),1401,2s
BANKNIFTY,28052.68408282969,28054.44841110892,28038.416049148116,28040.062820411596,8079,2026-01-15 11:15:49 IST,129,TradingView (REAL-TIME),1402,2s
NIFTY,23142.209584768618,23147.50967621917,23110.655231859793,23115.069527331354,2667,2026-01-15 11:15:51 IST,347,TradingView (REAL-TIME),1403,2s
BANKNIFTY,28040.062820411596,28042.612525135646,27987.94938259611,27988.13417152256,6625,2026-01-15 11:15:51 IST,363,TradingView (REAL-TIME),1404,2s
NIFTY,23115.069527331354,23116.023438165743,23043.30105832111,23046.591970988127,7959,2026-01-15 11:15:53 IST,232,TradingView (REAL-TIME),1405,2s
BANKNIFTY,27988.13417152256,27995.69705225732,27953.703282359606,27957.237986176762,4076,2026-01-15 11:15:54 IST,160,TradingView (REAL-TIME),1406,2s
NIFTY,23046.591970988127,23092.614650620235,23040.238236288347,23092.077591130263,5918,2026-01-15 11:15:56 IST,326,TradingView (REAL-TIME),1407,2s
BANKNIFTY,27957.237986176762,27966.87086471757,27941.831518717067,27947.842211642845,1145,2026-01-15 11:15:56 IST,138,TradingView (REAL-TIME),1408,2s
NIFTY,23092.077591130263,23158.337025858036,23086.069542399055,23151.19010155133,7857,2026-01-15 11:15:58 IST,70,TradingView (REAL-TIME),1409,2s
BANKNIFTY,27947.842211642845,27997.84722911608,27944.506092321306,27989.87806041447,3925,2026-01-15 11:15:58 IST,134,TradingView (REAL-TIME),1410,2s
NIFTY,23151.19010155133,23160.925846975882,23148.49291672214,23159.298114722344,5126,2026-01-15 11:16:00 IST,112,TradingView (REAL-TIME),1411,2s
BANKNIFTY,27989.87806041447,27991.0534904154,27929.924692128498,27936.2640865214,1556,2026-01-15 11:16:00 IST,16,TradingView (REAL-TIME),1412,2s
NIFTY,23159.298114722344,23211.41606302527,23158.386771623722,23201.969372324478,1417,2026-01-15 11:16:02 IST,320,TradingView (REAL-TIME),1413,2s
BANKNIFTY,27936.2640865214,27950.20248884803,27934.761758818873,27949.983259945602,8906,2026-01-15 11:16:02 IST,394,TradingView (REAL-TIME),1414,2s
NIFTY,23201.969372324478,23207.997980327862,23142.294818657363,23151.30831019378,6548,2026-01-15 11:16:04 IST,433,TradingView (REAL-TIME),1415,2s
BANKNIFTY,27949.983259945602,27989.14882322418,27946.486852266393,27979.748885128836,5297,2026-01-15 11:16:04 IST,479,TradingView (REAL-TIME),1416,2s
NIFTY,23151.30831019378,23225.316719848528,23148.706768989152,23217.84955379101,7988,2026-01-15 11:16:06 IST,431,TradingView (REAL-TIME),1417,2s
BANKNIFTY,27979.748885128836,28033.930227993656,27978.78453166913,28026.77924847063,7098,2026-01-15 11:16:06 IST,376,TradingView (REAL-TIME),1418,2s
NIFTY,23217.84955379101,23253.102525177055,23216.150384480632,23245.57408818288,1740,2026-01-15 11:16:08 IST,241,TradingView (REAL-TIME),1419,2s
BANKNIFTY,28026.77924847063,28030.63495179487,27996.329727166678,27996.57452833002,6419,2026-01-15 11:16:08 IST,34,TradingView (REAL-TIME),1420,2s
NIFTY,23245.57408818288,23274.433863203263,23236.655019755377,23274.350384044075,4805,2026-01-15 11:16:10 IST,368,TradingView (REAL-TIME),1421,2s
BANKNIFTY,27996.57452833002,28032.439191005396,27992.996075320414,28027.007363569548,7753,2026-01-15 11:16:10 IST,397,TradingView (REAL-TIME),1422,2s
NIFTY,23274.350384044075,23306.792745288763,23267.45652641529,23298.437480176868,7725,2026-01-15 11:16:12 IST,332,TradingView (REAL-TIME),1423,2s
BANKNIFTY,28027.007363569548,28034.64177708907,27990.14962353323,27992.610504558288,9484,2026-01-15 11:16:12 IST,279,TradingView (REAL-TIME),1424,2s
NIFTY,23298.437480176868,23305.12519362655,23282.42853221587,23290.724464280207,7490,2026-01-15 11:16:14 IST,399,TradingView (REAL-TIME),1425,2s
BANKNIFTY,27992.610504558288,28032.06407241643,27990.040845069307,28031.967000586817,7290,2026-01-15 11:16:14 IST,58,TradingView (REAL-TIME),1426,2s
NIFTY,23290.724464280207,23304.375286453327,23284.76979477058,23296.743535115776,4268,2026-01-15 11:16:16 IST,384,TradingView (REAL-TIME),1427,2s
BANKNIFTY,28031.967000586817,28081.864795884343,28029.787450574368,28077.133966127163,9432,2026-01-15 11:16:16 IST,264,TradingView (REAL-TIME),1428,2s
NIFTY,23296.743535115776,23297.573409640703,23265.054580551696,23269.60059575048,5710,2026-01-15 11:16:18 IST,94,TradingView (REAL-TIME),1429,2s
BANKNIFTY,28077.133966127163,28079.04422523202,28067.105348868914,28074.75289303675,6411,2026-01-15 11:16:19 IST,309,TradingView (REAL-TIME),1430,2s
NIFTY,23269.60059575048,23277.41751267836,23255.727440681672,23264.22515479956,1331,2026-01-15 11:16:21 IST,304,TradingView (REAL-TIME),1431,2s
BANKNIFTY,28074.75289303675,28084.54110763522,28028.231471668943,28031.284951761598,6251,2026-01-15 11:16:21 IST,380,TradingView (REAL-TIME),1432,2s
NIFTY,23264.22515479956,23264.24525908265,23222.95526559374,23226.206839977312,8064,2026-01-15 11:16:23 IST,177,TradingView (REAL-TIME),1433,2s
BANKNIFTY,28031.284951761598,28039.149343371922,27994.400379690498,28000.08404493198,1636,2026-01-15 11:16:23 IST,119,TradingView (REAL-TIME),1434,2s
NIFTY,23226.206839977312,23265.49067613606,23219.758610067252,23260.574066091114,5411,2026-01-15 11:16:25 IST,94,TradingView (REAL-TIME),1435,2s
BANKNIFTY,28000.08404493198,28062.286759415467,27996.61471690716,28057.16854492548,9260,2026-01-15 11:16:25 IST,375,TradingView (REAL-TIME),1436,2s
NIFTY,23260.574066091114,23333.97657321827,23251.09657229508,23325.951185050133,1309,2026-01-15 11:16:27 IST,101,TradingView (REAL-TIME),1437,2s
BANKNIFTY,28057.16854492548,28062.303048601432,27995.79234535729,28000.024136593416,4214,2026-01-15 11:16:27 IST,214,TradingView (REAL-TIME),1438,2s
NIFTY,23325.951185050133,23335.43340654985,23273.2140487865,23273.93417516382,1752,2026-01-15 11:16:29 IST,414,TradingView (REAL-TIME),1439,2s
BANKNIFTY,28000.024136593416,28045.512696347676,27996.305819882986,28044.25930415531,3016,2026-01-15 11:16:29 IST,471,TradingView (REAL-TIME),1440,2s
NIFTY,23273.93417516382,23276.458219874818,23217.574241079023,23221.756522537322,7803,2026-01-15 11:16:31 IST,162,TradingView (REAL-TIME),1441,2s
BANKNIFTY,28044.25930415531,28125.248064432442,28035.882386601468,28123.660866745864,8853,2026-01-15 11:16:31 IST,213,TradingView (REAL-TIME),1442,2s
NIFTY,23221.756522537322,23230.590253257375,23173.115347628205,23179.223613103495,2766,2026-01-15 11:16:33 IST,302,TradingView (REAL-TIME),1443,2s
BANKNIFTY,28123.660866745864,28178.148969349273,28114.25203954691,28170.012720303435,6884,2026-01-15 11:16:33 IST,452,TradingView (REAL-TIME),1444,2s
NIFTY,23179.223613103495,23183.567279276504,23137.023925175497,23146.464684028924,3226,2026-01-15 11:16:35 IST,351,TradingView (REAL-TIME),1445,2s
BANKNIFTY,28170.012720303435,28193.522366776535,28166.184815902736,28192.582489622153,9473,2026-01-15 11:16:35 IST,230,TradingView (REAL-TIME),1446,2s
NIFTY,23146.464684028924,23154.472185087292,23113.45861774652,23120.75679095556,1893,2026-01-15 11:16:37 IST,93,TradingView (REAL-TIME),1447,2s
BANKNIFTY,28192.582489622153,28192.7205604571,28124.192258618008,28127.181401775943,5686,2026-01-15 11:16:37 IST,453,TradingView (REAL-TIME),1448,2s
NIFTY,23120.75679095556,23135.875193392785,23112.288280156372,23127.52219348903,6660,2026-01-15 11:16:39 IST,384,TradingView (REAL-TIME),1449,2s
BANKNIFTY,28127.181401775943,28175.485018028634,28118.295882705665,28167.389026400975,1340,2026-01-15 11:16:39 IST,498,TradingView (REAL-TIME),1450,2s
NIFTY,23127.52219348903,23128.749490440794,23079.265151093186,23083.728257973427,8330,2026-01-15 11:16:41 IST,85,TradingView (REAL-TIME),1451,2s
BANKNIFTY,28167.389026400975,28196.6803414532,28165.25911751579,28189.103628749956,5745,2026-01-15 11:16:41 IST,495,TradingView (REAL-TIME),1452,2s
NIFTY,23083.728257973427,23134.969670390696,23076.558546181386,23125.86546060064,2732,2026-01-15 11:16:43 IST,59,TradingView (REAL-TIME),1453,2s
BANKNIFTY,28189.103628749956,28193.952210147007,28160.573072454827,28162.450424136146,3375,2026-01-15 11:16:43 IST,485,TradingView (REAL-TIME),1454,2s
NIFTY,23125.86546060064,23130.47125713005,23104.937486815496,23110.71347529421,3422,2026-01-15 11:16:45 IST,21,TradingView (REAL-TIME),1455,2s
BANKNIFTY,28162.450424136146,28176.77024590775,28153.0825252782,28170.883357430004,7222,2026-01-15 11:16:45 IST,382,TradingView (REAL-TIME),1456,2s
NIFTY,23110.71347529421,23137.803741538828,23108.788693816266,23136.451843173705,3257,2026-01-15 11:16:47 IST,344,TradingView (REAL-TIME),1457,2s
BANKNIFTY,28170.883357430004,28179.543167338208,28163.85196950533,28168.506947122623,2416,2026-01-15 11:16:47 IST,214,TradingView (REAL-TIME),1458,2s
NIFTY,23136.451843173705,23136.817444596785,23131.399947022448,23131.754993737344,1403,2026-01-15 11:16:49 IST,356,TradingView (REAL-TIME),1459,2s
BANKNIFTY,28168.506947122623,28173.117630539215,28143.303208128378,28146.774597431384,6865,2026-01-15 11:16:49 IST,377,TradingView (REAL-TIME),1460,2s
NIFTY,23131.754993737344,23146.404236697403,23129.201913710283,23137.81995839482,8491,2026-01-15 11:16:51 IST,223,TradingView (REAL-TIME),1461,2s
BANKNIFTY,28146.774597431384,28197.49689362594,28137.502607730083,28197.21434453997,7922,2026-01-15 11:16:51 IST,70,TradingView (REAL-TIME),1462,2s
NIFTY,23137.81995839482,23137.906455651577,23099.853143363838,23104.245152809097,3056,2026-01-15 11:16:54 IST,49,TradingView (REAL-TIME),1463,2s
BANKNIFTY,28197.21434453997,28213.091462366305,28190.37650381768,28209.142762388346,1867,2026-01-15 11:16:54 IST,435,TradingView (REAL-TIME),1464,2s
NIFTY,23104.245152809097,23138.023326789582,23101.48370110211,23135.3475819144,8958,2026-01-15 11:16:56 IST,100,TradingView (REAL-TIME),1465,2s
BANKNIFTY,28209.142762388346,28213.866900498975,28168.063118886854,28176.46289959303,1277,2026-01-15 11:16:56 IST,110,TradingView (REAL-TIME),1466,2s
NIFTY,23135.3475819144,23136.98234865769,23063.575018081803,23068.650458151504,3535,2026-01-15 11:16:58 IST,307,TradingView (REAL-TIME),1467,2s
BANKNIFTY,28176.46289959303,28226.833686697384,28172.38506339252,28226.347031467863,4109,2026-01-15 11:16:58 IST,486,TradingView (REAL-TIME),1468,2s
NIFTY,23068.650458151504,23076.608047801124,23067.231503917785,23068.857126169212,2844,2026-01-15 11:17:00 IST,362,TradingView (REAL-TIME),1469,2s
BANKNIFTY,28226.347031467863,28235.74561223475,28205.649026054645,28214.85400589509,7160,2026-01-15 11:17:00 IST,273,TradingView (REAL-TIME),1470,2s
NIFTY,23068.857126169212,23078.64297590533,23056.27942904293,23065.954607202424,6848,2026-01-15 11:17:02 IST,346,TradingView (REAL-TIME),1471,2s
BANKNIFTY,28214.85400589509,28280.7048572696,28210.98139982361,28278.338695701,4952,2026-01-15 11:17:02 IST,244,TradingView (REAL-TIME),1472,2s
NIFTY,23065.954607202424,23140.130868325912,23060.033149785395,23133.355896550664,2221,2026-01-15 11:17:04 IST,436,TradingView (REAL-TIME),1473,2s
BANKNIFTY,28278.338695701,28286.451077826812,28266.025225736113,28269.847902004585,4959,2026-01-15 11:17:04 IST,84,TradingView (REAL-TIME),1474,2s
NIFTY,23133.355896550664,23141.571492596246,23081.61420646022,23082.86451010527,8364,2026-01-15 11:17:06 IST,296,TradingView (REAL-TIME),1475,2s
BANKNIFTY,28269.847902004585,28321.715409314445,28264.762747607845,28320.474285797758,4457,2026-01-15 11:17:06 IST,448,TradingView (REAL-TIME),1476,2s
NIFTY,23082.86451010527,23088.78076753396,23070.37967603254,23071.14338938365,1950,2026-01-15 11:17:08 IST,272,TradingView (REAL-TIME),1477,2s
BANKNIFTY,28320.474285797758,28328.859202547126,28301.822381864622,28304.575557068736,5472,2026-01-15 11:17:08 IST,374,TradingView (REAL-TIME),1478,2s
NIFTY,23071.14338938365,23145.354188454912,23070.09421955502,23135.76069629983,1325,2026-01-15 11:17:10 IST,13,TradingView (REAL-TIME),1479,2s
BANKNIFTY,28304.575557068736,28306.717282826736,28277.652175214396,28287.21816681319,3828,2026-01-15 11:17:10 IST,324,TradingView (REAL-TIME),1480,2s
NIFTY,23135.76069629983,23141.37623468585,23125.40494060138,23129.024221598338,6235,2026-01-15 11:17:12 IST,337,TradingView (REAL-TIME),1481,2s
BANKNIFTY,28287.21816681319,28294.86488249268,28246.497981699064,28247.256897211308,7981,2026-01-15 11:17:12 IST,314,TradingView (REAL-TIME),1482,2s
NIFTY,23129.024221598338,23145.200363513108,23125.86487742508,23139.275087290545,4439,2026-01-15 11:17:14 IST,347,TradingView (REAL-TIME),1483,2s
BANKNIFTY,28247.256897211308,28280.72053654766,28247.089094189072,28274.580065833416,3879,2026-01-15 11:17:14 IST,122,TradingView (REAL-TIME),1484,2s
NIFTY,23139.275087290545,23190.88315218005,23135.724343330632,23181.189570285318,2651,2026-01-15 11:17:16 IST,299,TradingView (REAL-TIME),1485,2s
BANKNIFTY,28274.580065833416,28287.655907757395,28272.231237406497,28282.3841690544,9105,2026-01-15 11:17:17 IST,165,TradingView (REAL-TIME),1486,2s
NIFTY,23181.189570285318,23214.27616249114,23179.734169861615,23205.97996702848,3251,2026-01-15 11:17:19 IST,431,TradingView (REAL-TIME),1487,2s
BANKNIFTY,28282.3841690544,28343.08316967042,28274.33802672596,28338.330488813477,7148,2026-01-15 11:17:19 IST,367,TradingView (REAL-TIME),1488,2s
NIFTY,23205.97996702848,23268.225838078466,23203.94710015128,23261.738657295602,7060,2026-01-15 11:17:21 IST,136,TradingView (REAL-TIME),1489,2s
BANKNIFTY,28338.330488813477,28340.688252231816,28267.617548541148,28270.134152847775,2996,2026-01-15 11:17:21 IST,358,TradingView (REAL-TIME),1490,2s
NIFTY,23261.738657295602,23292.65427579702,23254.74128444993,23288.362378071834,9046,2026-01-15 11:17:23 IST,319,TradingView (REAL-TIME),1491,2s
BANKNIFTY,28270.134152847775,28336.116495104292,28267.214001409913,28327.78059423658,1674,2026-01-15 11:17:23 IST,340,TradingView (REAL-TIME),1492,2s
NIFTY,23288.362378071834,23288.71151625769,23277.09247525052,23283.309473233403,7434,2026-01-15 11:17:25 IST,234,TradingView (REAL-TIME),1493,2s
BANKNIFTY,28327.78059423658,28334.164129487275,28285.93275013497,28291.437407500336,7829,2026-01-15 11:17:25 IST,449,TradingView (REAL-TIME),1494,2s
NIFTY,23283.309473233403,23344.83597567858,23282.55559722819,23337.505032245113,3297,2026-01-15 11:17:27 IST,394,TradingView (REAL-TIME),1495,2s
BANKNIFTY,28291.437407500336,28368.65210334023,28290.930584181617,28368.499854954505,3994,2026-01-15 11:17:27 IST,258,TradingView (REAL-TIME),1496,2s
NIFTY,23337.505032245113,23341.92814535966,23328.556414406106,23336.351600871665,2604,2026-01-15 11:17:29 IST,348,TradingView (REAL-TIME),1497,2s
BANKNIFTY,28368.499854954505,28399.44423393056,28359.88682957239,28395.124100701625,6525,2026-01-15 11:17:29 IST,415,TradingView (REAL-TIME),1498,2s
NIFTY,23336.351600871665,23412.404128009566,23335.586074284452,23403.527873815714,4230,2026-01-15 11:17:31 IST,360,TradingView (REAL-TIME),1499,2s
BANKNIFTY,28395.124100701625,28458.909679887354,28389.178439013238,28452.64750521164,1169,2026-01-15 11:17:31 IST,158,TradingView (REAL-TIME),1500,2s
NIFTY,23403.527873815714,23411.64945825066,23341.59233215265,23349.38615510016,7218,2026-01-15 11:17:33 IST,53,TradingView (REAL-TIME),1501,2s
BANKNIFTY,28452.64750521164,28499.9770408026,28446.61696274824,28497.888907570014,7356,2026-01-15 11:17:33 IST,466,TradingView (REAL-TIME),1502,2s
NIFTY,23349.38615510016,23352.335570501786,23345.75368985153,23346.997941979374,1751,2026-01-15 11:17:35 IST,499,TradingView (REAL-TIME),1503,2s
BANKNIFTY,28497.888907570014,28504.766265455928,28486.273496856862,28488.370952343146,8622,2026-01-15 11:17:35 IST,10,TradingView (REAL-TIME),1504,2s
NIFTY,23346.997941979374,23352.100832175496,23338.540570169687,23348.81991508834,3495,2026-01-15 11:17:37 IST,190,TradingView (REAL-TIME),1505,2s
BANKNIFTY,28488.370952343146,28529.42671673947,28483.93945633924,28528.307969466412,9429,2026-01-15 11:17:37 IST,27,TradingView (REAL-TIME),1506,2s
NIFTY,23348.81991508834,23422.31613644288,23347.470299216864,23417.29944907268,8627,2026-01-15 11:17:39 IST,432,TradingView (REAL-TIME),1507,2s
BANKNIFTY,28528.307969466412,28559.18370326888,28525.23638141675,28550.057048160998,3631,2026-01-15 11:17:40 IST,155,TradingView (REAL-TIME),1508,2s
NIFTY,23417.29944907268,23488.65462426952,23415.20720770823,23482.127799095335,6308,2026-01-15 11:17:42 IST,63,TradingView (REAL-TIME),1509,2s
BANKNIFTY,28550.057048160998,28584.06280234203,28542.23566898875,28582.67307540045,7981,2026-01-15 11:17:42 IST,363,TradingView (REAL-TIME),1510,2s
NIFTY,23482.127799095335,23498.615303620518,23473.7715208888,23496.719668836773,5481,2026-01-15 11:17:44 IST,139,TradingView (REAL-TIME),1511,2s
BANKNIFTY,28582.67307540045,28583.13900084482,28519.81865222827,28523.673118518753,9557,2026-01-15 11:17:44 IST,160,TradingView (REAL-TIME),1512,2s
NIFTY,23496.719668836773,23499.57349685568,23451.688643624944,23456.962488931054,1072,2026-01-15 11:17:46 IST,229,TradingView (REAL-TIME),1513,2s
BANKNIFTY,28523.673118518753,28591.213963122093,28522.88547385135,28590.43720134546,5183,2026-01-15 11:17:46 IST,445,TradingView (REAL-TIME),1514,2s
NIFTY,23456.962488931054,23458.608054729837,23412.370809734628,23421.215768872145,7372,2026-01-15 11:17:48 IST,205,TradingView (REAL-TIME),1515,2s
BANKNIFTY,28590.43720134546,28598.249977459775,28525.022649028557,28534.686626382332,7942,2026-01-15 11:17:48 IST,48,TradingView (REAL-TIME),1516,2s
NIFTY,23421.215768872145,23422.68238569441,23417.598367695657,23422.452819254802,9887,2026-01-15 11:17:50 IST,311,TradingView (REAL-TIME),1517,2s
BANKNIFTY,28534.686626382332,28537.769814470954,28503.12217503295,28510.027695238754,6065,2026-01-15 11:17:50 IST,418,TradingView (REAL-TIME),1518,2s
NIFTY,23422.452819254802,23474.67854805969,23416.879151661855,23472.313871949216,7829,2026-01-15 11:17:52 IST,294,TradingView (REAL-TIME),1519,2s
BANKNIFTY,28510.027695238754,28551.324390350757,28502.64697041961,28543.580066961957,4346,2026-01-15 11:17:52 IST,42,TradingView (REAL-TIME),1520,2s
NIFTY,23472.313871949216,23477.401928755295,23410.227445018452,23419.912653096,3185,2026-01-15 11:17:54 IST,493,TradingView (REAL-TIME),1521,2s
BANKNIFTY,28543.580066961957,28546.27437012374,28533.043562331597,28542.293718163786,9173,2026-01-15 11:17:54 IST,387,TradingView (REAL-TIME),1522,2s
NIFTY,23419.912653096,23496.743297165125,23414.162081199425,23488.229670285287,2410,2026-01-15 11:17:56 IST,412,TradingView (REAL-TIME),1523,2s
BANKNIFTY,28542.293718163786,28543.848173977472,28522.478605042106,28525.057039335883,2680,2026-01-15 11:17:56 IST,420,TradingView (REAL-TIME),1524,2s
NIFTY,23488.229670285287,23556.426788215795,23482.36393383189,23554.99823300074,2561,2026-01-15 11:17:58 IST,238,TradingView (REAL-TIME),1525,2s
BANKNIFTY,28525.057039335883,28533.930950603582,28512.367201949844,28516.61010105364,6133,2026-01-15 11:17:58 IST,404,TradingView (REAL-TIME),1526,2s
NIFTY,23554.99823300074,23557.81017452003,23501.369904967054,23501.96400428603,4506,2026-01-15 11:18:00 IST,176,TradingView (REAL-TIME),1527,2s
BANKNIFTY,28516.61010105364,28541.09306755214,28509.84774811138,28534.825558702498,8981,2026-01-15 11:18:00 IST,348,TradingView (REAL-TIME),1528,2s
NIFTY,23501.96400428603,23571.461942231548,23492.332342453028,23568.221442903523,6297,2026-01-15 11:18:02 IST,362,TradingView (REAL-TIME),1529,2s
BANKNIFTY,28534.825558702498,28535.464811645772,28514.879618965613,28520.7019722552,8145,2026-01-15 11:18:02 IST,181,TradingView (REAL-TIME),1530,2s
NIFTY,23568.221442903523,23597.66427309108,23566.497308951555,23595.95358942981,2785,2026-01-15 11:18:05 IST,490,TradingView (REAL-TIME),1531,2s
BANKNIFTY,28520.7019722552,28522.37409017569,28460.41370870355,28466.02848636358,6600,2026-01-15 11:18:05 IST,269,TradingView (REAL-TIME),1532,2s
NIFTY,23595.95358942981,23602.704843457006,23581.964255808678,23590.526499050287,1555,2026-01-15 11:18:07 IST,366,TradingView (REAL-TIME),1533,2s
BANKNIFTY,28466.02848636358,28480.786153443045,28459.519267289557,28476.971452292808,3659,2026-01-15 11:18:07 IST,125,TradingView (REAL-TIME),1534,2s
NIFTY,23590.526499050287,23635.430290645447,23581.032043423846,23628.166117581815,8066,2026-01-15 11:18:09 IST,267,TradingView (REAL-TIME),1535,2s
BANKNIFTY,28476.971452292808,28484.904549414896,28402.22210535799,28404.853196100856,5318,2026-01-15 11:18:09 IST,325,TradingView (REAL-TIME),1536,2s
NIFTY,23628.166117581815,23636.51705115587,23585.815456815697,23594.99621570632,4730,2026-01-15 11:18:11 IST,290,TradingView (REAL-TIME),1537,2s
BANKNIFTY,28404.853196100856,28465.275147692635,28404.753529555648,28457.004214883076,9199,2026-01-15 11:18:11 IST,72,TradingView (REAL-TIME),1538,2s
NIFTY,23594.99621570632,23601.478508103828,23547.52711690873,23553.73738874342,9603,2026-01-15 11:18:13 IST,352,TradingView (REAL-TIME),1539,2s
BANKNIFTY,28457.004214883076,28459.70449989144,28418.689105043155,28427.772578800374,9746,2026-01-15 11:18:13 IST,234,TradingView (REAL-TIME),1540,2s
NIFTY,23553.73738874342,23587.01565655475,23550.69901000759,23585.458341819278,3627,2026-01-15 11:18:15 IST,29,TradingView (REAL-TIME),1541,2s
BANKNIFTY,28427.772578800374,28428.992846731886,28407.72816292785,28411.497973160323,2682,2026-01-15 11:18:15 IST,449,TradingView (REAL-TIME),1542,2s
NIFTY,23585.458341819278,23661.66995205339,23576.338071337734,23653.715728664447,5665,2026-01-15 11:18:17 IST,78,TradingView (REAL-TIME),1543,2s
BANKNIFTY,28411.497973160323,28418.01051008319,28396.5549830286,28400.87897324983,8691,2026-01-15 11:18:17 IST,69,TradingView (REAL-TIME),1544,2s
NIFTY,23653.715728664447,23660.52619812485,23588.160289780426,23593.98988655946,3712,2026-01-15 11:18:19 IST,152,TradingView (REAL-TIME),1545,2s
BANKNIFTY,28400.87897324983,28408.984638927202,28315.71804224628,28319.0479421182,7684,2026-01-15 11:18:19 IST,55,TradingView (REAL-TIME),1546,2s
NIFTY,23593.98988655946,23638.19413800141,23592.298456091412,23631.30860449962,1398,2026-01-15 11:18:21 IST,261,TradingView (REAL-TIME),1547,2s
BANKNIFTY,28319.0479421182,28321.242907267995,28281.607198529317,28286.510537042177,9435,2026-01-15 11:18:21 IST,295,TradingView (REAL-TIME),1548,2s
NIFTY,23631.30860449962,23708.054287609764,23630.8568297449,23700.420029901157,5912,2026-01-15 11:18:23 IST,35,TradingView (REAL-TIME),1549,2s
BANKNIFTY,28286.510537042177,28310.293075027344,28285.986024971815,28309.333960189175,8151,2026-01-15 11:18:23 IST,215,TradingView (REAL-TIME),1550,2s
NIFTY,23700.420029901157,23705.671544499437,23645.40238688909,23647.4575062136,4716,2026-01-15 11:18:25 IST,205,TradingView (REAL-TIME),1551,2s
BANKNIFTY,28309.333960189175,28313.40246265558,28296.81297961337,28305.92760457293,2080,2026-01-15 11:18:25 IST,487,TradingView (REAL-TIME),1552,2s
NIFTY,23647.4575062136,23652.411227353998,23602.272047946688,23603.235711735564,7755,2026-01-15 11:18:27 IST,357,TradingView (REAL-TIME),1553,2s
BANKNIFTY,28305.92760457293,28357.1023536221,28300.735818015113,28352.22334852684,9759,2026-01-15 11:18:27 IST,405,TradingView (REAL-TIME),1554,2s
NIFTY,23603.235711735564,23657.44174901839,23595.391376954427,23655.06159556259,2439,2026-01-15 11:18:29 IST,415,TradingView (REAL-TIME),1555,2s
BANKNIFTY,28352.22334852684,28398.992715827837,28342.3949336474,28392.308943630906,7723,2026-01-15 11:18:29 IST,194,TradingView (REAL-TIME),1556,2s
NIFTY,23655.06159556259,23656.50722590858,23640.452854151143,23650.137119677696,3365,2026-01-15 11:18:31 IST,498,TradingView (REAL-TIME),1557,2s
BANKNIFTY,28392.308943630906,28401.565668692194,28357.829801027907,28363.42291379596,3689,2026-01-15 11:18:31 IST,420,TradingView (REAL-TIME),1558,2s
NIFTY,23650.137119677696,23683.73164938607,23643.508469388602,23680.13478476144,8651,2026-01-15 11:18:33 IST,251,TradingView (REAL-TIME),1559,2s
BANKNIFTY,28363.42291379596,28368.678343812808,28338.47939998014,28345.79317395286,4718,2026-01-15 11:18:33 IST,82,TradingView (REAL-TIME),1560,2s
NIFTY,23680.13478476144,23684.623196163484,23618.989747615495,23621.488735946165,7424,2026-01-15 11:18:36 IST,371,TradingView (REAL-TIME),1561,2s
BANKNIFTY,28345.79317395286,28354.744802815123,28305.207776912066,28309.661575752114,4247,2026-01-15 11:18:36 IST,245,TradingView (REAL-TIME),1562,2s
NIFTY,23621.488735946165,23671.37915501159,23617.00133863123,23663.900055574934,4112,2026-01-15 11:18:38 IST,66,TradingView (REAL-TIME),1563,2s
BANKNIFTY,28309.661575752114,28346.45991085186,28305.51804039501,28346.332307704295,7088,2026-01-15 11:18:38 IST,198,TradingView (REAL-TIME),1564,2s
NIFTY,23663.900055574934,23670.152134723325,23616.414260116606,23617.2025943947,7434,2026-01-15 11:18:40 IST,49,TradingView (REAL-TIME),1565,2s
BANKNIFTY,28346.332307704295,28421.949574177786,28339.661973569237,28414.483956490236,9331,2026-01-15 11:18:40 IST,170,TradingView (REAL-TIME),1566,2s
NIFTY,23617.2025943947,23652.761756916392,23614.841663107632,23647.19263760729,7186,2026-01-15 11:18:42 IST,359,TradingView (REAL-TIME),1567,2s
BANKNIFTY,28414.483956490236,28463.315698122922,28413.50076743856,28463.21400835226,5430,2026-01-15 11:18:42 IST,425,TradingView (REAL-TIME),1568,2s
NIFTY,23647.19263760729,23655.390840525288,23645.873418683623,23646.88036862869,3577,2026-01-15 11:18:44 IST,183,TradingView (REAL-TIME),1569,2s
BANKNIFTY,28463.21400835226,28470.28345487702,28440.412033972098,28443.286400975867,1722,2026-01-15 11:18:44 IST,389,TradingView (REAL-TIME),1570,2s
NIFTY,23646.88036862869,23712.23103488741,23643.707321225414,23710.795026142438,9442,2026-01-15 11:18:46 IST,172,TradingView (REAL-TIME),1571,2s
BANKNIFTY,28443.286400975867,28459.809712313076,28433.65851472385,28455.61093812966,5495,2026-01-15 11:18:46 IST,277,TradingView (REAL-TIME),1572,2s
NIFTY,23710.795026142438,23768.19304771395,23709.85487059761,23764.97731801781,6739,2026-01-15 11:18:48 IST,201,TradingView (REAL-TIME),1573,2s
BANKNIFTY,28455.61093812966,28527.297862696054,28452.299922933827,28525.99695065608,7929,2026-01-15 11:18:48 IST,259,TradingView (REAL-TIME),1574,2s
NIFTY,23764.97731801781,23772.30486311829,23710.08566965493,23712.71614033471,7732,2026-01-15 11:18:50 IST,159,TradingView (REAL-TIME),1575,2s
BANKNIFTY,28525.99695065608,28541.908540840872,28522.427089494195,28541.705652311826,7847,2026-01-15 11:18:50 IST,74,TradingView (REAL-TIME),1576,2s
NIFTY,23712.71614033471,23722.636121366184,23692.76760053474,23695.490715069784,3685,2026-01-15 11:18:52 IST,356,TradingView (REAL-TIME),1577,2s
BANKNIFTY,28541.705652311826,28557.45680389306,28535.830537429796,28552.632927460225,6024,2026-01-15 11:18:52 IST,249,TradingView (REAL-TIME),1578,2s
NIFTY,23695.490715069784,23736.500166950198,23686.229026592122,23728.522472968616,2941,2026-01-15 11:18:54 IST,301,TradingView (REAL-TIME),1579,2s
BANKNIFTY,28552.632927460225,28600.224800948316,28544.32737944067,28597.575290745473,2858,2026-01-15 11:18:54 IST,343,TradingView (REAL-TIME),1580,2s
NIFTY,23728.522472968616,23778.855167026304,23725.48397948436,23770.04366718967,3612,2026-01-15 11:18:57 IST,409,TradingView (REAL-TIME),1581,2s
BANKNIFTY,28597.575290745473,28607.32315281795,28564.804621988493,28572.758015024785,9296,2026-01-15 11:18:57 IST,354,TradingView (REAL-TIME),1582,2s
NIFTY,23770.04366718967,23773.783494379415,23760.112320274515,23771.056458806528,6330,2026-01-15 11:18:59 IST,340,TradingView (REAL-TIME),1583,2s
BANKNIFTY,28572.758015024785,28587.83665308408,28568.244025362696,28586.576515318255,3115,2026-01-15 11:18:59 IST,301,TradingView (REAL-TIME),1584,2s
NIFTY,23771.056458806528,23774.42401585723,23739.45468129806,23746.896661510258,9805,2026-01-15 11:19:01 IST,487,TradingView (REAL-TIME),1585,2s
BANKNIFTY,28586.576515318255,28588.540140589786,28515.7429520411,28516.366373319608,6719,2026-01-15 11:19:01 IST,116,TradingView (REAL-TIME),1586,2s
NIFTY,23746.896661510258,23748.851254709974,23673.40148566132,23681.124422965167,1152,2026-01-15 11:19:03 IST,426,TradingView (REAL-TIME),1587,2s
BANKNIFTY,28516.366373319608,28520.29843164805,28464.470954158125,28473.223035304105,6414,2026-01-15 11:19:03 IST,455,TradingView (REAL-TIME),1588,2s
NIFTY,23681.124422965167,23690.88692252141,23627.589535448948,23633.85413781592,8985,2026-01-15 11:19:05 IST,305,TradingView (REAL-TIME),1589,2s
BANKNIFTY,28473.223035304105,28487.541422047612,28465.724358245767,28487.36236136638,2682,2026-01-15 11:19:05 IST,59,TradingView (REAL-TIME),1590,2s
NIFTY,23633.85413781592,23635.730402386092,23571.892320283132,23580.21999793017,4708,2026-01-15 11:19:07 IST,282,TradingView (REAL-TIME),1591,2s
BANKNIFTY,28487.36236136638,28491.077141508846,28414.674810658707,28422.3159267705,5183,2026-01-15 11:19:07 IST,404,TradingView (REAL-TIME),1592,2s
NIFTY,23580.21999793017,23623.12655559942,23573.857068902304,23621.75259756508,8337,2026-01-15 11:19:09 IST,227,TradingView (REAL-TIME),1593,2s
BANKNIFTY,28422.3159267705,28484.00300217775,28416.097376425354,28479.591480683048,4071,2026-01-15 11:19:09 IST,470,TradingView (REAL-TIME),1594,2s
NIFTY,23621.75259756508,23626.30131781809,23585.50991331376,23589.652666464688,8763,2026-01-15 11:19:11 IST,316,TradingView (REAL-TIME),1595,2s
BANKNIFTY,28479.591480683048,28488.76393756939,28418.832188142147,28422.013217442596,3964,2026-01-15 11:19:11 IST,16,TradingView (REAL-TIME),1596,2s
NIFTY,23589.652666464688,23596.86901340406,23587.106521868787,23596.441336661956,1500,2026-01-15 11:19:13 IST,434,TradingView (REAL-TIME),1597,2s
BANKNIFTY,28422.013217442596,28455.400001455924,28417.236865422718,28449.241452226594,4601,2026-01-15 11:19:13 IST,487,TradingView (REAL-TIME),1598,2s
NIFTY,23596.441336661956,23624.118038801826,23596.330474921844,23616.89283900464,4401,2026-01-15 11:19:15 IST,33,TradingView (REAL-TIME),1599,2s
BANKNIFTY,28449.241452226594,28449.27785184713,28394.420265997072,28396.49419923699,6050,2026-01-15 11:19:15 IST,227,TradingView (REAL-TIME),1600,2s
NIFTY,23616.89283900464,23617.257715700005,23544.381494333033,23546.97303009134,4520,2026-01-15 11:19:17 IST,140,TradingView (REAL-TIME),1601,2s
BANKNIFTY,28396.49419923699,28402.255282146838,28352.938822322205,28360.533392389454,7379,2026-01-15 11:19:17 IST,228,TradingView (REAL-TIME),1602,2s
NIFTY,23546.97303009134,23554.02048847827,23483.600837661186,23490.94009191858,5535,2026-01-15 11:19:19 IST,299,TradingView (REAL-TIME),1603,2s
BANKNIFTY,28360.533392389454,28369.132085441666,28298.999751608633,28306.141857570597,6945,2026-01-15 11:19:19 IST,49,TradingView (REAL-TIME),1604,2s
NIFTY,23490.94009191858,23522.20836606027,23490.55064472195,23515.61354623884,6200,2026-01-15 11:19:21 IST,98,TradingView (REAL-TIME),1605,2s
BANKNIFTY,28306.141857570597,28381.27674983003,28297.570964404087,28373.908954064456,6415,2026-01-15 11:19:21 IST,277,TradingView (REAL-TIME),1606,2s
NIFTY,23515.61354623884,23547.733460569147,23507.584158806898,23544.465251866495,4285,2026-01-15 11:19:23 IST,80,TradingView (REAL-TIME),1607,2s
BANKNIFTY,28373.908954064456,28380.00637656554,28361.375699363078,28362.499530963585,3609,2026-01-15 11:19:23 IST,195,TradingView (REAL-TIME),1608,2s
NIFTY,23544.465251866495,23552.495937581647,23532.674738758764,23538.53458903703,9629,2026-01-15 11:19:25 IST,231,TradingView (REAL-TIME),1609,2s
BANKNIFTY,28362.499530963585,28363.506883835576,28311.19639457784,28320.349847093683,3673,2026-01-15 11:19:25 IST,229,TradingView (REAL-TIME),1610,2s
NIFTY,23538.53458903703,23547.782541546545,23467.67027595512,23476.163827586384,5053,2026-01-15 11:19:27 IST,15,TradingView (REAL-TIME),1611,2s
BANKNIFTY,28320.349847093683,28364.44347767667,28311.13826617185,28361.352162800187,5807,2026-01-15 11:19:27 IST,105,TradingView (REAL-TIME),1612,2s
NIFTY,23476.163827586384,23502.043392690106,23473.897697420074,23499.049570701107,8629,2026-01-15 11:19:29 IST,296,TradingView (REAL-TIME),1613,2s
BANKNIFTY,28361.352162800187,28420.384195743616,28351.5546281693,28416.466550233767,4759,2026-01-15 11:19:30 IST,193,TradingView (REAL-TIME),1614,2s
NIFTY,23499.049570701107,23501.55081615566,23462.308032625686,23470.824597996223,3800,2026-01-15 11:19:32 IST,254,TradingView (REAL-TIME),1615,2s
BANKNIFTY,28416.466550233767,28426.275527885486,28361.313193336515,28368.66067088068,1720,2026-01-15 11:19:32 IST,158,TradingView (REAL-TIME),1616,2s
NIFTY,23470.824597996223,23477.37183066312,23450.628476817965,23452.252739723754,9171,2026-01-15 11:19:34 IST,58,TradingView (REAL-TIME),1617,2s
BANKNIFTY,28368.66067088068,28436.497273780995,28366.09158090003,28429.885347167066,5097,2026-01-15 11:19:34 IST,57,TradingView (REAL-TIME),1618,2s
NIFTY,23452.252739723754,23518.226061443605,23451.497968882337,23517.69759251142,7484,2026-01-15 11:19:36 IST,257,TradingView (REAL-TIME),1619,2s
BANKNIFTY,28429.885347167066,28449.43816178244,28422.495660440825,28445.745061049605,8058,2026-01-15 11:19:36 IST,382,TradingView (REAL-TIME),1620,2s
NIFTY,23517.69759251142,23524.751340511975,23504.250331994182,23504.80407994923,3740,2026-01-15 11:19:38 IST,36,TradingView (REAL-TIME),1621,2s
BANKNIFTY,28445.745061049605,28449.6896787183,28370.584466727498,28378.92866190266,8413,2026-01-15 11:19:38 IST,372,TradingView (REAL-TIME),1622,2s
NIFTY,23504.80407994923,23579.62745985455,23495.69851599257,23571.94962936903,3098,2026-01-15 11:19:40 IST,57,TradingView (REAL-TIME),1623,2s
BANKNIFTY,28378.92866190266,28391.460008300917,28369.0509949864,28389.358150449327,7974,2026-01-15 11:19:40 IST,51,TradingView (REAL-TIME),1624,2s
NIFTY,23571.94962936903,23603.926690795062,23568.44564823687,23594.945859414718,3972,2026-01-15 11:19:42 IST,350,TradingView (REAL-TIME),1625,2s
BANKNIFTY,28389.358150449327,28395.40073665123,28360.534815462033,28362.67948627666,5293,2026-01-15 11:19:42 IST,199,TradingView (REAL-TIME),1626,2s
NIFTY,23594.945859414718,23610.102095359645,23594.495211688285,23600.897193647077,3972,2026-01-15 11:19:44 IST,338,TradingView (REAL-TIME),1627,2s
BANKNIFTY,28362.67948627666,28390.217051808562,28358.272936472396,28388.9872291381,1655,2026-01-15 11:19:44 IST,135,TradingView (REAL-TIME),1628,2s
NIFTY,23600.897193647077,23609.729878409784,23591.272348991595,23606.831402091786,3650,2026-01-15 11:19:46 IST,358,TradingView (REAL-TIME),1629,2s
BANKNIFTY,28388.9872291381,28438.5796404835,28382.582924393126,28433.744302222523,8650,2026-01-15 11:19:46 IST,48,TradingView (REAL-TIME),1630,2s
NIFTY,23606.831402091786,23607.2166962192,23592.616735129646,23598.8058894919,6191,2026-01-15 11:19:48 IST,15,TradingView (REAL-TIME),1631,2s
BANKNIFTY,28433.744302222523,28502.944911981238,28430.290801276813,28494.60425380412,6944,2026-01-15 11:19:48 IST,184,TradingView (REAL-TIME),1632,2s
NIFTY,23598.8058894919,23630.593693881976,23597.562275871205,23630.164088379897,7726,2026-01-15 11:19:50 IST,355,TradingView (REAL-TIME),1633,2s
BANKNIFTY,28494.60425380412,28501.153315756987,28469.909381972375,28475.285061644063,8700,2026-01-15 11:19:50 IST,52,TradingView (REAL-TIME),1634,2s
NIFTY,23630.164088379897,23631.75062603983,23598.7977167302,23602.851087686762,6197,2026-01-15 11:19:52 IST,371,TradingView (REAL-TIME),1635,2s
BANKNIFTY,28475.285061644063,28497.426512913797,28474.88236775846,28489.149158310123,1409,2026-01-15 11:19:52 IST,36,TradingView (REAL-TIME),1636,2s
NIFTY,23602.851087686762,23611.39096199105,23595.232522848157,23597.596328267417,3320,2026-01-15 11:19:54 IST,476,TradingView (REAL-TIME),1637,2s
BANKNIFTY,28489.149158310123,28494.184643626344,28476.680235159216,28485.895845817067,4593,2026-01-15 11:19:54 IST,92,TradingView (REAL-TIME),1638,2s
NIFTY,23597.596328267417,23621.75355752892,23588.225755579322,23618.375788198613,8689,2026-01-15 11:19:57 IST,425,TradingView (REAL-TIME),1639,2s
BANKNIFTY,28485.895845817067,28490.809679296628,28465.21734962552,28467.600806710892,8261,2026-01-15 11:19:57 IST,43,TradingView (REAL-TIME),1640,2s
NIFTY,23618.375788198613,23628.714925222506,23610.44409987799,23622.809306365758,2441,2026-01-15 11:19:59 IST,338,TradingView (REAL-TIME),1641,2s
BANKNIFTY,28467.600806710892,28486.04127991827,28461.577332699864,28481.283367938606,9261,2026-01-15 11:19:59 IST,65,TradingView (REAL-TIME),1642,2s
NIFTY,23622.809306365758,23681.668722382918,23619.58927934004,23680.76600329922,7406,2026-01-15 11:20:01 IST,229,TradingView (REAL-TIME),1643,2s
BANKNIFTY,28481.283367938606,28488.170045396117,28424.6828581318,28432.123240056007,3460,2026-01-15 11:20:01 IST,321,TradingView (REAL-TIME),1644,2s
NIFTY,23680.76600329922,23730.451766891012,23671.209505530383,23720.49789835178,6842,2026-01-15 11:20:03 IST,425,TradingView (REAL-TIME),1645,2s
BANKNIFTY,28432.123240056007,28518.995621906124,28428.620527758616,28516.793204102305,9048,2026-01-15 11:20:03 IST,297,TradingView (REAL-TIME),1646,2s
NIFTY,23720.49789835178,23726.392631994393,23656.291759250555,23662.922247611175,2158,2026-01-15 11:20:05 IST,398,TradingView (REAL-TIME),1647,2s
BANKNIFTY,28516.793204102305,28553.32195962905,28514.479077625398,28550.634536255206,7460,2026-01-15 11:20:05 IST,437,TradingView (REAL-TIME),1648,2s
NIFTY,23662.922247611175,23670.735192757274,23599.575365847264,23600.07763637267,9256,2026-01-15 11:20:07 IST,184,TradingView (REAL-TIME),1649,2s
BANKNIFTY,28550.634536255206,28559.640560817283,28483.117737588538,28492.789799140297,1479,2026-01-15 11:20:07 IST,302,TradingView (REAL-TIME),1650,2s
NIFTY,23600.07763637267,23608.285003321667,23533.234458966894,23541.74494372961,4349,2026-01-15 11:20:09 IST,28,TradingView (REAL-TIME),1651,2s
BANKNIFTY,28492.789799140297,28498.903020925853,28442.759003856645,28444.16338440067,3384,2026-01-15 11:20:09 IST,241,TradingView (REAL-TIME),1652,2s
NIFTY,23541.74494372961,23609.892823599333,23537.922443274947,23607.595664624514,5691,2026-01-15 11:20:11 IST,273,TradingView (REAL-TIME),1653,2s
BANKNIFTY,28444.16338440067,28522.542088005623,28440.856152866567,28520.88066168153,2908,2026-01-15 11:20:11 IST,356,TradingView (REAL-TIME),1654,2s
NIFTY,23607.595664624514,23640.388136352813,23606.75355317461,23631.92646565178,5733,2026-01-15 11:20:13 IST,389,TradingView (REAL-TIME),1655,2s
BANKNIFTY,28520.88066168153,28524.561294845465,28505.250273686503,28514.05319058976,9024,2026-01-15 11:20:13 IST,112,TradingView (REAL-TIME),1656,2s
NIFTY,23631.92646565178,23702.088688524247,23627.54540738937,23693.238671336356,7801,2026-01-15 11:20:15 IST,370,TradingView (REAL-TIME),1657,2s
BANKNIFTY,28514.05319058976,28520.001321069325,28455.00772515119,28456.87457455464,8928,2026-01-15 11:20:15 IST,324,TradingView (REAL-TIME),1658,2s
NIFTY,23693.238671336356,23717.171625175753,23687.16701109048,23712.12005537196,8391,2026-01-15 11:20:17 IST,274,TradingView (REAL-TIME),1659,2s
BANKNIFTY,28456.87457455464,28465.361354827724,28410.464278749874,28411.36262421388,2675,2026-01-15 11:20:17 IST,209,TradingView (REAL-TIME),1660,2s
NIFTY,23712.12005537196,23752.8462420406,23703.957062675177,23745.354336978926,1877,2026-01-15 11:20:20 IST,216,TradingView (REAL-TIME),1661,2s
BANKNIFTY,28411.36262421388,28418.98061013821,28367.04942371934,28369.11200683649,2414,2026-01-15 11:20:20 IST,146,TradingView (REAL-TIME),1662,2s
NIFTY,23745.354336978926,23747.70692091685,23712.08078818821,23720.206834276272,5937,2026-01-15 11:20:22 IST,75,TradingView (REAL-TIME),1663,2s
BANKNIFTY,28369.11200683649,28412.390481136717,28364.414313378413,28404.561761223285,7777,2026-01-15 11:20:22 IST,344,TradingView (REAL-TIME),1664,2s
NIFTY,23720.206834276272,23758.24731682335,23715.52408904951,23748.699876430954,1085,2026-01-15 11:20:24 IST,161,TradingView (REAL-TIME),1665,2s
BANKNIFTY,28404.561761223285,28412.090660388614,28316.075435738665,28324.2865323713,9903,2026-01-15 11:20:24 IST,111,TradingView (REAL-TIME),1666,2s
NIFTY,23748.699876430954,23750.22982449655,23697.117307003205,23697.455927931544,9798,2026-01-15 11:20:26 IST,145,TradingView (REAL-TIME),1667,2s
BANKNIFTY,28324.2865323713,28324.46893984294,28241.789564621755,28246.64988457392,4431,2026-01-15 11:20:26 IST,118,TradingView (REAL-TIME),1668,2s
NIFTY,23697.455927931544,23703.30367894637,23670.53365169481,23673.47610353949,7609,2026-01-15 11:20:28 IST,136,TradingView (REAL-TIME),1669,2s
BANKNIFTY,28246.64988457392,28274.34224468323,28245.190842181164,28268.508144657066,8769,2026-01-15 11:20:28 IST,51,TradingView (REAL-TIME),1670,2s
NIFTY,23673.47610353949,23694.946248924545,23669.25262502133,23686.146727292864,5529,2026-01-15 11:20:30 IST,341,TradingView (REAL-TIME),1671,2s
BANKNIFTY,28268.508144657066,28334.000366932167,28263.05988330401,28330.91555566573,4071,2026-01-15 11:20:30 IST,185,TradingView (REAL-TIME),1672,2s
NIFTY,23686.146727292864,23737.749862567944,23682.509622883597,23731.920193393416,7999,2026-01-15 11:20:32 IST,487,TradingView (REAL-TIME),1673,2s
BANKNIFTY,28330.91555566573,28401.180056063065,28325.126605940986,28400.79559359234,5235,2026-01-15 11:20:32 IST,401,TradingView (REAL-TIME),1674,2s
NIFTY,23731.920193393416,23732.58073882411,23729.884967551276,23732.17212567931,1349,2026-01-15 11:20:34 IST,182,TradingView (REAL-TIME),1675,2s
BANKNIFTY,28400.79559359234,28438.722052343855,28399.138434432047,28437.62959207838,6995,2026-01-15 11:20:34 IST,440,TradingView (REAL-TIME),1676,2s
NIFTY,23732.17212567931,23753.481994030266,23728.88979551364,23749.814410647516,4843,2026-01-15 11:20:36 IST,489,TradingView (REAL-TIME),1677,2s
BANKNIFTY,28437.62959207838,28464.604082955055,28437.228610516242,28460.903726279645,1830,2026-01-15 11:20:36 IST,237,TradingView (REAL-TIME),1678,2s
NIFTY,23749.814410647516,23755.10473680395,23706.932617832383,23710.75990973755,2216,2026-01-15 11:20:38 IST,55,TradingView (REAL-TIME),1679,2s
BANKNIFTY,28460.903726279645,28465.33836192931,28405.077008487173,28409.720107139634,3542,2026-01-15 11:20:38 IST,211,TradingView (REAL-TIME),1680,2s
NIFTY,23710.75990973755,23711.816534871545,23699.074173469704,23702.27735726239,5840,2026-01-15 11:20:40 IST,367,TradingView (REAL-TIME),1681,2s
BANKNIFTY,28409.720107139634,28424.487265431864,28400.462483337502,28422.791721024587,6285,2026-01-15 11:20:40 IST,108,TradingView (REAL-TIME),1682,2s
NIFTY,23702.27735726239,23702.90712518913,23690.357000164724,23694.913068855367,6774,2026-01-15 11:20:42 IST,152,TradingView (REAL-TIME),1683,2s
BANKNIFTY,28422.791721024587,28483.179564364593,28414.29294076167,28474.194956404208,5778,2026-01-15 11:20:42 IST,225,TradingView (REAL-TIME),1684,2s
NIFTY,23694.913068855367,23753.253339191557,23687.352689945277,23744.896840286063,7632,2026-01-15 11:20:45 IST,116,TradingView (REAL-TIME),1685,2s
BANKNIFTY,28474.194956404208,28477.03623507302,28454.950226100842,28460.98597181361,9780,2026-01-15 11:20:45 IST,422,TradingView (REAL-TIME),1686,2s
NIFTY,23744.896840286063,23780.326373394022,23739.450518291498,23778.232116339295,2970,2026-01-15 11:20:47 IST,201,TradingView (REAL-TIME),1687,2s
BANKNIFTY,28460.98597181361,28468.721981043473,28436.94400040673,28443.466358780293,9476,2026-01-15 11:20:47 IST,452,TradingView (REAL-TIME),1688,2s
NIFTY,23778.232116339295,23784.968718604207,23742.065076137213,23749.368243212055,8989,2026-01-15 11:20:49 IST,224,TradingView (REAL-TIME),1689,2s
BANKNIFTY,28443.466358780293,28452.826622494424,28407.15615921807,28407.294729288547,1343,2026-01-15 11:20:49 IST,430,TradingView (REAL-TIME),1690,2s
NIFTY,23749.368243212055,23752.56652426535,23700.87611146733,23708.194639621397,4928,2026-01-15 11:20:51 IST,212,TradingView (REAL-TIME),1691,2s
BANKNIFTY,28407.294729288547,28416.040730836434,28377.3242042216,28381.628334240682,6874,2026-01-15 11:20:51 IST,259,TradingView (REAL-TIME),1692,2s
NIFTY,23708.194639621397,23717.324528387868,23662.44518779238,23669.63136160333,1695,2026-01-15 11:20:53 IST,268,TradingView (REAL-TIME),1693,2s
BANKNIFTY,28381.628334240682,28383.094700229914,28305.494857563663,28314.21300425364,6541,2026-01-15 11:20:53 IST,72,TradingView (REAL-TIME),1694,2s
NIFTY,23669.63136160333,23746.996910949747,23663.66644458372,23738.441954030088,7024,2026-01-15 11:20:55 IST,449,TradingView (REAL-TIME),1695,2s
BANKNIFTY,28314.21300425364,28320.067875065866,28268.945272974248,28277.697250138826,7835,2026-01-15 11:20:55 IST,239,TradingView (REAL-TIME),1696,2s
NIFTY,23738.441954030088,23739.34563089468,23701.12776695244,23702.000928355057,3861,2026-01-15 11:20:57 IST,226,TradingView (REAL-TIME),1697,2s
BANKNIFTY,28277.697250138826,28350.657089623986,28272.236362117197,28346.72372220173,9600,2026-01-15 11:20:57 IST,218,TradingView (REAL-TIME),1698,2s
NIFTY,23702.000928355057,23746.5285992895,23700.81846277619,23746.08809852438,6711,2026-01-15 11:20:59 IST,138,TradingView (REAL-TIME),1699,2s
BANKNIFTY,28346.72372220173,28354.967320253927,28338.91703987846,28348.64703040347,2467,2026-01-15 11:20:59 IST,134,TradingView (REAL-TIME),1700,2s
NIFTY,23746.08809852438,23748.812302019014,23744.054986454194,23747.558566676915,8433,2026-01-15 11:21:01 IST,17,TradingView (REAL-TIME),1701,2s
BANKNIFTY,28348.64703040347,28354.991991716404,28274.105265331982,28279.62660165028,6278,2026-01-15 11:21:01 IST,151,TradingView (REAL-TIME),1702,2s
NIFTY,23747.558566676915,23779.803230497204,23741.156545023226,23777.564801734996,1485,2026-01-15 11:21:03 IST,435,TradingView (REAL-TIME),1703,2s
BANKNIFTY,28279.62660165028,28289.747731236064,28276.178007069873,28285.61708065326,2936,2026-01-15 11:21:03 IST,69,TradingView (REAL-TIME),1704,2s
NIFTY,23777.564801734996,23779.376076004897,23755.806756975177,23758.24525633354,5034,2026-01-15 11:21:05 IST,142,TradingView (REAL-TIME),1705,2s
BANKNIFTY,28285.61708065326,28332.996345010306,28281.162226961656,28330.718815912616,8324,2026-01-15 11:21:06 IST,189,TradingView (REAL-TIME),1706,2s
NIFTY,23758.24525633354,23759.85816585525,23747.866152340266,23751.678208410704,2910,2026-01-15 11:21:08 IST,193,TradingView (REAL-TIME),1707,2s
BANKNIFTY,28330.718815912616,28340.537499208724,28311.600345432038,28316.320136726485,7901,2026-01-15 11:21:08 IST,318,TradingView (REAL-TIME),1708,2s
NIFTY,23751.678208410704,23812.98102247965,23744.34698275377,23809.124345737546,4856,2026-01-15 11:21:10 IST,16,TradingView (REAL-TIME),1709,2s
BANKNIFTY,28316.320136726485,28325.41468021448,28240.899529931445,28249.9154527726,5673,2026-01-15 11:21:10 IST,368,TradingView (REAL-TIME),1710,2s
NIFTY,23809.124345737546,23874.03742860421,23799.645870652414,23867.66134540299,3488,2026-01-15 11:21:12 IST,499,TradingView (REAL-TIME),1711,2s
BANKNIFTY,28249.9154527726,28312.323711450583,28244.5152950936,28303.40641478443,7367,2026-01-15 11:21:12 IST,357,TradingView (REAL-TIME),1712,2s
NIFTY,23867.66134540299,23870.41773285712,23808.092483162833,23816.16870095282,6956,2026-01-15 11:21:14 IST,111,TradingView (REAL-TIME),1713,2s
BANKNIFTY,28303.40641478443,28363.292781452754,28298.147963292948,28354.535386180767,8692,2026-01-15 11:21:14 IST,380,TradingView (REAL-TIME),1714,2s
NIFTY,23816.16870095282,23816.814912905407,23804.381412781528,23806.25653023523,4970,2026-01-15 11:21:16 IST,185,TradingView (REAL-TIME),1715,2s
BANKNIFTY,28354.535386180767,28372.197538893073,28353.23145693434,28370.53705793236,1571,2026-01-15 11:21:16 IST,324,TradingView (REAL-TIME),1716,2s
NIFTY,23806.25653023523,23811.735740532036,23747.147407746776,23755.44169130454,2451,2026-01-15 11:21:18 IST,97,TradingView (REAL-TIME),1717,2s
BANKNIFTY,28370.53705793236,28372.45092471765,28296.478578909017,28302.932002650752,6987,2026-01-15 11:21:18 IST,262,TradingView (REAL-TIME),1718,2s
NIFTY,23755.44169130454,23821.900923239016,23746.56394107507,23813.08674780929,7446,2026-01-15 11:21:20 IST,37,TradingView (REAL-TIME),1719,2s
BANKNIFTY,28302.932002650752,28348.717848452612,28298.17131557053,28345.882786787526,9218,2026-01-15 11:21:20 IST,94,TradingView (REAL-TIME),1720,2s
NIFTY,23813.08674780929,23815.128693828952,23775.383782246896,23776.54615590271,5137,2026-01-15 11:21:22 IST,404,TradingView (REAL-TIME),1721,2s
BANKNIFTY,28345.882786787526,28353.142828940196,28286.141660571742,28288.751822402846,2406,2026-01-15 11:21:22 IST,328,TradingView (REAL-TIME),1722,2s
NIFTY,23776.54615590271,23835.946255216433,23768.134920167464,23828.227629888865,8516,2026-01-15 11:21:24 IST,17,TradingView (REAL-TIME),1723,2s
BANKNIFTY,28288.751822402846,28293.982994140475,28226.340128310494,28230.14630226464,7275,2026-01-15 11:21:24 IST,444,TradingView (REAL-TIME),1724,2s
NIFTY,23828.227629888865,23830.32630064589,23800.02699139733,23801.49060827889,6440,2026-01-15 11:21:27 IST,362,TradingView (REAL-TIME),1725,2s
BANKNIFTY,28230.14630226464,28250.155942995305,28228.654386983624,28241.555374821914,6675,2026-01-15 11:21:27 IST,358,TradingView (REAL-TIME),1726,2s
NIFTY,23801.49060827889,23847.5741435192,23794.235186608275,23846.88433519921,8136,2026-01-15 11:21:29 IST,267,TradingView (REAL-TIME),1727,2s
BANKNIFTY,28241.555374821914,28281.336094491642,28237.73917716968,28273.205148206638,6525,2026-01-15 11:21:29 IST,19,TradingView (REAL-TIME),1728,2s
NIFTY,23846.88433519921,23869.596963725144,23841.070796777247,23861.822678530818,2590,2026-01-15 11:21:31 IST,414,TradingView (REAL-TIME),1729,2s
BANKNIFTY,28273.205148206638,28312.481714391448,28266.351661741515,28310.256078962084,1609,2026-01-15 11:21:31 IST,16,TradingView (REAL-TIME),1730,2s
NIFTY,23861.822678530818,23886.693911662576,23856.227487988843,23884.454546358204,1337,2026-01-15 11:21:33 IST,123,TradingView (REAL-TIME),1731,2s
BANKNIFTY,28310.256078962084,28356.542606890565,28309.248604343255,28348.26737347312,3451,2026-01-15 11:21:33 IST,303,TradingView (REAL-TIME),1732,2s
NIFTY,23884.454546358204,23937.151200437114,23877.008381179232,23932.46006135625,5294,2026-01-15 11:21:35 IST,315,TradingView (REAL-TIME),1733,2s
BANKNIFTY,28348.26737347312,28357.61185114968,28301.49559772615,28308.506025399103,6565,2026-01-15 11:21:35 IST,388,TradingView (REAL-TIME),1734,2s
NIFTY,23932.46006135625,23941.30796272646,23869.217255555028,23873.511804643407,2655,2026-01-15 11:21:37 IST,128,TradingView (REAL-TIME),1735,2s
BANKNIFTY,28308.506025399103,28310.497884334032,28256.52720375301,28262.620096181116,4368,2026-01-15 11:21:37 IST,32,TradingView (REAL-TIME),1736,2s
NIFTY,23873.511804643407,23941.977811306857,23864.83157711784,23934.372597923753,1564,2026-01-15 11:21:39 IST,345,TradingView (REAL-TIME),1737,2s
BANKNIFTY,28262.620096181116,28263.635592840317,28215.18443829504,28216.16625388931,3443,2026-01-15 11:21:39 IST,172,TradingView (REAL-TIME),1738,2s
NIFTY,23934.372597923753,23977.47116444436,23929.870498606535,23968.320815319952,8029,2026-01-15 11:21:41 IST,326,TradingView (REAL-TIME),1739,2s
BANKNIFTY,28216.16625388931,28252.618774216306,28213.568601315917,28249.10445159001,4157,2026-01-15 11:21:41 IST,205,TradingView (REAL-TIME),1740,2s
NIFTY,23968.320815319952,23976.646225725184,23953.77946809093,23958.703042570323,2136,2026-01-15 11:21:43 IST,477,TradingView (REAL-TIME),1741,2s
BANKNIFTY,28249.10445159001,28255.1243579652,28243.885362463887,28247.36880729126,2645,2026-01-15 11:21:43 IST,366,TradingView (REAL-TIME),1742,2s
NIFTY,23958.703042570323,24012.548134772725,23954.085336150245,24003.19839581947,5529,2026-01-15 11:21:45 IST,165,TradingView (REAL-TIME),1743,2s
BANKNIFTY,28247.36880729126,28264.251018046263,28245.20851946794,28255.769617608694,9081,2026-01-15 11:21:45 IST,421,TradingView (REAL-TIME),1744,2s
NIFTY,24003.19839581947,24005.29124293912,23960.212914273172,23964.244606526063,2170,2026-01-15 11:21:47 IST,288,TradingView (REAL-TIME),1745,2s
BANKNIFTY,28255.769617608694,28307.47521717938,28245.91240262564,28303.648330680007,2430,2026-01-15 11:21:47 IST,475,TradingView (REAL-TIME),1746,2s
NIFTY,23964.244606526063,24013.622829215004,23963.066922450755,24007.49882192994,3429,2026-01-15 11:21:49 IST,455,TradingView (REAL-TIME),1747,2s
BANKNIFTY,28303.648330680007,28311.84391594861,28295.1714925176,28298.66959976814,1407,2026-01-15 11:21:49 IST,220,TradingView (REAL-TIME),1748,2s
NIFTY,24007.49882192994,24010.40160173218,23956.602439894727,23964.573046152716,3259,2026-01-15 11:21:51 IST,209,TradingView (REAL-TIME),1749,2s
BANKNIFTY,28298.66959976814,28308.642522129685,28250.718534129028,28251.12372375851,4596,2026-01-15 11:21:51 IST,343,TradingView (REAL-TIME),1750,2s
NIFTY,23964.573046152716,24028.367693174318,23956.510166875185,24021.883051531662,9566,2026-01-15 11:21:53 IST,168,TradingView (REAL-TIME),1751,2s
BANKNIFTY,28251.12372375851,28307.936876539083,28248.247506149568,28300.474638565465,4655,2026-01-15 11:21:53 IST,27,TradingView (REAL-TIME),1752,2s
NIFTY,24021.883051531662,24027.755692584004,24019.758078699717,24019.92520701123,3373,2026-01-15 11:21:55 IST,169,TradingView (REAL-TIME),1753,2s
BANKNIFTY,28300.474638565465,28358.12911649139,28296.556432903464,28352.31447437455,5630,2026-01-15 11:21:55 IST,76,TradingView (REAL-TIME),1754,2s
NIFTY,24019.92520701123,24023.81798039868,23953.71529533821,23958.268950512975,1713,2026-01-15 11:21:58 IST,329,TradingView (REAL-TIME),1755,2s
BANKNIFTY,28352.31447437455,28380.4096528177,28344.60728526819,28379.12789195075,1565,2026-01-15 11:21:58 IST,336,TradingView (REAL-TIME),1756,2s
NIFTY,23958.268950512975,23962.334034856995,23909.344477651477,23918.871468884252,4440,2026-01-15 11:22:00 IST,77,TradingView (REAL-TIME),1757,2s
BANKNIFTY,28379.12789195075,28382.8007575023,28307.8948778169,28313.032220556335,8260,2026-01-15 11:22:00 IST,216,TradingView (REAL-TIME),1758,2s
NIFTY,23918.871468884252,23948.029561970437,23916.05487178575,23946.080625421335,9722,2026-01-15 11:22:02 IST,74,TradingView (REAL-TIME),1759,2s
BANKNIFTY,28313.032220556335,28314.026261045685,28298.419775074442,28303.161205935565,7145,2026-01-15 11:22:02 IST,172,TradingView (REAL-TIME),1760,2s
NIFTY,23946.080625421335,23949.27385249167,23912.875300542833,23915.591245026608,2030,2026-01-15 11:22:04 IST,80,TradingView (REAL-TIME),1761,2s
BANKNIFTY,28303.161205935565,28339.025349986256,28293.77969140373,28332.050864169672,4981,2026-01-15 11:22:04 IST,271,TradingView (REAL-TIME),1762,2s
NIFTY,23915.591245026608,23965.529942033347,23915.193831338864,23958.366483833022,6012,2026-01-15 11:22:06 IST,107,TradingView (REAL-TIME),1763,2s
BANKNIFTY,28332.050864169672,28416.86622511214,28331.971138113386,28415.109261088888,4880,2026-01-15 11:22:06 IST,145,TradingView (REAL-TIME),1764,2s
NIFTY,23958.366483833022,24001.867062228408,23948.45351408393,23992.650225463105,2992,2026-01-15 11:22:08 IST,334,TradingView (REAL-TIME),1765,2s
BANKNIFTY,28415.109261088888,28482.716382730294,28411.143690846264,28476.070162446318,2094,2026-01-15 11:22:08 IST,422,TradingView (REAL-TIME),1766,2s
NIFTY,23992.650225463105,24004.138583680393,23991.39446766715,24002.412211180068,3953,2026-01-15 11:22:10 IST,405,TradingView (REAL-TIME),1767,2s
BANKNIFTY,28476.070162446318,28490.692310022256,28469.002764376743,28482.562583800387,7212,2026-01-15 11:22:10 IST,425,TradingView (REAL-TIME),1768,2s
NIFTY,24002.412211180068,24010.560124278458,24000.045348546708,24003.91922918618,3240,2026-01-15 11:22:12 IST,116,TradingView (REAL-TIME),1769,2s
BANKNIFTY,28482.562583800387,28564.84187520309,28475.01926355544,28556.764092948775,4892,2026-01-15 11:22:12 IST,264,TradingView (REAL-TIME),1770,2s
NIFTY,24003.91922918618,24004.133013190076,23992.5791663468,23992.85985718598,8237,2026-01-15 11:22:14 IST,312,TradingView (REAL-TIME),1771,2s
BANKNIFTY,28556.764092948775,28573.787169850697,28554.74189073956,28573.364349678213,3021,2026-01-15 11:22:14 IST,379,TradingView (REAL-TIME),1772,2s
NIFTY,23992.85985718598,24012.74277666792,23990.481654667456,24012.420078139407,5624,2026-01-15 11:22:16 IST,348,TradingView (REAL-TIME),1773,2s
BANKNIFTY,28573.364349678213,28581.339707450217,28551.515504860658,28552.926064831892,8234,2026-01-15 11:22:16 IST,117,TradingView (REAL-TIME),1774,2s
NIFTY,24012.420078139407,24021.83309642288,24005.96605503442,24008.187912826947,5614,2026-01-15 11:22:18 IST,324,TradingView (REAL-TIME),1775,2s
BANKNIFTY,28552.926064831892,28621.139017914327,28544.250479555183,28615.40895490225,1909,2026-01-15 11:22:18 IST,277,TradingView (REAL-TIME),1776,2s
NIFTY,24008.187912826947,24013.91842680503,23996.265294291486,24000.17174944227,2647,2026-01-15 11:22:20 IST,430,TradingView (REAL-TIME),1777,2s
BANKNIFTY,28615.40895490225,28656.193158765862,28614.33898490236,28651.03081568078,4727,2026-01-15 11:22:20 IST,176,TradingView (REAL-TIME),1778,2s
NIFTY,24000.17174944227,24009.5895445913,23986.578572172213,23992.383464388673,1710,2026-01-15 11:22:22 IST,438,TradingView (REAL-TIME),1779,2s
BANKNIFTY,28651.03081568078,28658.024035806673,28566.095698446712,28576.03598760603,7573,2026-01-15 11:22:22 IST,150,TradingView (REAL-TIME),1780,2s
NIFTY,23992.383464388673,24001.421140611255,23926.45940876593,23935.33525374539,2509,2026-01-15 11:22:24 IST,407,TradingView (REAL-TIME),1781,2s
BANKNIFTY,28576.03598760603,28581.742336127023,28514.0197774586,28519.34367379319,7070,2026-01-15 11:22:24 IST,461,TradingView (REAL-TIME),1782,2s
NIFTY,23935.33525374539,23938.92772367073,23857.13013633073,23863.80135949947,3999,2026-01-15 11:22:27 IST,310,TradingView (REAL-TIME),1783,2s
BANKNIFTY,28519.34367379319,28527.22290038034,28462.563627787462,28466.069361467413,4528,2026-01-15 11:22:27 IST,276,TradingView (REAL-TIME),1784,2s
NIFTY,23863.80135949947,23865.869199326284,23789.400243276104,23795.770152757545,8905,2026-01-15 11:22:29 IST,350,TradingView (REAL-TIME),1785,2s
BANKNIFTY,28466.069361467413,28533.172114647845,28462.85997698125,28532.43450243338,7358,2026-01-15 11:22:29 IST,338,TradingView (REAL-TIME),1786,2s
NIFTY,23795.770152757545,23797.8520531909,23769.233400165318,23776.409031413663,8843,2026-01-15 11:22:31 IST,213,TradingView (REAL-TIME),1787,2s
BANKNIFTY,28532.43450243338,28538.962053476043,28518.010810608746,28518.51692061888,3595,2026-01-15 11:22:31 IST,357,TradingView (REAL-TIME),1788,2s
NIFTY,23776.409031413663,23787.554853144466,23773.513479684334,23787.418901569148,9483,2026-01-15 11:22:33 IST,53,TradingView (REAL-TIME),1789,2s
BANKNIFTY,28518.51692061888,28528.31054931103,28447.42419395171,28451.44148038184,4542,2026-01-15 11:22:33 IST,406,TradingView (REAL-TIME),1790,2s
NIFTY,23787.418901569148,23787.57115967935,23719.240283098814,23723.034443700566,6279,2026-01-15 11:22:35 IST,317,TradingView (REAL-TIME),1791,2s
BANKNIFTY,28451.44148038184,28460.85611243385,28398.089220032787,28398.093053982146,3633,2026-01-15 11:22:35 IST,187,TradingView (REAL-TIME),1792,2s
NIFTY,23723.034443700566,23729.755695632626,23699.974538723665,23706.416530172457,5433,2026-01-15 11:22:37 IST,163,TradingView (REAL-TIME),1793,2s
BANKNIFTY,28398.093053982146,28402.727459384143,28335.055091707763,28342.025532008694,1758,2026-01-15 11:22:37 IST,460,TradingView (REAL-TIME),1794,2s
NIFTY,23706.416530172457,23714.109897930997,23672.96191753509,23677.178966939806,8176,2026-01-15 11:22:39 IST,471,TradingView (REAL-TIME),1795,2s
BANKNIFTY,28342.025532008694,28342.816096787945,28293.839975047336,28297.67111061506,1833,2026-01-15 11:22:39 IST,152,TradingView (REAL-TIME),1796,2s
NIFTY,23677.178966939806,23686.182058114893,23652.458322533294,23655.67281579699,5934,2026-01-15 11:22:41 IST,188,TradingView (REAL-TIME),1797,2s
BANKNIFTY,28297.67111061506,28357.029145360433,28292.381068856823,28350.46695989479,3018,2026-01-15 11:22:41 IST,202,TradingView (REAL-TIME),1798,2s
NIFTY,23655.67281579699,23665.423863379856,23644.217218296526,23650.809113370033,2952,2026-01-15 11:22:43 IST,309,TradingView (REAL-TIME),1799,2s
BANKNIFTY,28350.46695989479,28355.90039015976,28302.24166961589,28310.69859281703,3071,2026-01-15 11:22:43 IST,297,TradingView (REAL-TIME),1800,2s
NIFTY,23650.809113370033,23658.575001218665,23574.70754802973,23580.908584831806,5712,2026-01-15 11:22:45 IST,235,TradingView (REAL-TIME),1801,2s
BANKNIFTY,28310.69859281703,28311.10716486701,28245.83056913452,28251.6880325801,5065,2026-01-15 11:22:45 IST,305,TradingView (REAL-TIME),1802,2s
NIFTY,23580.908584831806,23584.258155489973,23521.192268186885,23526.860234481108,2810,2026-01-15 11:22:47 IST,49,TradingView (REAL-TIME),1803,2s
BANKNIFTY,28251.6880325801,28254.891069629142,28190.41605623892,28196.607495375392,7035,2026-01-15 11:22:47 IST,409,TradingView (REAL-TIME),1804,2s
NIFTY,23526.860234481108,23531.62054067943,23464.56811456798,23473.620352677546,3727,2026-01-15 11:22:49 IST,178,TradingView (REAL-TIME),1805,2s
BANKNIFTY,28196.607495375392,28205.13966573701,28188.713912841613,28192.402675002202,3095,2026-01-15 11:22:49 IST,238,TradingView (REAL-TIME),1806,2s
NIFTY,23473.620352677546,23478.695777133824,23427.499571689994,23433.434991174854,7176,2026-01-15 11:22:51 IST,200,TradingView (REAL-TIME),1807,2s
BANKNIFTY,28192.402675002202,28195.654331170204,28183.504153663773,28184.352102593726,7689,2026-01-15 11:22:51 IST,188,TradingView (REAL-TIME),1808,2s
NIFTY,23433.434991174854,23439.727094870963,23409.448351266765,23416.45570030014,5569,2026-01-15 11:22:54 IST,321,TradingView (REAL-TIME),1809,2s
BANKNIFTY,28184.352102593726,28228.93853357095,28181.85573195755,28221.26842632696,6908,2026-01-15 11:22:54 IST,451,TradingView (REAL-TIME),1810,2s
NIFTY,23416.45570030014,23425.25026459472,23349.789674405078,23355.199595872073,5244,2026-01-15 11:22:56 IST,206,TradingView (REAL-TIME),1811,2s
BANKNIFTY,28221.26842632696,28286.24864009421,28217.67498326201,28277.949142863883,7760,2026-01-15 11:22:56 IST,364,TradingView (REAL-TIME),1812,2s
NIFTY,23355.199595872073,23398.992053952952,23350.566653665064,23393.693038196598,1149,2026-01-15 11:22:58 IST,211,TradingView (REAL-TIME),1813,2s
BANKNIFTY,28277.949142863883,28283.9706974832,28216.250225996435,28224.56340742876,2461,2026-01-15 11:22:58 IST,262,TradingView (REAL-TIME),1814,2s
NIFTY,23393.693038196598,23418.374836702962,23391.059257869263,23410.718315876802,7933,2026-01-15 11:23:00 IST,410,TradingView (REAL-TIME),1815,2s
BANKNIFTY,28224.56340742876,28243.13471719054,28216.934272765026,28242.262193825904,8515,2026-01-15 11:23:00 IST,354,TradingView (REAL-TIME),1816,2s
NIFTY,23410.718315876802,23466.59245086941,23407.72417356518,23464.452614580303,7878,2026-01-15 11:23:02 IST,240,TradingView (REAL-TIME),1817,2s
BANKNIFTY,28242.262193825904,28248.85490204483,28234.066113570392,28237.216698548564,1082,2026-01-15 11:23:02 IST,442,TradingView (REAL-TIME),1818,2s
NIFTY,23464.452614580303,23467.362227699705,23456.834777172848,23461.11679376262,1038,2026-01-15 11:23:04 IST,163,TradingView (REAL-TIME),1819,2s
BANKNIFTY,28237.216698548564,28261.642694314167,28236.54988112489,28252.12450055086,9635,2026-01-15 11:23:04 IST,145,TradingView (REAL-TIME),1820,2s
NIFTY,23461.11679376262,23466.474112236272,23435.755202552235,23438.60974222435,2360,2026-01-15 11:23:06 IST,399,TradingView (REAL-TIME),1821,2s
BANKNIFTY,28252.12450055086,28326.740023479237,28245.784885814894,28317.454984272394,8222,2026-01-15 11:23:06 IST,260,TradingView (REAL-TIME),1822,2s
NIFTY,23438.60974222435,23497.582650810662,23428.935528003873,23495.22360811979,5329,2026-01-15 11:23:08 IST,170,TradingView (REAL-TIME),1823,2s
BANKNIFTY,28317.454984272394,28326.251752173477,28312.49046908922,28320.851002705127,5773,2026-01-15 11:23:08 IST,419,TradingView (REAL-TIME),1824,2s
NIFTY,23495.22360811979,23495.246884283144,23489.118749940957,23492.415774642574,2847,2026-01-15 11:23:10 IST,425,TradingView (REAL-TIME),1825,2s
BANKNIFTY,28320.851002705127,28329.38442973893,28282.82450517794,28286.71415890791,4916,2026-01-15 11:23:10 IST,347,TradingView (REAL-TIME),1826,2s
NIFTY,23492.415774642574,23495.642078882553,23476.13875244934,23480.043572257055,3793,2026-01-15 11:23:12 IST,304,TradingView (REAL-TIME),1827,2s
BANKNIFTY,28286.71415890791,28349.318537923944,28281.98325120003,28339.668560366707,2664,2026-01-15 11:23:12 IST,450,TradingView (REAL-TIME),1828,2s
NIFTY,23480.043572257055,23480.50617376523,23422.766638760295,23429.91341692927,4980,2026-01-15 11:23:14 IST,282,TradingView (REAL-TIME),1829,2s
BANKNIFTY,28339.668560366707,28347.740945766647,28265.124036005396,28266.30043662974,5100,2026-01-15 11:23:14 IST,240,TradingView (REAL-TIME),1830,2s
NIFTY,23429.91341692927,23433.798309111342,23410.018428296597,23417.908501310667,1003,2026-01-15 11:23:16 IST,118,TradingView (REAL-TIME),1831,2s
BANKNIFTY,28266.30043662974,28273.13808968645,28216.979785181884,28221.659288595944,3306,2026-01-15 11:23:16 IST,461,TradingView (REAL-TIME),1832,2s
NIFTY,23417.908501310667,23455.66204418701,23415.081055357165,23453.233003372687,9420,2026-01-15 11:23:18 IST,14,TradingView (REAL-TIME),1833,2s
BANKNIFTY,28221.659288595944,28228.77199608061,28159.644193158616,28165.55040859977,4928,2026-01-15 11:23:18 IST,324,TradingView (REAL-TIME),1834,2s
NIFTY,23453.233003372687,23525.357357222772,23450.294997133027,23522.37405210115,2307,2026-01-15 11:23:21 IST,113,TradingView (REAL-TIME),1835,2s
BANKNIFTY,28165.55040859977,28240.94684462065,28164.778152762716,28238.5948336042,3652,2026-01-15 11:23:21 IST,466,TradingView (REAL-TIME),1836,2s
NIFTY,23522.37405210115,23525.695208470155,23457.083703108834,23459.274941809814,7435,2026-01-15 11:23:23 IST,34,TradingView (REAL-TIME),1837,2s
BANKNIFTY,28238.5948336042,28239.88632475826,28154.755036484265,28156.794454586616,5445,2026-01-15 11:23:23 IST,433,TradingView (REAL-TIME),1838,2s
NIFTY,23459.274941809814,23466.73228801527,23401.414893467292,23410.25890655472,9674,2026-01-15 11:23:25 IST,471,TradingView (REAL-TIME),1839,2s
BANKNIFTY,28156.794454586616,28165.29109248233,28076.144401397454,28083.6387872974,9348,2026-01-15 11:23:25 IST,334,TradingView (REAL-TIME),1840,2s
NIFTY,23410.25890655472,23415.87889842638,23339.464117973846,23343.946234362444,9978,2026-01-15 11:23:27 IST,138,TradingView (REAL-TIME),1841,2s
BANKNIFTY,28083.6387872974,28092.349471864974,28044.14269866864,28052.94144025465,5364,2026-01-15 11:23:27 IST,221,TradingView (REAL-TIME),1842,2s
NIFTY,23343.946234362444,23357.819973582562,23342.321250280587,23348.876091053346,4830,2026-01-15 11:23:29 IST,449,TradingView (REAL-TIME),1843,2s
BANKNIFTY,28052.94144025465,28088.79398708881,28051.314645862465,28081.8192893517,1249,2026-01-15 11:23:29 IST,408,TradingView (REAL-TIME),1844,2s
NIFTY,23348.876091053346,23349.362144846604,23328.27418176282,23329.85048889228,9118,2026-01-15 11:23:31 IST,462,TradingView (REAL-TIME),1845,2s
BANKNIFTY,28081.8192893517,28132.001956699674,28078.32213892669,28127.40636622987,5284,2026-01-15 11:23:31 IST,300,TradingView (REAL-TIME),1846,2s
NIFTY,23329.85048889228,23335.69020131073,23281.833890476617,23286.151612229027,9233,2026-01-15 11:23:33 IST,217,TradingView (REAL-TIME),1847,2s
BANKNIFTY,28127.40636622987,28138.993354923976,28123.244949580578,28136.57282169689,8766,2026-01-15 11:23:33 IST,143,TradingView (REAL-TIME),1848,2s
NIFTY,23286.151612229027,23316.30466870563,23282.78560763207,23311.91091394151,3838,2026-01-15 11:23:35 IST,98,TradingView (REAL-TIME),1849,2s
BANKNIFTY,28136.57282169689,28149.09739563776,28135.068202796094,28146.31972544845,7404,2026-01-15 11:23:35 IST,345,TradingView (REAL-TIME),1850,2s
NIFTY,23311.91091394151,23317.282488780802,23266.73648729614,23268.533475875305,5978,2026-01-15 11:23:37 IST,149,TradingView (REAL-TIME),1851,2s
BANKNIFTY,28146.31972544845,28151.408484942338,28094.7897448272,28097.17019437631,4803,2026-01-15 11:23:37 IST,20,TradingView (REAL-TIME),1852,2s
NIFTY,23268.533475875305,23324.629059202347,23267.224803680398,23322.30810843096,7555,2026-01-15 11:23:39 IST,410,TradingView (REAL-TIME),1853,2s
BANKNIFTY,28097.17019437631,28104.421283727257,28088.29606225383,28103.88487666374,1814,2026-01-15 11:23:39 IST,187,TradingView (REAL-TIME),1854,2s
NIFTY,23322.30810843096,23361.160593307748,23320.909129900498,23351.436115291235,5404,2026-01-15 11:23:42 IST,300,TradingView (REAL-TIME),1855,2s
BANKNIFTY,28103.88487666374,28156.966475228895,28098.203944524284,28150.045096068538,5800,2026-01-15 11:23:42 IST,174,TradingView (REAL-TIME),1856,2s
NIFTY,23351.436115291235,23360.271826412,23346.455445930133,23348.150671124,1405,2026-01-15 11:23:44 IST,122,TradingView (REAL-TIME),1857,2s
BANKNIFTY,28150.045096068538,28223.94504108679,28140.422702912532,28223.238987032746,5506,2026-01-15 11:23:44 IST,203,TradingView (REAL-TIME),1858,2s
NIFTY,23348.150671124,23386.899631312397,23339.105712972803,23377.041271296872,2151,2026-01-15 11:23:46 IST,287,TradingView (REAL-TIME),1859,2s
BANKNIFTY,28223.238987032746,28224.725351089623,28149.948035547084,28153.3319351696,4404,2026-01-15 11:23:46 IST,425,TradingView (REAL-TIME),1860,2s
NIFTY,23377.041271296872,23442.210390095166,23370.50568861724,23435.30560835818,1060,2026-01-15 11:23:48 IST,232,TradingView (REAL-TIME),1861,2s
BANKNIFTY,28153.3319351696,28226.183284395178,28149.383779737007,28221.555518231726,6475,2026-01-15 11:23:48 IST,224,TradingView (REAL-TIME),1862,2s
NIFTY,23435.30560835818,23437.730498895966,23384.64435569108,23387.73942883637,1343,2026-01-15 11:23:50 IST,294,TradingView (REAL-TIME),1863,2s
BANKNIFTY,28221.555518231726,28225.957738085246,28159.842771774573,28169.23575107944,7726,2026-01-15 11:23:50 IST,473,TradingView (REAL-TIME),1864,2s
NIFTY,23387.73942883637,23435.995569579853,23379.119873785672,23435.146958170877,1820,2026-01-15 11:23:52 IST,83,TradingView (REAL-TIME),1865,2s
BANKNIFTY,28169.23575107944,28185.303686831026,28164.79000304327,28176.863311809782,5364,2026-01-15 11:23:52 IST,398,TradingView (REAL-TIME),1866,2s
NIFTY,23435.146958170877,23440.244922746166,23373.234150917146,23381.51976699363,7384,2026-01-15 11:23:54 IST,164,TradingView (REAL-TIME),1867,2s
BANKNIFTY,28176.863311809782,28233.590558952506,28173.661961147074,28227.227110077747,7708,2026-01-15 11:23:54 IST,43,TradingView (REAL-TIME),1868,2s
NIFTY,23381.51976699363,23454.32002488422,23375.487667085665,23450.94380200986,7393,2026-01-15 11:23:56 IST,478,TradingView (REAL-TIME),1869,2s
BANKNIFTY,28227.227110077747,28230.95022333948,28156.049468493777,28156.24274573692,2144,2026-01-15 11:23:56 IST,66,TradingView (REAL-TIME),1870,2s
NIFTY,23450.94380200986,23452.573847966254,23442.820116933784,23445.196955389736,9213,2026-01-15 11:23:58 IST,37,TradingView (REAL-TIME),1871,2s
BANKNIFTY,28156.24274573692,28164.277103063465,28139.77545109571,28146.300518166936,7982,2026-01-15 11:23:58 IST,391,TradingView (REAL-TIME),1872,2s
NIFTY,23445.196955389736,23446.647921923603,23401.871337405268,23408.902355516817,1752,2026-01-15 11:24:00 IST,96,TradingView (REAL-TIME),1873,2s
BANKNIFTY,28146.300518166936,28148.63259426542,28111.114961011663,28120.017621193256,2157,2026-01-15 11:24:00 IST,28,TradingView (REAL-TIME),1874,2s
NIFTY,23408.902355516817,23411.29740650408,23405.619769482495,23406.85421400088,3849,2026-01-15 11:24:02 IST,58,TradingView (REAL-TIME),1875,2s
BANKNIFTY,28120.017621193256,28177.133242636144,28116.17575620611,28168.155513804093,6708,2026-01-15 11:24:02 IST,56,TradingView (REAL-TIME),1876,2s
NIFTY,23406.85421400088,23409.219966229964,23361.3319061292,23370.1795461377,7186,2026-01-15 11:24:04 IST,237,TradingView (REAL-TIME),1877,2s
BANKNIFTY,28168.155513804093,28198.41172455147,28165.90810906902,28194.106487325655,1586,2026-01-15 11:24:04 IST,202,TradingView (REAL-TIME),1878,2s
NIFTY,23370.1795461377,23370.88785335353,23351.88102086616,23352.420493102272,6124,2026-01-15 11:24:06 IST,471,TradingView (REAL-TIME),1879,2s
BANKNIFTY,28194.106487325655,28194.83372236161,28154.23187267039,28161.36374598892,1675,2026-01-15 11:24:06 IST,133,TradingView (REAL-TIME),1880,2s
NIFTY,23352.420493102272,23365.1027031055,23343.350768130007,23356.993474265797,9734,2026-01-15 11:24:08 IST,79,TradingView (REAL-TIME),1881,2s
BANKNIFTY,28161.36374598892,28162.033571217056,28123.561690165836,28129.474261364245,5381,2026-01-15 11:24:08 IST,139,TradingView (REAL-TIME),1882,2s
NIFTY,23356.993474265797,23378.866199685075,23349.153511512406,23370.671673814937,5831,2026-01-15 11:24:10 IST,403,TradingView (REAL-TIME),1883,2s
BANKNIFTY,28129.474261364245,28135.880767193117,28045.14386350296,28051.15308382837,3432,2026-01-15 11:24:11 IST,333,TradingView (REAL-TIME),1884,2s
NIFTY,23370.671673814937,23378.976583681702,23363.13183535552,23373.986447061114,6978,2026-01-15 11:24:13 IST,296,TradingView (REAL-TIME),1885,2s
BANKNIFTY,28051.15308382837,28060.579376807957,28003.923991256386,28006.307712842925,1760,2026-01-15 11:24:13 IST,352,TradingView (REAL-TIME),1886,2s
NIFTY,23373.986447061114,23401.458761429272,23368.500532849743,23392.531393321136,4614,2026-01-15 11:24:15 IST,72,TradingView (REAL-TIME),1887,2s
BANKNIFTY,28006.307712842925,28008.745507675765,27929.35889853816,27937.541848510933,2587,2026-01-15 11:24:15 IST,120,TradingView (REAL-TIME),1888,2s
NIFTY,23392.531393321136,23452.699562878184,23391.218077670612,23449.200008830587,1407,2026-01-15 11:24:17 IST,36,TradingView (REAL-TIME),1889,2s
BANKNIFTY,27937.541848510933,27971.76980285508,27931.201149694265,27967.55000008051,5582,2026-01-15 11:24:17 IST,424,TradingView (REAL-TIME),1890,2s
NIFTY,23449.200008830587,23496.012635057174,23441.09146654073,23488.764363190294,8078,2026-01-15 11:24:19 IST,175,TradingView (REAL-TIME),1891,2s
BANKNIFTY,27967.55000008051,27976.119900292208,27927.80419953633,27936.125258185835,4581,2026-01-15 11:24:19 IST,358,TradingView (REAL-TIME),1892,2s
NIFTY,23488.764363190294,23492.089793143907,23442.772992681752,23449.563722256753,3204,2026-01-15 11:24:21 IST,242,TradingView (REAL-TIME),1893,2s
BANKNIFTY,27936.125258185835,28015.72954555069,27931.693691143555,28006.605909384325,8573,2026-01-15 11:24:21 IST,462,TradingView (REAL-TIME),1894,2s
NIFTY,23449.563722256753,23450.723943260145,23420.15867045188,23422.467293930727,6290,2026-01-15 11:24:23 IST,384,TradingView (REAL-TIME),1895,2s
BANKNIFTY,28006.605909384325,28011.65609060189,27986.128306124407,27990.906903231597,2184,2026-01-15 11:24:23 IST,371,TradingView (REAL-TIME),1896,2s
NIFTY,23422.467293930727,23487.08816498322,23415.060614270875,23478.39434403291,3496,2026-01-15 11:24:25 IST,334,TradingView (REAL-TIME),1897,2s
BANKNIFTY,27990.906903231597,27997.1865226391,27906.489397293855,27907.337749898776,4221,2026-01-15 11:24:25 IST,97,TradingView (REAL-TIME),1898,2s
NIFTY,23478.39434403291,23506.0096136146,23469.710380291734,23501.08833318938,2977,2026-01-15 11:24:27 IST,269,TradingView (REAL-TIME),1899,2s
BANKNIFTY,27907.337749898776,27909.34436091393,27822.603466804278,27827.262695812307,2538,2026-01-15 11:24:27 IST,378,TradingView (REAL-TIME),1900,2s
NIFTY,23501.08833318938,23503.312787674404,23465.755331995908,23466.426397026222,3485,2026-01-15 11:24:29 IST,88,TradingView (REAL-TIME),1901,2s
BANKNIFTY,27827.262695812307,27846.84496149777,27826.348263386615,27841.203677701305,2955,2026-01-15 11:24:29 IST,281,TradingView (REAL-TIME),1902,2s
NIFTY,23466.426397026222,23479.455865645126,23463.65484920025,23474.453253868123,4954,2026-01-15 11:24:31 IST,317,TradingView (REAL-TIME),1903,2s
BANKNIFTY,27841.203677701305,27841.44974385517,27818.15917004977,27826.624966642943,3470,2026-01-15 11:24:31 IST,330,TradingView (REAL-TIME),1904,2s
NIFTY,24318.165291627407,24363.960509657772,24309.380300395394,24354.090612643497,5821,2026-01-15 11:24:33 IST,426,TradingView (REAL-TIME),1,2s
BANKNIFTY,24529.230662249734,24538.147276177515,24515.662007484094,24523.345687220473,7849,2026-01-15 11:24:33 IST,453,TradingView (REAL-TIME),2,2s
NIFTY,24354.090612643497,24384.31415124118,24352.515013694207,24382.81814102076,3113,2026-01-15 11:24:35 IST,398,TradingView (REAL-TIME),3,2s
BANKNIFTY,24523.345687220473,24598.248173417778,24516.097747328,24594.839018950395,1049,2026-01-15 11:24:35 IST,286,TradingView (REAL-TIME),4,2s
NIFTY,24382.81814102076,24416.07306324615,24381.155554355188,24407.17555705089,1986,2026-01-15 11:24:37 IST,359,TradingView (REAL-TIME),5,2s
BANKNIFTY,24594.839018950395,24595.83960636568,24557.617483688202,24563.407804420414,8001,2026-01-15 11:24:37 IST,224,TradingView (REAL-TIME),6,2s
NIFTY,24407.17555705089,24458.67578051141,24403.406632142352,24456.03618850225,9801,2026-01-15 11:24:39 IST,468,TradingView (REAL-TIME),7,2s
BANKNIFTY,24563.407804420414,24570.88874673017,24520.170910935838,24522.095172278623,2188,2026-01-15 11:24:39 IST,448,TradingView (REAL-TIME),8,2s
NIFTY,24456.03618850225,24463.3228670977,24448.928906902325,24451.448815786105,7917,2026-01-15 11:24:41 IST,48,TradingView (REAL-TIME),9,2s
BANKNIFTY,24522.095172278623,24586.360174938956,24517.131955297114,24580.80865147974,4489,2026-01-15 11:24:41 IST,415,TradingView (REAL-TIME),10,2s
NIFTY,24451.448815786105,24498.02355648645,24449.4596836697,24497.469811401927,4912,2026-01-15 11:24:43 IST,454,TradingView (REAL-TIME),11,2s
BANKNIFTY,24580.80865147974,24583.500416974166,24544.39123709198,24545.159315475517,9540,2026-01-15 11:24:43 IST,74,TradingView (REAL-TIME),12,2s
NIFTY,24497.469811401927,24498.933246935223,24462.463869183026,24471.295260422932,3696,2026-01-15 11:24:45 IST,323,TradingView (REAL-TIME),13,2s
BANKNIFTY,24545.159315475517,24610.959498169737,24542.931727723208,24605.014270884705,4612,2026-01-15 11:24:45 IST,489,TradingView (REAL-TIME),14,2s
NIFTY,24471.295260422932,24481.824603425466,24463.371248474385,24480.62231819512,4962,2026-01-15 11:24:48 IST,296,TradingView (REAL-TIME),15,2s
BANKNIFTY,24605.014270884705,24612.334689153777,24529.694146417525,24533.33431862755,9973,2026-01-15 11:24:48 IST,160,TradingView (REAL-TIME),16,2s
NIFTY,24480.62231819512,24552.114746925614,24476.6029053131,24551.883208900465,1868,2026-01-15 11:24:50 IST,193,TradingView (REAL-TIME),17,2s
BANKNIFTY,24533.33431862755,24559.538200142724,24523.43041554759,24553.45251304732,7609,2026-01-15 11:24:50 IST,93,TradingView (REAL-TIME),18,2s
NIFTY,24551.883208900465,24623.745161823743,24548.713418424184,24623.473064713526,1023,2026-01-15 11:24:52 IST,429,TradingView (REAL-TIME),19,2s
BANKNIFTY,24553.45251304732,24556.79589716726,24477.50178326681,24481.685414513686,4095,2026-01-15 11:24:52 IST,350,TradingView (REAL-TIME),20,2s
NIFTY,24623.473064713526,24638.4356742108,24618.68390471853,24638.353204144103,9689,2026-01-15 11:24:54 IST,100,TradingView (REAL-TIME),21,2s
BANKNIFTY,24481.685414513686,24550.680877904313,24473.231199880785,24545.292313868886,5862,2026-01-15 11:24:54 IST,446,TradingView (REAL-TIME),22,2s
NIFTY,24638.353204144103,24695.565887220462,24631.01189406654,24693.81714281813,9019,2026-01-15 11:24:56 IST,414,TradingView (REAL-TIME),23,2s
BANKNIFTY,24545.292313868886,24547.838556126295,24514.153268952625,24514.808368284062,5369,2026-01-15 11:24:56 IST,341,TradingView (REAL-TIME),24,2s
NIFTY,24693.81714281813,24761.15580027877,24691.019807702058,24757.5306053559,6599,2026-01-15 11:24:58 IST,423,TradingView (REAL-TIME),25,2s
BANKNIFTY,24514.808368284062,24524.318189546295,24490.711784465802,24491.594518224323,8905,2026-01-15 11:24:58 IST,451,TradingView (REAL-TIME),26,2s
NIFTY,24757.5306053559,24786.632473694823,24748.223438611345,24781.35444753539,1898,2026-01-15 11:25:00 IST,492,TradingView (REAL-TIME),27,2s
BANKNIFTY,24491.594518224323,24561.294661132986,24487.05911220737,24552.980137210063,7740,2026-01-15 11:25:00 IST,496,TradingView (REAL-TIME),28,2s
NIFTY,24781.35444753539,24786.66144002427,24712.405230294855,24712.90717052407,8962,2026-01-15 11:25:02 IST,268,TradingView (REAL-TIME),29,2s
BANKNIFTY,24552.980137210063,24595.178774937995,24544.680873889465,24594.40735721202,7560,2026-01-15 11:25:02 IST,379,TradingView (REAL-TIME),30,2s
NIFTY,24712.90717052407,24718.973043576712,24632.469406199492,24639.569323511783,5471,2026-01-15 11:25:04 IST,458,TradingView (REAL-TIME),31,2s
BANKNIFTY,24594.40735721202,24670.639561405,24590.62676370089,24664.807642275555,8428,2026-01-15 11:25:04 IST,282,TradingView (REAL-TIME),32,2s
NIFTY,24639.569323511783,24665.28748206789,24636.174475820873,24656.376368174373,2944,2026-01-15 11:25:06 IST,387,TradingView (REAL-TIME),33,2s
BANKNIFTY,24664.807642275555,24679.35739932988,24658.744863973996,24678.97657733816,8949,2026-01-15 11:25:06 IST,251,TradingView (REAL-TIME),34,2s
NIFTY,24656.376368174373,24661.256415097803,24628.305707097414,24635.054622324107,9849,2026-01-15 11:25:08 IST,324,TradingView (REAL-TIME),35,2s
BANKNIFTY,24678.97657733816,24683.241605771025,24611.08866611751,24620.690099844564,7379,2026-01-15 11:25:09 IST,308,TradingView (REAL-TIME),36,2s
NIFTY,24635.054622324107,24639.73839557571,24562.281181561433,24570.460481219532,1281,2026-01-15 11:25:11 IST,189,TradingView (REAL-TIME),37,2s
BANKNIFTY,24620.690099844564,24627.384708840695,24552.729619287835,24560.533524835602,3874,2026-01-15 11:25:11 IST,200,TradingView (REAL-TIME),38,2s
NIFTY,24570.460481219532,24578.715796090284,24500.588618278758,24508.369052261798,5001,2026-01-15 11:25:13 IST,346,TradingView (REAL-TIME),39,2s
BANKNIFTY,24560.533524835602,24569.08587454354,24492.121576391608,24498.649127836987,4191,2026-01-15 11:25:13 IST,463,TradingView (REAL-TIME),40,2s
NIFTY,24508.369052261798,24508.416077367838,24499.707942144847,24508.34318307659,2809,2026-01-15 11:25:15 IST,142,TradingView (REAL-TIME),41,2s
BANKNIFTY,24498.649127836987,24550.953889698783,24491.663414027687,24548.481014410656,6695,2026-01-15 11:25:15 IST,376,TradingView (REAL-TIME),42,2s
NIFTY,24508.34318307659,24516.697361121624,24482.660016782622,24489.04794518212,5931,2026-01-15 11:25:17 IST,318,TradingView (REAL-TIME),43,2s
BANKNIFTY,24548.481014410656,24612.72564737297,24541.388964469472,24612.421348620206,1373,2026-01-15 11:25:17 IST,241,TradingView (REAL-TIME),44,2s
NIFTY,24489.04794518212,24496.20917725745,24445.656434578897,24450.286404433336,1881,2026-01-15 11:25:19 IST,29,TradingView (REAL-TIME),45,2s
BANKNIFTY,24612.421348620206,24655.703205198726,24608.38476618893,24651.709799908753,9586,2026-01-15 11:25:19 IST,166,TradingView (REAL-TIME),46,2s
NIFTY,24450.286404433336,24513.176451172334,24444.806653228054,24513.139254079153,4719,2026-01-15 11:25:21 IST,325,TradingView (REAL-TIME),47,2s
BANKNIFTY,24651.709799908753,24660.79553419556,24590.235567436503,24593.612553285482,9581,2026-01-15 11:25:21 IST,109,TradingView (REAL-TIME),48,2s
NIFTY,24513.139254079153,24580.607012323144,24512.073271311012,24577.930916960122,5584,2026-01-15 11:25:23 IST,119,TradingView (REAL-TIME),49,2s
BANKNIFTY,24593.612553285482,24602.0781963674,24562.924255518516,24570.09034152322,4857,2026-01-15 11:25:23 IST,148,TradingView (REAL-TIME),50,2s
NIFTY,24577.930916960122,24582.604714551337,24500.90918336559,24505.577266753367,4222,2026-01-15 11:25:25 IST,287,TradingView (REAL-TIME),51,2s
BANKNIFTY,24570.09034152322,24570.142587609105,24509.404616980737,24513.667590579935,9911,2026-01-15 11:25:25 IST,292,TradingView (REAL-TIME),52,2s
NIFTY,24505.577266753367,24559.397237256548,24498.885263685963,24555.859980422996,8704,2026-01-15 11:25:27 IST,214,TradingView (REAL-TIME),53,2s
BANKNIFTY,24513.667590579935,24518.476316080818,24457.87002449123,24458.64292845367,9605,2026-01-15 11:25:27 IST,262,TradingView (REAL-TIME),54,2s
NIFTY,24555.859980422996,24617.38515618451,24548.78746840715,24615.9573380412,4125,2026-01-15 11:25:29 IST,120,TradingView (REAL-TIME),55,2s
BANKNIFTY,24458.64292845367,24474.324190550993,24449.02288686357,24470.030132152275,7409,2026-01-15 11:25:29 IST,482,TradingView (REAL-TIME),56,2s
NIFTY,24615.9573380412,24676.391060521666,24613.354689324347,24675.108991891568,3268,2026-01-15 11:25:31 IST,122,TradingView (REAL-TIME),57,2s
BANKNIFTY,24470.030132152275,24479.19419690398,24427.968187496215,24429.390570377192,9471,2026-01-15 11:25:31 IST,235,TradingView (REAL-TIME),58,2s
NIFTY,24675.108991891568,24681.792351855882,24663.417276728494,24672.838073153856,2497,2026-01-15 11:25:33 IST,131,TradingView (REAL-TIME),59,2s
BANKNIFTY,24429.390570377192,24465.258855623513,24426.413446039278,24456.350217848736,3698,2026-01-15 11:25:33 IST,196,TradingView (REAL-TIME),60,2s
NIFTY,24672.838073153856,24681.915560173697,24645.705317842057,24649.326742656773,5767,2026-01-15 11:25:35 IST,228,TradingView (REAL-TIME),61,2s
BANKNIFTY,24456.350217848736,24516.55784321693,24449.455706693865,24507.782391677873,8607,2026-01-15 11:25:35 IST,106,TradingView (REAL-TIME),62,2s
NIFTY,24649.326742656773,24670.482641342693,24649.056515725424,24669.925357931126,5629,2026-01-15 11:25:38 IST,336,TradingView (REAL-TIME),63,2s
BANKNIFTY,24507.782391677873,24513.090577430492,24463.4912491211,24469.700740427565,7139,2026-01-15 11:25:38 IST,495,TradingView (REAL-TIME),64,2s
NIFTY,24669.925357931126,24677.476508138192,24661.89756612096,24667.04563319612,4265,2026-01-15 11:25:40 IST,342,TradingView (REAL-TIME),65,2s
BANKNIFTY,24469.700740427565,24531.25867431203,24465.373084722753,24527.84501294656,9801,2026-01-15 11:25:40 IST,436,TradingView (REAL-TIME),66,2s
NIFTY,24667.04563319612,24724.56497289951,24665.609740515978,24714.69346929359,9477,2026-01-15 11:25:42 IST,134,TradingView (REAL-TIME),67,2s
BANKNIFTY,24527.84501294656,24605.063274679105,24521.248559730957,24600.383492830093,1605,2026-01-15 11:25:42 IST,146,TradingView (REAL-TIME),68,2s
NIFTY,24714.69346929359,24716.923533541525,24700.110288294713,24701.41847929877,1096,2026-01-15 11:25:44 IST,186,TradingView (REAL-TIME),69,2s
BANKNIFTY,24600.383492830093,24601.029137286303,24591.689110159346,24592.60511566355,7014,2026-01-15 11:25:44 IST,449,TradingView (REAL-TIME),70,2s
NIFTY,24701.41847929877,24705.818206609245,24623.591062732554,24627.523977014538,5090,2026-01-15 11:25:46 IST,125,TradingView (REAL-TIME),71,2s
BANKNIFTY,24592.60511566355,24593.813434115185,24539.44948620256,24545.00843658351,1253,2026-01-15 11:25:46 IST,348,TradingView (REAL-TIME),72,2s
NIFTY,24627.523977014538,24632.122490593705,24546.38178724734,24554.572711106,9347,2026-01-15 11:25:48 IST,424,TradingView (REAL-TIME),73,2s
BANKNIFTY,24545.00843658351,24547.00710067332,24528.77584540083,24531.139940448214,5271,2026-01-15 11:25:48 IST,174,TradingView (REAL-TIME),74,2s
NIFTY,24554.572711106,24606.677716611288,24549.135482732167,24602.56420482582,1524,2026-01-15 11:25:50 IST,255,TradingView (REAL-TIME),75,2s
BANKNIFTY,24531.139940448214,24539.807183831013,24512.8538873978,24514.940559988194,3823,2026-01-15 11:25:50 IST,221,TradingView (REAL-TIME),76,2s
NIFTY,24602.56420482582,24606.07350240576,24578.481862818568,24578.636370516317,6846,2026-01-15 11:25:52 IST,220,TradingView (REAL-TIME),77,2s
BANKNIFTY,24514.940559988194,24552.06470092153,24512.421983655022,24551.262775228784,1913,2026-01-15 11:25:52 IST,309,TradingView (REAL-TIME),78,2s
NIFTY,24578.636370516317,24588.273442540787,24525.573479783146,24530.836714292054,7331,2026-01-15 11:25:54 IST,358,TradingView (REAL-TIME),79,2s
BANKNIFTY,24551.262775228784,24555.675552707093,24510.17677319013,24516.903870309692,8339,2026-01-15 11:25:54 IST,133,TradingView (REAL-TIME),80,2s
NIFTY,24530.836714292054,24532.14385586705,24517.452164230588,24525.01299930339,8970,2026-01-15 11:25:56 IST,251,TradingView (REAL-TIME),81,2s
BANKNIFTY,24516.903870309692,24588.37363505025,24515.51819953157,24584.022773811994,3587,2026-01-15 11:25:56 IST,402,TradingView (REAL-TIME),82,2s
NIFTY,24525.01299930339,24590.922889985173,24522.619251052518,24588.248799124693,5569,2026-01-15 11:25:58 IST,100,TradingView (REAL-TIME),83,2s
BANKNIFTY,24584.022773811994,24654.755977770987,24574.16647617966,24649.73579625283,3850,2026-01-15 11:25:58 IST,331,TradingView (REAL-TIME),84,2s
NIFTY,24588.248799124693,24588.32658141276,24509.69146826047,24514.49806892531,4726,2026-01-15 11:26:00 IST,132,TradingView (REAL-TIME),85,2s
BANKNIFTY,24649.73579625283,24664.969122413397,24647.621941432797,24659.90097174169,5795,2026-01-15 11:26:00 IST,409,TradingView (REAL-TIME),86,2s
NIFTY,24514.49806892531,24522.60128842066,24455.173349585577,24463.152983770437,1846,2026-01-15 11:26:02 IST,277,TradingView (REAL-TIME),87,2s
BANKNIFTY,24659.90097174169,24669.360655132725,24651.88453171985,24659.64243322939,3525,2026-01-15 11:26:02 IST,495,TradingView (REAL-TIME),88,2s
NIFTY,24463.152983770437,24472.971073369874,24436.642760818653,24443.059795392935,1355,2026-01-15 11:26:04 IST,441,TradingView (REAL-TIME),89,2s
BANKNIFTY,24659.64243322939,24714.541881025823,24655.180493811036,24714.27618062143,7116,2026-01-15 11:26:04 IST,374,TradingView (REAL-TIME),90,2s
NIFTY,24443.059795392935,24448.936587920252,24408.30329316655,24416.529406069585,5809,2026-01-15 11:26:07 IST,92,TradingView (REAL-TIME),91,2s
BANKNIFTY,24714.27618062143,24721.6803305834,24663.933691586586,24664.19661829521,2070,2026-01-15 11:26:07 IST,275,TradingView (REAL-TIME),92,2s
NIFTY,24416.529406069585,24445.980164985252,24415.121837294882,24443.06384175857,7469,2026-01-15 11:26:09 IST,303,TradingView (REAL-TIME),93,2s
BANKNIFTY,24664.19661829521,24691.48730711179,24663.143966508662,24681.950306883788,7414,2026-01-15 11:26:09 IST,80,TradingView (REAL-TIME),94,2s
NIFTY,24443.06384175857,24452.098084947305,24378.2796653927,24383.342831135054,3353,2026-01-15 11:26:11 IST,219,TradingView (REAL-TIME),95,2s
BANKNIFTY,24681.950306883788,24689.400706069737,24671.76298982236,24674.039645986024,6269,2026-01-15 11:26:11 IST,159,TradingView (REAL-TIME),96,2s
NIFTY,24383.342831135054,24414.321423483274,24379.16169807976,24411.530057043183,3015,2026-01-15 11:26:13 IST,187,TradingView (REAL-TIME),97,2s
BANKNIFTY,24674.039645986024,24677.88979612951,24603.059977703717,24612.465960453195,9220,2026-01-15 11:26:13 IST,37,TradingView (REAL-TIME),98,2s
NIFTY,24411.530057043183,24421.493409537103,24354.309426766173,24358.51596078061,6443,2026-01-15 11:26:15 IST,492,TradingView (REAL-TIME),99,2s
BANKNIFTY,24612.465960453195,24616.005594897306,24592.891677910924,24602.47045655286,4095,2026-01-15 11:26:15 IST,465,TradingView (REAL-TIME),100,2s
NIFTY,24358.51596078061,24365.148019496737,24348.28698270657,24357.342930324143,8425,2026-01-15 11:26:17 IST,221,TradingView (REAL-TIME),101,2s
BANKNIFTY,24602.47045655286,24654.552560438548,24598.1459061373,24651.782920528447,9316,2026-01-15 11:26:17 IST,140,TradingView (REAL-TIME),102,2s
NIFTY,24357.342930324143,24366.479080885085,24334.81620042194,24344.4972896679,1385,2026-01-15 11:26:19 IST,318,TradingView (REAL-TIME),103,2s
BANKNIFTY,24651.782920528447,24666.78964171011,24643.611725074355,24664.191707328977,4354,2026-01-15 11:26:19 IST,245,TradingView (REAL-TIME),104,2s
NIFTY,24344.4972896679,24396.073329808904,24339.820988479205,24391.098732670078,3233,2026-01-15 11:26:21 IST,376,TradingView (REAL-TIME),105,2s
BANKNIFTY,24664.191707328977,24724.0691702035,24659.105458516955,24715.024670538114,7712,2026-01-15 11:26:21 IST,88,TradingView (REAL-TIME),106,2s
NIFTY,24391.098732670078,24461.05366200418,24381.49483766105,24452.61249062471,9241,2026-01-15 11:26:23 IST,40,TradingView (REAL-TIME),107,2s
BANKNIFTY,24715.024670538114,24720.30665330405,24682.29793020394,24692.14621008539,1408,2026-01-15 11:26:23 IST,68,TradingView (REAL-TIME),108,2s
NIFTY,24452.61249062471,24462.247757201807,24420.72686567288,24421.35014235588,3499,2026-01-15 11:26:26 IST,258,TradingView (REAL-TIME),109,2s
BANKNIFTY,24692.14621008539,24700.39731550719,24666.46410371606,24669.163984355553,7544,2026-01-15 11:26:26 IST,483,TradingView (REAL-TIME),110,2s
NIFTY,24421.35014235588,24425.69062672661,24405.083390065305,24406.41164430203,1607,2026-01-15 11:26:28 IST,129,TradingView (REAL-TIME),111,2s
BANKNIFTY,24669.163984355553,24678.031230436918,24633.699170927903,24637.4728376705,1077,2026-01-15 11:26:28 IST,304,TradingView (REAL-TIME),112,2s
NIFTY,24406.41164430203,24413.30476528129,24368.71097328214,24372.70259631539,6483,2026-01-15 11:26:30 IST,188,TradingView (REAL-TIME),113,2s
BANKNIFTY,24637.4728376705,24642.181050815998,24606.118733758325,24613.252492662752,6346,2026-01-15 11:26:30 IST,60,TradingView (REAL-TIME),114,2s
NIFTY,24372.70259631539,24377.139786421372,24334.14650109943,24338.24559880297,1760,2026-01-15 11:26:32 IST,100,TradingView (REAL-TIME),115,2s
BANKNIFTY,24613.252492662752,24618.882093369488,24578.647379363363,24582.86881088761,5704,2026-01-15 11:26:32 IST,21,TradingView (REAL-TIME),116,2s
NIFTY,24338.24559880297,24345.432221053597,24324.65223163162,24329.503410060828,7840,2026-01-15 11:26:34 IST,479,TradingView (REAL-TIME),117,2s
BANKNIFTY,24582.86881088761,24591.39676369583,24534.098376420465,24541.728611208386,8082,2026-01-15 11:26:34 IST,500,TradingView (REAL-TIME),118,2s
NIFTY,24329.503410060828,24382.838606045054,24320.514880805364,24375.522154798786,2521,2026-01-15 11:26:36 IST,403,TradingView (REAL-TIME),119,2s
BANKNIFTY,24541.728611208386,24544.91430860905,24467.327561458496,24475.737289828427,8591,2026-01-15 11:26:36 IST,393,TradingView (REAL-TIME),120,2s
NIFTY,24375.522154798786,24381.62910874721,24306.302765716526,24308.610129041157,1700,2026-01-15 11:26:38 IST,21,TradingView (REAL-TIME),121,2s
BANKNIFTY,24475.737289828427,24481.643955129377,24438.388319527185,24444.34315488166,8870,2026-01-15 11:26:38 IST,471,TradingView (REAL-TIME),122,2s
NIFTY,24308.610129041157,24316.00089297454,24264.576744470192,24271.12029767873,9992,2026-01-15 11:26:40 IST,105,TradingView (REAL-TIME),123,2s
BANKNIFTY,24444.34315488166,24463.368537487982,24441.501740914722,24455.799235701666,7937,2026-01-15 11:26:40 IST,295,TradingView (REAL-TIME),124,2s
NIFTY,24271.12029767873,24273.72288660833,24204.905102539433,24212.9931974195,1722,2026-01-15 11:26:42 IST,328,TradingView (REAL-TIME),125,2s
BANKNIFTY,24455.799235701666,24462.528510582695,24395.489469579992,24400.46581552933,2177,2026-01-15 11:26:42 IST,415,TradingView (REAL-TIME),126,2s
NIFTY,24212.9931974195,24260.612660925828,24210.3738588094,24256.662242403017,5048,2026-01-15 11:26:44 IST,182,TradingView (REAL-TIME),127,2s
BANKNIFTY,24400.46581552933,24407.570632217044,24361.235929619914,24363.75331446169,3619,2026-01-15 11:26:44 IST,238,TradingView (REAL-TIME),128,2s
NIFTY,24256.662242403017,24261.337606756308,24194.23844782147,24196.42869716574,4969,2026-01-15 11:26:46 IST,77,TradingView (REAL-TIME),129,2s
BANKNIFTY,24363.75331446169,24367.099628127984,24316.941807323117,24326.716813254185,7503,2026-01-15 11:26:46 IST,217,TradingView (REAL-TIME),130,2s
NIFTY,24196.42869716574,24272.460797789492,24191.848997366196,24264.436405545704,6188,2026-01-15 11:26:48 IST,425,TradingView (REAL-TIME),131,2s
BANKNIFTY,24326.716813254185,24359.75718469622,24326.473530938023,24358.759216738843,6668,2026-01-15 11:26:49 IST,331,TradingView (REAL-TIME),132,2s
NIFTY,24264.436405545704,24278.308900642278,24255.69586968533,24275.82979180718,3961,2026-01-15 11:26:51 IST,153,TradingView (REAL-TIME),133,2s
BANKNIFTY,24358.759216738843,24360.05557996465,24284.182906667113,24291.633512425655,1496,2026-01-15 11:26:51 IST,41,TradingView (REAL-TIME),134,2s
NIFTY,24275.82979180718,24283.804467570142,24229.785569323856,24234.73945183773,9883,2026-01-15 11:26:53 IST,485,TradingView (REAL-TIME),135,2s
BANKNIFTY,24291.633512425655,24344.590936941815,24288.822570822915,24336.008715065473,6718,2026-01-15 11:26:53 IST,115,TradingView (REAL-TIME),136,2s
NIFTY,24234.73945183773,24238.62311864882,24167.55242952395,24174.558236810695,8781,2026-01-15 11:26:55 IST,186,TradingView (REAL-TIME),137,2s
BANKNIFTY,24336.008715065473,24357.141987600466,24333.98471382094,24356.93917651863,7675,2026-01-15 11:26:55 IST,232,TradingView (REAL-TIME),138,2s
NIFTY,24174.558236810695,24179.82365173981,24150.12294890799,24152.266364418392,6559,2026-01-15 11:26:57 IST,34,TradingView (REAL-TIME),139,2s
BANKNIFTY,24356.93917651863,24359.469114609336,24298.167148841894,24304.103926595864,4375,2026-01-15 11:26:57 IST,487,TradingView (REAL-TIME),140,2s
NIFTY,24152.266364418392,24177.59188126034,24143.917508041184,24171.04091031318,4884,2026-01-15 11:26:59 IST,438,TradingView (REAL-TIME),141,2s
BANKNIFTY,24304.103926595864,24308.422498553606,24284.74560178465,24290.46739011188,6142,2026-01-15 11:26:59 IST,487,TradingView (REAL-TIME),142,2s
NIFTY,24171.04091031318,24175.659054044805,24121.606180312032,24129.791404987307,4336,2026-01-15 11:27:01 IST,488,TradingView (REAL-TIME),143,2s
BANKNIFTY,24290.46739011188,24291.976368159158,24249.56053382932,24254.877803564406,6342,2026-01-15 11:27:01 IST,30,TradingView (REAL-TIME),144,2s
NIFTY,24129.791404987307,24142.819122116616,24126.801631544815,24140.239081074687,5314,2026-01-15 11:27:03 IST,142,TradingView (REAL-TIME),145,2s
BANKNIFTY,24254.877803564406,24313.84295809694,24250.457920225686,24304.106971444584,4992,2026-01-15 11:27:03 IST,406,TradingView (REAL-TIME),146,2s
NIFTY,24140.239081074687,24165.80410614617,24131.850802452267,24164.23651592221,6748,2026-01-15 11:27:05 IST,380,TradingView (REAL-TIME),147,2s
BANKNIFTY,24304.106971444584,24306.775229091207,24291.078590448185,24293.399068720646,7078,2026-01-15 11:27:05 IST,211,TradingView (REAL-TIME),148,2s
NIFTY,24164.23651592221,24171.69033107811,24092.29752143089,24097.241903211845,4680,2026-01-15 11:27:07 IST,169,TradingView (REAL-TIME),149,2s
BANKNIFTY,24293.399068720646,24320.019632898027,24292.17058049007,24316.060946734873,4396,2026-01-15 11:27:07 IST,413,TradingView (REAL-TIME),150,2s
NIFTY,24097.241903211845,24097.643524069685,24083.51378200458,24084.582685908335,8758,2026-01-15 11:27:09 IST,98,TradingView (REAL-TIME),151,2s
BANKNIFTY,24316.060946734873,24355.815403017605,24313.996559207317,24351.264528137595,5976,2026-01-15 11:27:09 IST,102,TradingView (REAL-TIME),152,2s
NIFTY,24084.582685908335,24124.148333122095,24077.6824189218,24118.18879915067,7750,2026-01-15 11:27:11 IST,182,TradingView (REAL-TIME),153,2s
BANKNIFTY,24351.264528137595,24354.624599507435,24310.347154549272,24314.40718637006,4977,2026-01-15 11:27:11 IST,119,TradingView (REAL-TIME),154,2s
NIFTY,24118.18879915067,24194.4761911374,24115.93952758508,24187.995419334937,8293,2026-01-15 11:27:13 IST,400,TradingView (REAL-TIME),155,2s
BANKNIFTY,24314.40718637006,24342.703041758192,24307.210178120422,24337.83298916113,6076,2026-01-15 11:27:13 IST,422,TradingView (REAL-TIME),156,2s
NIFTY,24187.995419334937,24263.229114547503,24186.24277397122,24255.999178719838,1849,2026-01-15 11:27:15 IST,283,TradingView (REAL-TIME),157,2s
BANKNIFTY,24337.83298916113,24347.525435859538,24329.242064166545,24334.44842340763,3355,2026-01-15 11:27:16 IST,190,TradingView (REAL-TIME),158,2s
NIFTY,24255.999178719838,24265.238837235636,24198.21483909241,24202.27192301246,5863,2026-01-15 11:27:18 IST,274,TradingView (REAL-TIME),159,2s
BANKNIFTY,24334.44842340763,24364.843254415908,24334.051310729217,24360.68173661114,8304,2026-01-15 11:27:18 IST,16,TradingView (REAL-TIME),160,2s
NIFTY,24202.27192301246,24205.188515267182,24196.967931909883,24202.206310329766,5579,2026-01-15 11:27:20 IST,491,TradingView (REAL-TIME),161,2s
BANKNIFTY,24360.68173661114,24436.823781567633,24354.53516165403,24428.52234204,5725,2026-01-15 11:27:20 IST,380,TradingView (REAL-TIME),162,2s
NIFTY,24202.206310329766,24247.053819576886,24198.33859467915,24245.087485795724,7193,2026-01-15 11:27:22 IST,159,TradingView (REAL-TIME),163,2s
BANKNIFTY,24428.52234204,24435.581732523297,24374.17812738686,24378.924978207826,2790,2026-01-15 11:27:22 IST,118,TradingView (REAL-TIME),164,2s
NIFTY,24245.087485795724,24250.28595229265,24230.960766892025,24239.631325011556,4227,2026-01-15 11:27:24 IST,132,TradingView (REAL-TIME),165,2s
BANKNIFTY,24378.924978207826,24380.802824533577,24324.231961400823,24324.306959205285,1029,2026-01-15 11:27:24 IST,191,TradingView (REAL-TIME),166,2s
NIFTY,24239.631325011556,24241.20879433936,24233.281077014515,24237.25247548048,7853,2026-01-15 11:27:26 IST,262,TradingView (REAL-TIME),167,2s
BANKNIFTY,24324.306959205285,24324.54999846453,24306.167903851987,24306.359601698816,5100,2026-01-15 11:27:26 IST,419,TradingView (REAL-TIME),168,2s
NIFTY,24237.25247548048,24283.531424635163,24229.161622728803,24273.628242347073,1943,2026-01-15 11:27:28 IST,86,TradingView (REAL-TIME),169,2s
BANKNIFTY,24306.359601698816,24315.863934392888,24246.47504963338,24255.748244240236,1849,2026-01-15 11:27:28 IST,298,TradingView (REAL-TIME),170,2s
NIFTY,24273.628242347073,24275.413791466617,24224.299606291304,24228.142738835064,5996,2026-01-15 11:27:30 IST,407,TradingView (REAL-TIME),171,2s
BANKNIFTY,24255.748244240236,24264.410732340708,24234.38650586052,24242.481421177436,8618,2026-01-15 11:27:30 IST,295,TradingView (REAL-TIME),172,2s
NIFTY,24228.142738835064,24236.43499643059,24211.147928347527,24214.985176087008,5499,2026-01-15 11:27:32 IST,85,TradingView (REAL-TIME),173,2s
BANKNIFTY,24242.481421177436,24250.23474010722,24219.98155254376,24227.952216430986,8293,2026-01-15 11:27:32 IST,59,TradingView (REAL-TIME),174,2s
NIFTY,24214.985176087008,24235.014443221007,24205.628328410337,24225.714443096476,4126,2026-01-15 11:27:34 IST,307,TradingView (REAL-TIME),175,2s
BANKNIFTY,24227.952216430986,24234.70123240211,24226.60352216778,24230.975038728266,1358,2026-01-15 11:27:34 IST,363,TradingView (REAL-TIME),176,2s
NIFTY,24225.714443096476,24267.31027845919,24224.50878809122,24263.410516354103,5419,2026-01-15 11:27:36 IST,232,TradingView (REAL-TIME),177,2s
BANKNIFTY,24230.975038728266,24231.79776044582,24166.08713736513,24174.33190192018,3630,2026-01-15 11:27:36 IST,446,TradingView (REAL-TIME),178,2s
NIFTY,24263.410516354103,24318.304832017617,24254.55746171438,24309.58679970679,4151,2026-01-15 11:27:38 IST,408,TradingView (REAL-TIME),179,2s
BANKNIFTY,24174.33190192018,24174.669908523734,24114.02869197429,24121.216889712985,2236,2026-01-15 11:27:38 IST,357,TradingView (REAL-TIME),180,2s
NIFTY,24309.58679970679,24376.08218064902,24305.08930379609,24375.511927575746,3497,2026-01-15 11:27:40 IST,12,TradingView (REAL-TIME),181,2s
BANKNIFTY,24121.216889712985,24128.465798358546,24079.730226618954,24088.643943227034,5635,2026-01-15 11:27:40 IST,364,TradingView (REAL-TIME),182,2s
NIFTY,24375.511927575746,24413.45734803143,24366.184139888286,24406.0901582005,7594,2026-01-15 11:27:42 IST,398,TradingView (REAL-TIME),183,2s
BANKNIFTY,24088.643943227034,24090.129530592712,24057.070571035965,24065.076912961227,4929,2026-01-15 11:27:42 IST,250,TradingView (REAL-TIME),184,2s
NIFTY,24406.0901582005,24482.23560056733,24400.12727731314,24474.554456355145,5409,2026-01-15 11:27:44 IST,279,TradingView (REAL-TIME),185,2s
BANKNIFTY,24065.076912961227,24066.85831790061,24039.499960528345,24042.048252257424,9616,2026-01-15 11:27:44 IST,405,TradingView (REAL-TIME),186,2s
NIFTY,24474.554456355145,24483.875398193686,24450.45016847472,24459.886174154457,5212,2026-01-15 11:27:46 IST,432,TradingView (REAL-TIME),187,2s
BANKNIFTY,24042.048252257424,24045.164726668452,23966.436906841733,23971.59395287268,6394,2026-01-15 11:27:46 IST,142,TradingView (REAL-TIME),188,2s
NIFTY,24459.886174154457,24466.02994602563,24451.415022793804,24455.071905766144,1216,2026-01-15 11:27:49 IST,47,TradingView (REAL-TIME),189,2s
BANKNIFTY,23971.59395287268,23976.02354082765,23901.522673180123,23911.28529254756,8921,2026-01-15 11:27:49 IST,160,TradingView (REAL-TIME),190,2s
NIFTY,24455.071905766144,24520.287318358187,24451.765833863476,24520.00426124229,7177,2026-01-15 11:27:51 IST,290,TradingView (REAL-TIME),191,2s
BANKNIFTY,23911.28529254756,23919.76456052174,23868.325498689206,23874.257513252353,6130,2026-01-15 11:27:51 IST,472,TradingView (REAL-TIME),192,2s
NIFTY,24520.00426124229,24541.597112650627,24510.308487970764,24540.05543613697,6015,2026-01-15 11:27:53 IST,119,TradingView (REAL-TIME),193,2s
BANKNIFTY,23874.257513252353,23877.171242114215,23803.71432047783,23803.802504923442,7300,2026-01-15 11:27:53 IST,377,TradingView (REAL-TIME),194,2s
NIFTY,24540.05543613697,24587.222178071777,24534.537271643192,24581.017235738767,2824,2026-01-15 11:27:55 IST,294,TradingView (REAL-TIME),195,2s
BANKNIFTY,23803.802504923442,23836.560183125905,23795.962499066613,23831.66647602467,2963,2026-01-15 11:27:55 IST,226,TradingView (REAL-TIME),196,2s
NIFTY,24581.017235738767,24589.427977310115,24579.653779016055,24583.728692337507,6019,2026-01-15 11:27:57 IST,484,TradingView (REAL-TIME),197,2s
BANKNIFTY,23831.66647602467,23833.19003318416,23755.064047042262,23762.94810208753,4187,2026-01-15 11:27:57 IST,347,TradingView (REAL-TIME),198,2s
NIFTY,24583.728692337507,24622.764004075238,24574.62163130745,24613.5542695326,8210,2026-01-15 11:27:59 IST,36,TradingView (REAL-TIME),199,2s
BANKNIFTY,23762.94810208753,23782.606014855675,23761.671290942137,23774.107971181973,5739,2026-01-15 11:27:59 IST,320,TradingView (REAL-TIME),200,2s
NIFTY,24613.5542695326,24619.35260982357,24572.32429269752,24576.1789292715,6584,2026-01-15 11:28:01 IST,199,TradingView (REAL-TIME),201,2s
BANKNIFTY,23774.107971181973,23775.79245236273,23765.913712046047,23768.383613402504,4422,2026-01-15 11:28:01 IST,110,TradingView (REAL-TIME),202,2s
NIFTY,24576.1789292715,24578.203883293263,24504.868560880932,24505.729117369792,4539,2026-01-15 11:28:03 IST,33,TradingView (REAL-TIME),203,2s
BANKNIFTY,23768.383613402504,23781.55139151634,23767.276843124557,23775.599290022685,4484,2026-01-15 11:28:03 IST,240,TradingView (REAL-TIME),204,2s
NIFTY,24505.729117369792,24537.986692517723,24502.79025671509,24534.985893452435,5476,2026-01-15 11:28:05 IST,128,TradingView (REAL-TIME),205,2s
BANKNIFTY,23775.599290022685,23784.86455666797,23706.975470981153,23715.041248501017,7518,2026-01-15 11:28:05 IST,279,TradingView (REAL-TIME),206,2s
NIFTY,24534.985893452435,24544.310368394894,24510.80622641779,24519.132585210882,7596,2026-01-15 11:28:07 IST,481,TradingView (REAL-TIME),207,2s
BANKNIFTY,23715.041248501017,23720.708137373633,23680.06734354544,23681.791362452725,7386,2026-01-15 11:28:07 IST,90,TradingView (REAL-TIME),208,2s
NIFTY,24519.132585210882,24524.193482174138,24442.727337007178,24449.752428265903,5998,2026-01-15 11:28:09 IST,308,TradingView (REAL-TIME),209,2s
BANKNIFTY,23681.791362452725,23693.905828079114,23674.13433791025,23691.57769560205,3793,2026-01-15 11:28:09 IST,219,TradingView (REAL-TIME),210,2s
NIFTY,24449.752428265903,24453.707793744,24437.0804079078,24442.52996888961,3693,2026-01-15 11:28:11 IST,398,TradingView (REAL-TIME),211,2s
BANKNIFTY,23691.57769560205,23701.122109300242,23689.442641368776,23699.399406318178,2382,2026-01-15 11:28:11 IST,493,TradingView (REAL-TIME),212,2s
NIFTY,24442.52996888961,24444.711680008782,24406.958611400383,24415.209275199926,2415,2026-01-15 11:28:13 IST,220,TradingView (REAL-TIME),213,2s
BANKNIFTY,23699.399406318178,23700.979431037198,23671.29833624405,23678.987736655174,4469,2026-01-15 11:28:14 IST,382,TradingView (REAL-TIME),214,2s
NIFTY,24415.209275199926,24448.2294086942,24413.762815706792,24441.13817498202,2560,2026-01-15 11:28:16 IST,63,TradingView (REAL-TIME),215,2s
BANKNIFTY,23678.987736655174,23687.04583943748,23671.1970882615,23679.205564626216,1552,2026-01-15 11:28:16 IST,283,TradingView (REAL-TIME),216,2s
NIFTY,24441.13817498202,24494.627072812436,24440.64465750646,24489.698037098824,8382,2026-01-15 11:28:18 IST,58,TradingView (REAL-TIME),217,2s
BANKNIFTY,23679.205564626216,23719.695331022256,23676.29982718581,23711.53076570873,6106,2026-01-15 11:28:18 IST,360,TradingView (REAL-TIME),218,2s
NIFTY,24489.698037098824,24493.6266608931,24428.257591784717,24429.09696308112,3223,2026-01-15 11:28:20 IST,379,TradingView (REAL-TIME),219,2s
BANKNIFTY,23711.53076570873,23714.93295804553,23686.848846718,23690.24795308554,2206,2026-01-15 11:28:20 IST,25,TradingView (REAL-TIME),220,2s
NIFTY,24429.09696308112,24436.809243046268,24379.575335960897,24383.30944046818,1971,2026-01-15 11:28:22 IST,405,TradingView (REAL-TIME),221,2s
BANKNIFTY,23690.24795308554,23690.36371393348,23629.75140858973,23633.519607958864,2625,2026-01-15 11:28:22 IST,358,TradingView (REAL-TIME),222,2s
NIFTY,24383.30944046818,24391.07020971404,24372.59200733505,24378.260170484573,2636,2026-01-15 11:28:24 IST,499,TradingView (REAL-TIME),223,2s
BANKNIFTY,23633.519607958864,23638.919611014626,23578.431050038747,23585.80028256355,5302,2026-01-15 11:28:24 IST,479,TradingView (REAL-TIME),224,2s
NIFTY,24378.260170484573,24382.13924558547,24311.22467633068,24317.251731954,5676,2026-01-15 11:28:26 IST,55,TradingView (REAL-TIME),225,2s
BANKNIFTY,23585.80028256355,23655.731137761297,23577.140177012836,23649.97355252347,7522,2026-01-15 11:28:26 IST,471,TradingView (REAL-TIME),226,2s
NIFTY,24317.251731954,24373.590356671775,24310.940348591223,24368.286794167714,8901,2026-01-15 11:28:28 IST,168,TradingView (REAL-TIME),227,2s
BANKNIFTY,23649.97355252347,23654.701544268486,23603.62236058882,23604.440553275035,8266,2026-01-15 11:28:28 IST,304,TradingView (REAL-TIME),228,2s
NIFTY,24368.286794167714,24418.888426383568,24365.58288722845,24413.978617896697,2613,2026-01-15 11:28:30 IST,311,TradingView (REAL-TIME),229,2s
BANKNIFTY,23604.440553275035,23609.93257124921,23566.334265555703,23576.088233645256,2470,2026-01-15 11:28:30 IST,425,TradingView (REAL-TIME),230,2s
NIFTY,24413.978617896697,24423.923718852933,24380.16944416955,24386.110633097123,2606,2026-01-15 11:28:32 IST,420,TradingView (REAL-TIME),231,2s
BANKNIFTY,23576.088233645256,23583.77741364735,23514.304110681638,23517.389064899267,6098,2026-01-15 11:28:32 IST,119,TradingView (REAL-TIME),232,2s
NIFTY,24386.110633097123,24394.767420627122,24362.3993900133,24365.798954906128,2968,2026-01-15 11:28:34 IST,294,TradingView (REAL-TIME),233,2s
BANKNIFTY,23517.389064899267,23535.844688770834,23508.368752529102,23528.00342575321,5215,2026-01-15 11:28:34 IST,13,TradingView (REAL-TIME),234,2s
NIFTY,24365.798954906128,24418.8037153034,24360.73807370065,24412.07006351859,1276,2026-01-15 11:28:36 IST,36,TradingView (REAL-TIME),235,2s
BANKNIFTY,23528.00342575321,23537.041910447922,23515.86765077617,23521.80461918771,3850,2026-01-15 11:28:36 IST,256,TradingView (REAL-TIME),236,2s
NIFTY,24412.07006351859,24451.645035220896,24409.06986404673,24446.39639741847,6656,2026-01-15 11:28:38 IST,263,TradingView (REAL-TIME),237,2s
BANKNIFTY,23521.80461918771,23529.38078196686,23466.17748722014,23466.35421159203,2578,2026-01-15 11:28:38 IST,74,TradingView (REAL-TIME),238,2s
NIFTY,24446.39639741847,24464.124477899288,24438.75944650853,24454.664550078505,8909,2026-01-15 11:28:40 IST,96,TradingView (REAL-TIME),239,2s
BANKNIFTY,23466.35421159203,23466.919322208687,23411.42035138384,23415.280844324647,1843,2026-01-15 11:28:40 IST,363,TradingView (REAL-TIME),240,2s
NIFTY,24454.664550078505,24519.830385820198,24447.59445431081,24517.184907294974,2472,2026-01-15 11:28:42 IST,418,TradingView (REAL-TIME),241,2s
BANKNIFTY,23415.280844324647,23471.158811111447,23410.07021466199,23470.62644827509,8069,2026-01-15 11:28:43 IST,175,TradingView (REAL-TIME),242,2s
NIFTY,24517.184907294974,24525.296894889416,24480.891888500657,24490.82760879227,2507,2026-01-15 11:28:45 IST,91,TradingView (REAL-TIME),243,2s
BANKNIFTY,23470.62644827509,23478.758327078307,23427.28125397412,23430.28643193537,5536,2026-01-15 11:28:45 IST,330,TradingView (REAL-TIME),244,2s
NIFTY,24490.82760879227,24491.413751505326,24458.532986845577,24464.292763784182,9475,2026-01-15 11:28:47 IST,180,TradingView (REAL-TIME),245,2s
BANKNIFTY,23430.28643193537,23430.57852408687,23367.18637646031,23371.30899410369,5098,2026-01-15 11:28:47 IST,59,TradingView (REAL-TIME),246,2s
NIFTY,24464.292763784182,24505.163918159215,24458.878480255564,24500.302885163914,6838,2026-01-15 11:28:49 IST,34,TradingView (REAL-TIME),247,2s
BANKNIFTY,23371.30899410369,23377.916060225783,23355.8221521884,23355.983943110255,7186,2026-01-15 11:28:49 IST,86,TradingView (REAL-TIME),248,2s
NIFTY,24500.302885163914,24507.460741819385,24460.884855775286,24462.79289825067,9126,2026-01-15 11:28:51 IST,211,TradingView (REAL-TIME),249,2s
BANKNIFTY,23355.983943110255,23390.02568886831,23348.92877607842,23388.582361197256,1976,2026-01-15 11:28:51 IST,410,TradingView (REAL-TIME),250,2s
NIFTY,24462.79289825067,24468.627089852474,24453.36133396336,24459.115122493225,7706,2026-01-15 11:28:53 IST,332,TradingView (REAL-TIME),251,2s
BANKNIFTY,23388.582361197256,23441.680620413274,23384.26725524122,23435.693730120434,8689,2026-01-15 11:28:53 IST,191,TradingView (REAL-TIME),252,2s
NIFTY,24459.115122493225,24463.25574674434,24431.2878264835,24436.721244308264,9360,2026-01-15 11:28:55 IST,490,TradingView (REAL-TIME),253,2s
BANKNIFTY,23435.693730120434,23444.587975281767,23426.232400762565,23439.361414759445,4831,2026-01-15 11:28:55 IST,263,TradingView (REAL-TIME),254,2s
NIFTY,24436.721244308264,24507.30702441017,24436.253372942407,24500.482414734626,8231,2026-01-15 11:28:57 IST,187,TradingView (REAL-TIME),255,2s
BANKNIFTY,23439.361414759445,23440.193756984907,23398.730646294527,23408.485023467227,3499,2026-01-15 11:28:57 IST,148,TradingView (REAL-TIME),256,2s
NIFTY,24500.482414734626,24504.30991765595,24448.29852778201,24451.426023664895,4253,2026-01-15 11:28:59 IST,98,TradingView (REAL-TIME),257,2s
BANKNIFTY,23408.485023467227,23461.893068470254,23404.81079813398,23458.32354491508,8542,2026-01-15 11:28:59 IST,380,TradingView (REAL-TIME),258,2s
NIFTY,24451.426023664895,24453.463440092535,24442.31842006951,24442.6178082393,5497,2026-01-15 11:29:01 IST,129,TradingView (REAL-TIME),259,2s
BANKNIFTY,23458.32354491508,23488.246995146073,23457.92739138536,23484.01032245109,5425,2026-01-15 11:29:01 IST,307,TradingView (REAL-TIME),260,2s
NIFTY,24442.6178082393,24456.99535727666,24437.902196478055,24452.321175951347,1514,2026-01-15 11:29:03 IST,316,TradingView (REAL-TIME),261,2s
BANKNIFTY,23484.01032245109,23547.76749281987,23479.65827878887,23540.478665642335,4666,2026-01-15 11:29:03 IST,369,TradingView (REAL-TIME),262,2s
NIFTY,24452.321175951347,24461.75499754677,24418.17844214525,24425.715948354366,9195,2026-01-15 11:29:05 IST,84,TradingView (REAL-TIME),263,2s
BANKNIFTY,23540.478665642335,23585.246562666864,23537.188793893572,23578.97949000935,3997,2026-01-15 11:29:05 IST,331,TradingView (REAL-TIME),264,2s
NIFTY,24425.715948354366,24429.274674249322,24407.63583330925,24412.881246518256,2119,2026-01-15 11:29:08 IST,243,TradingView (REAL-TIME),265,2s
BANKNIFTY,23578.97949000935,23579.95104870041,23510.67999687504,23515.239545373468,5585,2026-01-15 11:29:08 IST,45,TradingView (REAL-TIME),266,2s
NIFTY,24412.881246518256,24421.7953738865,24408.40269714548,24416.717779996627,9747,2026-01-15 11:29:10 IST,153,TradingView (REAL-TIME),267,2s
BANKNIFTY,23515.239545373468,23586.432049870724,23511.769829348264,23576.714776072717,5321,2026-01-15 11:29:10 IST,98,TradingView (REAL-TIME),268,2s
NIFTY,24416.717779996627,24418.359527155317,24345.31387784131,24347.824129851324,9916,2026-01-15 11:29:12 IST,310,TradingView (REAL-TIME),269,2s
BANKNIFTY,23576.714776072717,23577.72957023551,23511.19635164067,23520.998612551142,6103,2026-01-15 11:29:12 IST,159,TradingView (REAL-TIME),270,2s
NIFTY,24347.824129851324,24354.43125078131,24281.911352440995,24286.304400934554,6699,2026-01-15 11:29:14 IST,129,TradingView (REAL-TIME),271,2s
BANKNIFTY,23520.998612551142,23530.366445075702,23514.758211200675,23520.98682293732,7705,2026-01-15 11:29:14 IST,228,TradingView (REAL-TIME),272,2s
NIFTY,24286.304400934554,24325.520372707193,24285.603037067212,24317.064436937293,1935,2026-01-15 11:29:16 IST,318,TradingView (REAL-TIME),273,2s
BANKNIFTY,23520.98682293732,23521.810469146276,23489.546016261284,23495.972713488543,6906,2026-01-15 11:29:16 IST,439,TradingView (REAL-TIME),274,2s
NIFTY,24317.064436937293,24386.82161557573,24312.04676948327,24386.61184835711,7254,2026-01-15 11:29:18 IST,109,TradingView (REAL-TIME),275,2s
BANKNIFTY,23495.972713488543,23534.271033183366,23495.648059475112,23533.338395164345,1969,2026-01-15 11:29:18 IST,51,TradingView (REAL-TIME),276,2s
NIFTY,24386.61184835711,24391.7060469051,24349.59857920464,24356.16726844379,2699,2026-01-15 11:29:20 IST,418,TradingView (REAL-TIME),277,2s
BANKNIFTY,23533.338395164345,23592.37813648381,23531.33479232041,23582.492920179327,7470,2026-01-15 11:29:20 IST,86,TradingView (REAL-TIME),278,2s
NIFTY,24356.16726844379,24423.78512629253,24349.859193381184,24423.3451038819,8776,2026-01-15 11:29:22 IST,187,TradingView (REAL-TIME),279,2s
BANKNIFTY,23582.492920179327,23587.89160071795,23547.53651348386,23551.74676593904,4847,2026-01-15 11:29:22 IST,350,TradingView (REAL-TIME),280,2s
NIFTY,24423.3451038819,24424.172830720956,24416.71892771206,24417.449245756485,4616,2026-01-15 11:29:24 IST,243,TradingView (REAL-TIME),281,2s
BANKNIFTY,23551.74676593904,23560.523526634162,23482.916302522328,23484.851711512838,8889,2026-01-15 11:29:24 IST,143,TradingView (REAL-TIME),282,2s
NIFTY,24417.449245756485,24443.11669550959,24415.068521164056,24440.380016187744,4361,2026-01-15 11:29:26 IST,429,TradingView (REAL-TIME),283,2s
BANKNIFTY,23484.851711512838,23486.250529875455,23439.229752491785,23447.884559718997,4543,2026-01-15 11:29:26 IST,288,TradingView (REAL-TIME),284,2s
NIFTY,24440.380016187744,24442.7138053966,24378.014723158092,24384.316260160515,4320,2026-01-15 11:29:28 IST,196,TradingView (REAL-TIME),285,2s
BANKNIFTY,23447.884559718997,23453.164833029008,23381.47596249472,23387.486091287352,2567,2026-01-15 11:29:28 IST,114,TradingView (REAL-TIME),286,2s
NIFTY,24384.316260160515,24402.450009749966,24382.291236141198,24398.06961625328,7301,2026-01-15 11:29:30 IST,478,TradingView (REAL-TIME),287,2s
BANKNIFTY,23387.486091287352,23416.468126238342,23385.251919471244,23410.656830979275,1405,2026-01-15 11:29:30 IST,300,TradingView (REAL-TIME),288,2s
NIFTY,24398.06961625328,24473.238200057396,24394.070242698705,24470.842207152273,2869,2026-01-15 11:29:32 IST,16,TradingView (REAL-TIME),289,2s
BANKNIFTY,23410.656830979275,23419.8609201572,23349.588092724105,23351.543253225853,3729,2026-01-15 11:29:32 IST,470,TradingView (REAL-TIME),290,2s
NIFTY,24470.842207152273,24485.44490199288,24461.6691979871,24481.28484911286,2581,2026-01-15 11:29:34 IST,53,TradingView (REAL-TIME),291,2s
BANKNIFTY,23351.543253225853,23359.341813720093,23346.857628244707,23349.416384847813,7886,2026-01-15 11:29:34 IST,171,TradingView (REAL-TIME),292,2s
NIFTY,24481.28484911286,24488.314994448356,24419.317759398728,24420.42179822384,2798,2026-01-15 11:29:36 IST,229,TradingView (REAL-TIME),293,2s
BANKNIFTY,23349.416384847813,23354.63609578478,23280.131907538103,23282.15633634114,3788,2026-01-15 11:29:36 IST,147,TradingView (REAL-TIME),294,2s
NIFTY,24420.42179822384,24478.676189595688,24413.769603891466,24472.927128061736,8793,2026-01-15 11:29:38 IST,430,TradingView (REAL-TIME),295,2s
BANKNIFTY,23282.15633634114,23290.27337459109,23256.32002946923,23265.147739844884,4105,2026-01-15 11:29:38 IST,471,TradingView (REAL-TIME),296,2s
NIFTY,24472.927128061736,24538.092818313373,24463.013027227877,24533.957204600116,6558,2026-01-15 11:29:40 IST,102,TradingView (REAL-TIME),297,2s
BANKNIFTY,23265.147739844884,23278.53013011944,23257.42907678765,23271.77096228446,3146,2026-01-15 11:29:40 IST,431,TradingView (REAL-TIME),298,2s
NIFTY,24533.957204600116,24542.736532205618,24498.816760679856,24499.750172062726,5995,2026-01-15 11:29:43 IST,16,TradingView (REAL-TIME),299,2s
BANKNIFTY,23271.77096228446,23279.493927707015,23218.116443985706,23225.497982728655,6925,2026-01-15 11:29:43 IST,149,TradingView (REAL-TIME),300,2s
NIFTY,24499.750172062726,24540.737509881288,24496.36402230643,24531.248222660073,1984,2026-01-15 11:29:45 IST,108,TradingView (REAL-TIME),301,2s
BANKNIFTY,23225.497982728655,23233.337328585294,23179.668904830833,23182.51351953124,3244,2026-01-15 11:29:45 IST,281,TradingView (REAL-TIME),302,2s
NIFTY,24531.248222660073,24535.73148641168,24518.410912340398,24523.88212040012,7206,2026-01-15 11:29:47 IST,296,TradingView (REAL-TIME),303,2s
BANKNIFTY,23182.51351953124,23189.445774112188,23159.312056210485,23161.0071834625,4159,2026-01-15 11:29:47 IST,450,TradingView (REAL-TIME),304,2s
NIFTY,24523.88212040012,24525.125026589376,24478.46133081377,24480.963585115252,7573,2026-01-15 11:29:49 IST,415,TradingView (REAL-TIME),305,2s
BANKNIFTY,23161.0071834625,23224.54206629545,23151.840719947813,23224.160638584228,2184,2026-01-15 11:29:49 IST,445,TradingView (REAL-TIME),306,2s
NIFTY,24480.963585115252,24484.529768521927,24456.013545053316,24465.1776392704,8394,2026-01-15 11:29:51 IST,40,TradingView (REAL-TIME),307,2s
BANKNIFTY,23224.160638584228,23299.12489000626,23219.62338594063,23292.090937310164,7823,2026-01-15 11:29:51 IST,333,TradingView (REAL-TIME),308,2s
NIFTY,24465.1776392704,24472.28099803151,24403.882889196047,24409.562482300098,3838,2026-01-15 11:29:53 IST,387,TradingView (REAL-TIME),309,2s
BANKNIFTY,23292.090937310164,23297.560076102578,23224.27686119747,23228.52797062505,4182,2026-01-15 11:29:53 IST,131,TradingView (REAL-TIME),310,2s
NIFTY,24409.562482300098,24417.86074797207,24353.19220835321,24358.393234396972,2107,2026-01-15 11:29:55 IST,308,TradingView (REAL-TIME),311,2s
BANKNIFTY,23228.52797062505,23230.06242612388,23181.530187448167,23186.24521592574,7277,2026-01-15 11:29:55 IST,330,TradingView (REAL-TIME),312,2s
NIFTY,24358.393234396972,24359.767461043495,24325.645591615816,24330.217731688565,4309,2026-01-15 11:29:57 IST,98,TradingView (REAL-TIME),313,2s
BANKNIFTY,23186.24521592574,23234.040468496158,23176.77985853373,23230.86314999898,9503,2026-01-15 11:29:57 IST,339,TradingView (REAL-TIME),314,2s
NIFTY,24330.217731688565,24386.74057866009,24328.326067369024,24381.201191671997,7544,2026-01-15 11:29:59 IST,95,TradingView (REAL-TIME),315,2s
BANKNIFTY,23230.86314999898,23280.5234874104,23222.41406854528,23270.841872572222,4838,2026-01-15 11:29:59 IST,135,TradingView (REAL-TIME),316,2s
NIFTY,24381.201191671997,24389.064474981078,24324.378630721374,24326.413399292138,5892,2026-01-15 11:30:01 IST,476,TradingView (REAL-TIME),317,2s
BANKNIFTY,23270.841872572222,23274.16070919644,23254.874477229845,23257.013994157027,3448,2026-01-15 11:30:01 IST,26,TradingView (REAL-TIME),318,2s
NIFTY,24326.413399292138,24326.424993485438,24278.50710804585,24284.688529648356,5778,2026-01-15 11:30:03 IST,479,TradingView (REAL-TIME),319,2s
BANKNIFTY,23257.013994157027,23266.701628853196,23230.83275891138,23238.047752356313,3596,2026-01-15 11:30:03 IST,16,TradingView (REAL-TIME),320,2s
NIFTY,24284.688529648356,24286.617111620082,24208.942731530264,24213.615378109684,2292,2026-01-15 11:30:05 IST,234,TradingView (REAL-TIME),321,2s
BANKNIFTY,23238.047752356313,23243.88191315565,23227.891891866355,23236.622736351554,9558,2026-01-15 11:30:05 IST,177,TradingView (REAL-TIME),322,2s
NIFTY,24213.615378109684,24218.309259640268,24145.138888661586,24148.984115274558,9899,2026-01-15 11:30:07 IST,136,TradingView (REAL-TIME),323,2s
BANKNIFTY,23236.622736351554,23243.86645131754,23199.963260698914,23209.59795655424,6747,2026-01-15 11:30:07 IST,197,TradingView (REAL-TIME),324,2s
NIFTY,24148.984115274558,24154.770555072602,24119.79760696832,24120.02802802417,2161,2026-01-15 11:30:09 IST,408,TradingView (REAL-TIME),325,2s
BANKNIFTY,23209.59795655424,23213.473069610598,23193.797148329588,23199.18500943062,3017,2026-01-15 11:30:10 IST,143,TradingView (REAL-TIME),326,2s
NIFTY,24120.02802802417,24123.90371684251,24113.401624509082,24123.2613234076,5846,2026-01-15 11:30:12 IST,448,TradingView (REAL-TIME),327,2s
BANKNIFTY,23199.18500943062,23207.149192387984,23191.321635022276,23205.532370195997,9163,2026-01-15 11:30:12 IST,364,TradingView (REAL-TIME),328,2s
NIFTY,24123.2613234076,24176.02831608562,24120.52272971431,24169.474665438487,9657,2026-01-15 11:30:14 IST,23,TradingView (REAL-TIME),329,2s
BANKNIFTY,23205.532370195997,23209.03564715909,23198.95977574682,23201.304540039837,5194,2026-01-15 11:30:14 IST,163,TradingView (REAL-TIME),330,2s
NIFTY,24169.474665438487,24218.83595380864,24162.74742420596,24212.370239807115,7830,2026-01-15 11:30:16 IST,261,TradingView (REAL-TIME),331,2s
BANKNIFTY,23201.304540039837,23258.637685602287,23196.928687278883,23254.613287644763,8068,2026-01-15 11:30:16 IST,23,TradingView (REAL-TIME),332,2s
NIFTY,24212.370239807115,24285.688294148833,24205.224981180447,24276.053597510334,3847,2026-01-15 11:30:18 IST,186,TradingView (REAL-TIME),333,2s
BANKNIFTY,23254.613287644763,23297.199647652626,23245.828313831906,23288.014571563166,2277,2026-01-15 11:30:18 IST,46,TradingView (REAL-TIME),334,2s
NIFTY,24276.053597510334,24283.77456471885,24262.48582727846,24269.481154578472,9658,2026-01-15 11:30:20 IST,419,TradingView (REAL-TIME),335,2s
BANKNIFTY,23288.014571563166,23354.018406496136,23282.32360295783,23344.325322998695,8325,2026-01-15 11:30:20 IST,230,TradingView (REAL-TIME),336,2s
NIFTY,24269.481154578472,24270.575203737357,24209.351933403716,24212.656916847533,2602,2026-01-15 11:30:22 IST,455,TradingView (REAL-TIME),337,2s
BANKNIFTY,23344.325322998695,23392.52137688961,23343.380801981817,23383.339591206754,8327,2026-01-15 11:30:22 IST,66,TradingView (REAL-TIME),338,2s
NIFTY,24212.656916847533,24224.33486231808,24208.253464272744,24223.877538988072,7377,2026-01-15 11:30:24 IST,273,TradingView (REAL-TIME),339,2s
BANKNIFTY,23383.339591206754,23447.84822425676,23379.514724853918,23445.991940817818,4750,2026-01-15 11:30:24 IST,352,TradingView (REAL-TIME),340,2s
NIFTY,24223.877538988072,24231.381329098924,24208.494365277187,24209.050064205432,6864,2026-01-15 11:30:26 IST,411,TradingView (REAL-TIME),341,2s
BANKNIFTY,23445.991940817818,23497.308454761434,23439.40691434346,23492.167150464156,8595,2026-01-15 11:30:26 IST,444,TradingView (REAL-TIME),342,2s
NIFTY,24209.050064205432,24238.622959807697,24205.61134803066,24228.710094361057,8971,2026-01-15 11:30:28 IST,366,TradingView (REAL-TIME),343,2s
BANKNIFTY,23492.167150464156,23499.79999354373,23481.20517203197,23487.48200204728,9015,2026-01-15 11:30:28 IST,372,TradingView (REAL-TIME),344,2s
NIFTY,24228.710094361057,24277.891274012636,24227.400823655666,24276.095746208444,9913,2026-01-15 11:30:30 IST,22,TradingView (REAL-TIME),345,2s
BANKNIFTY,23487.48200204728,23560.907638784745,23481.613132806662,23554.315698181737,4498,2026-01-15 11:30:30 IST,168,TradingView (REAL-TIME),346,2s
NIFTY,24276.095746208444,24286.68460799419,24271.21742099038,24277.577227158614,7512,2026-01-15 11:30:32 IST,480,TradingView (REAL-TIME),347,2s
BANKNIFTY,23554.315698181737,23597.214040713607,23546.457361697263,23595.199108974964,1675,2026-01-15 11:30:32 IST,390,TradingView (REAL-TIME),348,2s
NIFTY,24277.577227158614,24335.758958862527,24273.051189951388,24327.03116484276,8555,2026-01-15 11:30:34 IST,229,TradingView (REAL-TIME),349,2s
BANKNIFTY,23595.199108974964,23634.257589700857,23589.5114909246,23627.19147779766,2635,2026-01-15 11:30:34 IST,118,TradingView (REAL-TIME),350,2s
NIFTY,24327.03116484276,24327.20518889768,24323.190281311756,24324.83377361975,4638,2026-01-15 11:30:36 IST,460,TradingView (REAL-TIME),351,2s
BANKNIFTY,23627.19147779766,23634.8117112387,23596.617752075537,23598.916982647654,2295,2026-01-15 11:30:36 IST,358,TradingView (REAL-TIME),352,2s
NIFTY,24324.83377361975,24340.73695996543,24324.16006825036,24330.758457149994,4787,2026-01-15 11:30:38 IST,326,TradingView (REAL-TIME),353,2s
BANKNIFTY,23598.916982647654,23643.235764107365,23598.85485520076,23639.193196754277,7465,2026-01-15 11:30:38 IST,271,TradingView (REAL-TIME),354,2s
NIFTY,24330.758457149994,24333.531136000518,24281.76530284599,24284.202123973024,1284,2026-01-15 11:30:41 IST,59,TradingView (REAL-TIME),355,2s
BANKNIFTY,23639.193196754277,23648.405044666622,23605.02923066532,23608.58862360954,2520,2026-01-15 11:30:41 IST,183,TradingView (REAL-TIME),356,2s
NIFTY,24284.202123973024,24334.5615724775,24281.084471307233,24327.970027721687,7472,2026-01-15 11:30:43 IST,47,TradingView (REAL-TIME),357,2s
BANKNIFTY,23608.58862360954,23627.434294333776,23602.397679958063,23626.321191096755,4995,2026-01-15 11:30:43 IST,217,TradingView (REAL-TIME),358,2s
NIFTY,24327.970027721687,24387.13135318658,24325.080463804014,24386.400251198873,4705,2026-01-15 11:30:45 IST,216,TradingView (REAL-TIME),359,2s
BANKNIFTY,23626.321191096755,23634.908868134426,23621.185089177216,23631.402791897406,7098,2026-01-15 11:30:45 IST,342,TradingView (REAL-TIME),360,2s
NIFTY,24386.400251198873,24447.14988474446,24379.55493629971,24439.466737769868,4321,2026-01-15 11:30:47 IST,64,TradingView (REAL-TIME),361,2s
BANKNIFTY,23631.402791897406,23692.82209203363,23621.59827507945,23686.534106642932,3177,2026-01-15 11:30:47 IST,378,TradingView (REAL-TIME),362,2s
NIFTY,24439.466737769868,24445.781259687665,24368.56006858703,24373.970587180505,5179,2026-01-15 11:30:49 IST,367,TradingView (REAL-TIME),363,2s
BANKNIFTY,23686.534106642932,23693.029499507906,23643.642744503708,23645.034163605582,3143,2026-01-15 11:30:49 IST,274,TradingView (REAL-TIME),364,2s
NIFTY,24373.970587180505,24374.74975340702,24328.836849675627,24338.206679343835,8091,2026-01-15 11:30:51 IST,399,TradingView (REAL-TIME),365,2s
BANKNIFTY,23645.034163605582,23651.182561500063,23569.825354069064,23576.231585901845,9810,2026-01-15 11:30:51 IST,164,TradingView (REAL-TIME),366,2s
NIFTY,24338.206679343835,24391.507159555684,24335.30756684605,24382.73833368703,7930,2026-01-15 11:30:53 IST,51,TradingView (REAL-TIME),367,2s
BANKNIFTY,23576.231585901845,23622.671977409893,23567.33424035859,23613.047250319043,6254,2026-01-15 11:30:53 IST,182,TradingView (REAL-TIME),368,2s
NIFTY,24382.73833368703,24383.78263517816,24355.87896412485,24358.33951258225,5715,2026-01-15 11:30:55 IST,393,TradingView (REAL-TIME),369,2s
BANKNIFTY,23613.047250319043,23658.694057772867,23612.322650277263,23658.509203740192,5533,2026-01-15 11:30:55 IST,460,TradingView (REAL-TIME),370,2s
NIFTY,24358.33951258225,24361.14473773114,24317.48891975737,24323.073386827233,5606,2026-01-15 11:30:57 IST,192,TradingView (REAL-TIME),371,2s
BANKNIFTY,23658.509203740192,23658.54736616733,23623.302436088998,23625.274209461968,3492,2026-01-15 11:30:57 IST,156,TradingView (REAL-TIME),372,2s
NIFTY,24323.073386827233,24325.27973231427,24319.397089539394,24323.49904476621,5262,2026-01-15 11:30:59 IST,74,TradingView (REAL-TIME),373,2s
BANKNIFTY,23625.274209461968,23627.368230698336,23569.330174500003,23572.59565285679,2432,2026-01-15 11:30:59 IST,26,TradingView (REAL-TIME),374,2s
NIFTY,24323.49904476621,24362.948460081938,24316.610319422183,24357.63030544398,2363,2026-01-15 11:31:01 IST,177,TradingView (REAL-TIME),375,2s
BANKNIFTY,23572.59565285679,23580.525534986373,23544.805595976974,23545.18186198875,6724,2026-01-15 11:31:01 IST,205,TradingView (REAL-TIME),376,2s
NIFTY,24357.63030544398,24360.18938322049,24310.839630943123,24317.55360297777,1140,2026-01-15 11:31:03 IST,411,TradingView (REAL-TIME),377,2s
BANKNIFTY,23545.18186198875,23550.273988170997,23502.623821446112,23505.12343812944,8671,2026-01-15 11:31:03 IST,77,TradingView (REAL-TIME),378,2s
NIFTY,24317.55360297777,24318.59281208323,24241.85328894683,24246.555472336553,3709,2026-01-15 11:31:05 IST,278,TradingView (REAL-TIME),379,2s
BANKNIFTY,23505.12343812944,23513.196872483837,23482.495354766976,23488.478248503558,5171,2026-01-15 11:31:05 IST,382,TradingView (REAL-TIME),380,2s
NIFTY,24246.555472336553,24248.506081126216,24190.58978656244,24197.68930305755,4129,2026-01-15 11:31:07 IST,82,TradingView (REAL-TIME),381,2s
BANKNIFTY,23488.478248503558,23540.298456581077,23482.846825505847,23531.850338228276,1505,2026-01-15 11:31:07 IST,351,TradingView (REAL-TIME),382,2s
NIFTY,24197.68930305755,24203.835825757105,24149.128106381228,24157.26399695508,2136,2026-01-15 11:31:09 IST,146,TradingView (REAL-TIME),383,2s
BANKNIFTY,23531.850338228276,23596.193053444622,23526.069425174388,23587.506748225835,1980,2026-01-15 11:31:10 IST,44,TradingView (REAL-TIME),384,2s
NIFTY,24157.26399695508,24229.01234704921,24153.592589558353,24226.551488883957,7672,2026-01-15 11:31:12 IST,371,TradingView (REAL-TIME),385,2s
BANKNIFTY,23587.506748225835,23602.380922499004,23579.429312282962,23598.24042963052,8579,2026-01-15 11:31:12 IST,396,TradingView (REAL-TIME),386,2s
NIFTY,24226.551488883957,24228.989669188864,24214.996448959402,24217.57057295308,2395,2026-01-15 11:31:14 IST,274,TradingView (REAL-TIME),387,2s
BANKNIFTY,23598.24042963052,23599.17110513201,23540.457325350006,23544.653618981032,8677,2026-01-15 11:31:14 IST,271,TradingView (REAL-TIME),388,2s
NIFTY,24217.57057295308,24220.795798390292,24205.055530613237,24206.634388458515,5374,2026-01-15 11:31:16 IST,264,TradingView (REAL-TIME),389,2s
BANKNIFTY,23544.653618981032,23589.908302490403,23541.54071954555,23582.986167500283,2460,2026-01-15 11:31:16 IST,298,TradingView (REAL-TIME),390,2s
NIFTY,24206.634388458515,24250.023284907453,24196.902480659883,24242.039637550966,3663,2026-01-15 11:31:18 IST,83,TradingView (REAL-TIME),391,2s
BANKNIFTY,23582.986167500283,23585.236825937252,23512.97631063675,23521.00046371496,6179,2026-01-15 11:31:18 IST,480,TradingView (REAL-TIME),392,2s
NIFTY,24242.039637550966,24292.768030864398,24241.46931256463,24282.837454464472,2894,2026-01-15 11:31:20 IST,389,TradingView (REAL-TIME),393,2s
BANKNIFTY,23521.00046371496,23521.89562530373,23456.874722596523,23457.389164446693,8883,2026-01-15 11:31:20 IST,15,TradingView (REAL-TIME),394,2s
NIFTY,24282.837454464472,24320.32329452766,24273.263125175516,24318.17782338996,2969,2026-01-15 11:31:22 IST,77,TradingView (REAL-TIME),395,2s
BANKNIFTY,23457.389164446693,23459.921861820763,23450.503265121464,23455.573484006392,6589,2026-01-15 11:31:22 IST,84,TradingView (REAL-TIME),396,2s
NIFTY,24318.17782338996,24334.949641736814,24314.280029981364,24330.115715014057,9437,2026-01-15 11:31:24 IST,373,TradingView (REAL-TIME),397,2s
BANKNIFTY,23455.573484006392,23518.238963336637,23447.463330721275,23514.27961024372,3427,2026-01-15 11:31:24 IST,39,TradingView (REAL-TIME),398,2s
NIFTY,24330.115715014057,24405.147150890454,24321.134592920713,24398.882833251657,5947,2026-01-15 11:31:26 IST,310,TradingView (REAL-TIME),399,2s
BANKNIFTY,23514.27961024372,23520.779728430643,23481.790986658754,23489.175387789204,6247,2026-01-15 11:31:27 IST,498,TradingView (REAL-TIME),400,2s
NIFTY,24398.882833251657,24408.837582983346,24340.01061423844,24345.167381016974,8304,2026-01-15 11:31:29 IST,66,TradingView (REAL-TIME),401,2s
BANKNIFTY,23489.175387789204,23495.35608300593,23427.341298049814,23431.60912905928,4762,2026-01-15 11:31:29 IST,479,TradingView (REAL-TIME),402,2s
NIFTY,24345.167381016974,24353.759644621514,24322.971274832176,24323.7252492287,8004,2026-01-15 11:31:31 IST,431,TradingView (REAL-TIME),403,2s
BANKNIFTY,23431.60912905928,23482.343665517008,23429.974258436356,23481.068346981723,6675,2026-01-15 11:31:31 IST,208,TradingView (REAL-TIME),404,2s
NIFTY,24323.7252492287,24379.745375822393,24316.108782611394,24369.828378682512,4002,2026-01-15 11:31:33 IST,340,TradingView (REAL-TIME),405,2s
BANKNIFTY,23481.068346981723,23489.687314066545,23453.195169244755,23462.0982011559,6500,2026-01-15 11:31:33 IST,155,TradingView (REAL-TIME),406,2s
NIFTY,24369.828378682512,24434.85645594575,24362.623945616728,24430.924993428333,3902,2026-01-15 11:31:35 IST,328,TradingView (REAL-TIME),407,2s
BANKNIFTY,23462.0982011559,23466.65701770436,23419.15204107586,23421.568912383922,3059,2026-01-15 11:31:35 IST,328,TradingView (REAL-TIME),408,2s
NIFTY,24430.924993428333,24462.165237887046,24424.281318577683,24461.42434596157,2282,2026-01-15 11:31:37 IST,106,TradingView (REAL-TIME),409,2s
BANKNIFTY,23421.568912383922,23478.63999810864,23420.761565535213,23477.35612383278,8786,2026-01-15 11:31:37 IST,437,TradingView (REAL-TIME),410,2s
NIFTY,24461.42434596157,24486.089526579348,24458.97502840177,24476.160120065015,5013,2026-01-15 11:31:39 IST,122,TradingView (REAL-TIME),411,2s
BANKNIFTY,23477.35612383278,23516.29384821493,23472.900086374444,23515.264539965774,5490,2026-01-15 11:31:39 IST,10,TradingView (REAL-TIME),412,2s
NIFTY,24476.160120065015,24476.785310064297,24458.39641837369,24462.614663496915,8235,2026-01-15 11:31:41 IST,234,TradingView (REAL-TIME),413,2s
BANKNIFTY,23515.264539965774,23517.924954399048,23440.548475775828,23445.577668708273,3428,2026-01-15 11:31:41 IST,277,TradingView (REAL-TIME),414,2s
NIFTY,24462.614663496915,24463.941995960537,24459.78993005641,24461.25771262341,8654,2026-01-15 11:31:43 IST,445,TradingView (REAL-TIME),415,2s
BANKNIFTY,23445.577668708273,23468.35840419663,23440.874484729717,23466.781938021624,5796,2026-01-15 11:31:43 IST,242,TradingView (REAL-TIME),416,2s
NIFTY,24461.25771262341,24464.636041384972,24394.887864894237,24401.525770364045,5958,2026-01-15 11:31:45 IST,49,TradingView (REAL-TIME),417,2s
BANKNIFTY,23466.781938021624,23529.423098706997,23462.446992479072,23524.148157179872,7745,2026-01-15 11:31:45 IST,430,TradingView (REAL-TIME),418,2s
NIFTY,24401.525770364045,24466.795149710073,24396.717625395515,24463.22260153858,5817,2026-01-15 11:31:47 IST,403,TradingView (REAL-TIME),419,2s
BANKNIFTY,23524.148157179872,23533.6980647014,23500.476340966918,23505.23633909019,6755,2026-01-15 11:31:47 IST,77,TradingView (REAL-TIME),420,2s
NIFTY,24463.22260153858,24473.129080027127,24433.243208557116,24442.511588713496,6290,2026-01-15 11:31:49 IST,388,TradingView (REAL-TIME),421,2s
BANKNIFTY,23505.23633909019,23506.541877095227,23434.9950645365,23436.821844543134,7381,2026-01-15 11:31:49 IST,367,TradingView (REAL-TIME),422,2s
NIFTY,24442.511588713496,24447.786826023905,24375.07879119663,24379.554066213193,7310,2026-01-15 11:31:51 IST,201,TradingView (REAL-TIME),423,2s
BANKNIFTY,23436.821844543134,23444.447815421387,23385.378433777485,23390.072350354694,8041,2026-01-15 11:31:51 IST,177,TradingView (REAL-TIME),424,2s
NIFTY,24379.554066213193,24423.858210279912,24377.356353077765,24418.058918218507,8476,2026-01-15 11:31:53 IST,20,TradingView (REAL-TIME),425,2s
BANKNIFTY,23390.072350354694,23393.98181126702,23354.179710258333,23358.97583161446,2788,2026-01-15 11:31:53 IST,158,TradingView (REAL-TIME),426,2s
NIFTY,24418.058918218507,24425.082190095574,24389.265604674903,24391.00125737213,9107,2026-01-15 11:31:55 IST,370,TradingView (REAL-TIME),427,2s
BANKNIFTY,23358.97583161446,23429.0687393764,23352.685923752597,23421.00746570113,2330,2026-01-15 11:31:55 IST,235,TradingView (REAL-TIME),428,2s
NIFTY,24391.00125737213,24397.46482350274,24385.994179690246,24397.27945350213,9707,2026-01-15 11:31:57 IST,45,TradingView (REAL-TIME),429,2s
BANKNIFTY,23421.00746570113,23422.339887767295,23388.675982157834,23389.590251404843,6526,2026-01-15 11:31:57 IST,199,TradingView (REAL-TIME),430,2s
NIFTY,24397.27945350213,24402.091910533505,24356.75768674028,24362.077531029772,1838,2026-01-15 11:31:59 IST,286,TradingView (REAL-TIME),431,2s
BANKNIFTY,23389.590251404843,23392.341363456453,23352.512816028175,23357.889994470526,7011,2026-01-15 11:32:00 IST,133,TradingView (REAL-TIME),432,2s
NIFTY,24362.077531029772,24379.172039606732,24353.324364772092,24371.666516601053,8347,2026-01-15 11:32:02 IST,199,TradingView (REAL-TIME),433,2s
BANKNIFTY,23357.889994470526,23360.39228513166,23336.097280978847,23338.698889993684,8969,2026-01-15 11:32:02 IST,389,TradingView (REAL-TIME),434,2s
NIFTY,24371.666516601053,24379.609837945987,24358.123237054595,24361.01653857777,3218,2026-01-15 11:32:04 IST,178,TradingView (REAL-TIME),435,2s
BANKNIFTY,23338.698889993684,23338.762137579015,23294.50662485821,23297.43380292558,6187,2026-01-15 11:32:04 IST,356,TradingView (REAL-TIME),436,2s
NIFTY,24361.01653857777,24367.196627764453,24319.580377198796,24327.225638298467,3695,2026-01-15 11:32:06 IST,238,TradingView (REAL-TIME),437,2s
BANKNIFTY,23297.43380292558,23339.787156241513,23292.711312549418,23333.853029499634,2680,2026-01-15 11:32:06 IST,370,TradingView (REAL-TIME),438,2s
NIFTY,24327.225638298467,24346.095706965483,24326.54382129758,24341.427463694497,2040,2026-01-15 11:32:08 IST,459,TradingView (REAL-TIME),439,2s
BANKNIFTY,23333.853029499634,23336.967690174883,23316.66874774817,23324.901951740652,9017,2026-01-15 11:32:08 IST,447,TradingView (REAL-TIME),440,2s
NIFTY,24341.427463694497,24348.73472369207,24306.46435344931,24309.47511820661,2495,2026-01-15 11:32:10 IST,408,TradingView (REAL-TIME),441,2s
BANKNIFTY,23324.901951740652,23333.995794712322,23299.84921358563,23303.82708362169,3602,2026-01-15 11:32:10 IST,216,TradingView (REAL-TIME),442,2s
NIFTY,24309.47511820661,24319.395108214456,24268.42309548562,24274.536225398377,2923,2026-01-15 11:32:12 IST,394,TradingView (REAL-TIME),443,2s
BANKNIFTY,23303.82708362169,23359.933488766423,23294.084297494148,23358.692359896297,9465,2026-01-15 11:32:12 IST,465,TradingView (REAL-TIME),444,2s
NIFTY,24274.536225398377,24302.9009976879,24267.633798648036,24297.634437861405,4936,2026-01-15 11:32:14 IST,295,TradingView (REAL-TIME),445,2s
BANKNIFTY,23358.692359896297,23391.958501215817,23354.408835780112,23388.09678109772,9948,2026-01-15 11:32:14 IST,274,TradingView (REAL-TIME),446,2s
NIFTY,24297.634437861405,24317.424722580643,24296.127573711976,24315.83594589927,5982,2026-01-15 11:32:16 IST,334,TradingView (REAL-TIME),447,2s
BANKNIFTY,23388.09678109772,23416.39660406304,23380.93109088565,23408.680274875547,5749,2026-01-15 11:32:16 IST,459,TradingView (REAL-TIME),448,2s
NIFTY,24315.83594589927,24356.63253048947,24308.254924329027,24356.186061977583,3560,2026-01-15 11:32:18 IST,275,TradingView (REAL-TIME),449,2s
BANKNIFTY,23408.680274875547,23425.543171589507,23404.534495596316,23424.24322298726,5502,2026-01-15 11:32:18 IST,56,TradingView (REAL-TIME),450,2s
NIFTY,24356.186061977583,24358.743339338183,24337.000321341067,24337.219548283247,8921,2026-01-15 11:32:20 IST,48,TradingView (REAL-TIME),451,2s
BANKNIFTY,23424.24322298726,23451.206754842606,23424.20854157485,23443.464962625912,6189,2026-01-15 11:32:20 IST,481,TradingView (REAL-TIME),452,2s
NIFTY,24337.219548283247,24381.352106517756,24328.330507422634,24378.802716818653,5387,2026-01-15 11:32:22 IST,129,TradingView (REAL-TIME),453,2s
BANKNIFTY,23443.464962625912,23450.16999180754,23436.96205846066,23447.20477940566,9159,2026-01-15 11:32:22 IST,386,TradingView (REAL-TIME),454,2s
NIFTY,24378.802716818653,24444.809541440347,24375.080596990134,24437.87932426394,5496,2026-01-15 11:32:24 IST,345,TradingView (REAL-TIME),455,2s
BANKNIFTY,23447.20477940566,23455.85348952894,23384.743715662924,23388.371608002624,2852,2026-01-15 11:32:24 IST,290,TradingView (REAL-TIME),456,2s
NIFTY,24437.87932426394,24442.420456815864,24420.78491320988,24429.45603680821,5526,2026-01-15 11:32:27 IST,282,TradingView (REAL-TIME),457,2s
BANKNIFTY,23388.371608002624,23431.546070056236,23380.210969438955,23429.42100642718,5035,2026-01-15 11:32:27 IST,164,TradingView (REAL-TIME),458,2s
NIFTY,24429.45603680821,24476.716617688657,24426.278968855946,24473.609556850937,2015,2026-01-15 11:32:29 IST,167,TradingView (REAL-TIME),459,2s
BANKNIFTY,23429.42100642718,23433.413479347866,23427.150579767087,23429.242729615285,2362,2026-01-15 11:32:29 IST,179,TradingView (REAL-TIME),460,2s
NIFTY,24473.609556850937,24496.227492042053,24466.761574500266,24491.684801736355,5221,2026-01-15 11:32:31 IST,28,TradingView (REAL-TIME),461,2s
BANKNIFTY,23429.242729615285,23429.994024141408,23402.90775718078,23410.238953768836,1312,2026-01-15 11:32:31 IST,429,TradingView (REAL-TIME),462,2s
NIFTY,24491.684801736355,24524.146495554538,24486.868487330717,24517.07979961802,2369,2026-01-15 11:32:33 IST,349,TradingView (REAL-TIME),463,2s
BANKNIFTY,23410.238953768836,23429.426753380852,23410.041097206744,23420.872240230878,9769,2026-01-15 11:32:33 IST,431,TradingView (REAL-TIME),464,2s
NIFTY,24517.07979961802,24517.982460501313,24495.745429297094,24503.484853980393,7837,2026-01-15 11:32:35 IST,386,TradingView (REAL-TIME),465,2s
BANKNIFTY,23420.872240230878,23421.479058562465,23406.167559281537,23413.968366452733,3030,2026-01-15 11:32:35 IST,468,TradingView (REAL-TIME),466,2s
NIFTY,24503.484853980393,24528.648283962353,24496.59246332473,24524.458335326046,9455,2026-01-15 11:32:37 IST,34,TradingView (REAL-TIME),467,2s
BANKNIFTY,23413.968366452733,23416.673001988343,23338.266938270717,23346.135047946722,3780,2026-01-15 11:32:37 IST,462,TradingView (REAL-TIME),468,2s
NIFTY,24524.458335326046,24531.82723292951,24483.41438733919,24486.65301312477,4121,2026-01-15 11:32:39 IST,229,TradingView (REAL-TIME),469,2s
BANKNIFTY,23346.135047946722,23352.940164324726,23337.287118326723,23342.261453172592,8858,2026-01-15 11:32:39 IST,473,TradingView (REAL-TIME),470,2s
NIFTY,24486.65301312477,24521.356595374178,24483.599861082763,24515.117780893477,2117,2026-01-15 11:32:41 IST,82,TradingView (REAL-TIME),471,2s
BANKNIFTY,23342.261453172592,23345.586866623955,23308.32111515512,23314.587748332935,8075,2026-01-15 11:32:41 IST,408,TradingView (REAL-TIME),472,2s
NIFTY,24515.117780893477,24591.851637694424,24505.338119474134,24583.939861365365,1225,2026-01-15 11:32:43 IST,61,TradingView (REAL-TIME),473,2s
BANKNIFTY,23314.587748332935,23347.16528578369,23313.150070955846,23341.65502407261,4902,2026-01-15 11:32:43 IST,371,TradingView (REAL-TIME),474,2s
NIFTY,24583.939861365365,24590.32672073318,24519.00083221367,24522.646189810283,1112,2026-01-15 11:32:45 IST,366,TradingView (REAL-TIME),475,2s
BANKNIFTY,23341.65502407261,23351.648356623708,23319.542763462083,23320.952253076877,5508,2026-01-15 11:32:45 IST,89,TradingView (REAL-TIME),476,2s
NIFTY,24522.646189810283,24525.093017342675,24509.148745540217,24514.855051962688,3270,2026-01-15 11:32:47 IST,263,TradingView (REAL-TIME),477,2s
BANKNIFTY,23320.952253076877,23378.450096165536,23314.592164693855,23368.740625795603,8304,2026-01-15 11:32:47 IST,482,TradingView (REAL-TIME),478,2s
NIFTY,24514.855051962688,24519.201041288605,24450.81410335377,24456.606075429518,9328,2026-01-15 11:32:49 IST,226,TradingView (REAL-TIME),479,2s
BANKNIFTY,23368.740625795603,23439.399890346733,23358.93118974737,23432.651243972065,8694,2026-01-15 11:32:49 IST,16,TradingView (REAL-TIME),480,2s
NIFTY,24456.606075429518,24516.75043015188,24447.78624073913,24509.963657606822,6451,2026-01-15 11:32:51 IST,414,TradingView (REAL-TIME),481,2s
BANKNIFTY,23432.651243972065,23460.508349830638,23424.41711058093,23458.299700464035,7778,2026-01-15 11:32:51 IST,252,TradingView (REAL-TIME),482,2s
NIFTY,24509.963657606822,24549.25343036838,24501.813578880206,24544.24299565667,2757,2026-01-15 11:32:53 IST,11,TradingView (REAL-TIME),483,2s
BANKNIFTY,23458.299700464035,23466.935093571898,23449.028159052577,23466.04786515447,3847,2026-01-15 11:32:53 IST,456,TradingView (REAL-TIME),484,2s
NIFTY,24544.24299565667,24551.289609099986,24504.24471838708,24504.87496276221,9740,2026-01-15 11:32:55 IST,89,TradingView (REAL-TIME),485,2s
BANKNIFTY,23466.04786515447,23481.51757905549,23460.883051597393,23473.779239311847,2619,2026-01-15 11:32:55 IST,191,TradingView (REAL-TIME),486,2s
NIFTY,24504.87496276221,24521.14391964585,24502.914194754696,24515.440392111923,2531,2026-01-15 11:32:57 IST,454,TradingView (REAL-TIME),487,2s
BANKNIFTY,23473.779239311847,23518.337902121093,23473.422365564933,23511.231339727223,3545,2026-01-15 11:32:57 IST,105,TradingView (REAL-TIME),488,2s
NIFTY,24515.440392111923,24528.03496494223,24512.951725836534,24524.741429783717,5997,2026-01-15 11:32:59 IST,377,TradingView (REAL-TIME),489,2s
BANKNIFTY,23511.231339727223,23552.719402174513,23503.93939010523,23546.446944634183,9463,2026-01-15 11:32:59 IST,247,TradingView (REAL-TIME),490,2s
NIFTY,24524.741429783717,24534.411388505483,24481.62008205438,24491.086084367118,3127,2026-01-15 11:33:02 IST,91,TradingView (REAL-TIME),491,2s
BANKNIFTY,23546.446944634183,23546.70824241291,23541.08341072097,23541.856477619833,9460,2026-01-15 11:33:02 IST,260,TradingView (REAL-TIME),492,2s
NIFTY,24491.086084367118,24518.83005916538,24482.639692566,24517.503105317446,9100,2026-01-15 11:33:04 IST,291,TradingView (REAL-TIME),493,2s
BANKNIFTY,23541.856477619833,23547.328542283587,23481.33146523602,23489.200314233916,9285,2026-01-15 11:33:04 IST,79,TradingView (REAL-TIME),494,2s
NIFTY,24517.503105317446,24597.164593460413,24508.151426794808,24587.43988595341,5820,2026-01-15 11:33:06 IST,180,TradingView (REAL-TIME),495,2s
BANKNIFTY,23489.200314233916,23491.23366739298,23442.16194569136,23446.465341372696,1328,2026-01-15 11:33:06 IST,193,TradingView (REAL-TIME),496,2s
NIFTY,24587.43988595341,24590.625781058377,24522.189025281434,24523.079056887185,2658,2026-01-15 11:33:08 IST,421,TradingView (REAL-TIME),497,2s
BANKNIFTY,23446.465341372696,23510.800165120523,23438.233963330324,23503.331523011064,6526,2026-01-15 11:33:08 IST,120,TradingView (REAL-TIME),498,2s
NIFTY,24523.079056887185,24534.719462443107,24519.235280161625,24532.230925391883,6045,2026-01-15 11:33:10 IST,394,TradingView (REAL-TIME),499,2s
BANKNIFTY,23503.331523011064,23525.86341977598,23499.18065842571,23521.867455519776,6722,2026-01-15 11:33:10 IST,125,TradingView (REAL-TIME),500,2s
NIFTY,24532.230925391883,24541.526860950078,24529.641651919363,24539.720200237763,6082,2026-01-15 11:33:12 IST,368,TradingView (REAL-TIME),501,2s
BANKNIFTY,23521.867455519776,23556.422829634765,23514.919703562857,23549.12824446309,2744,2026-01-15 11:33:12 IST,337,TradingView (REAL-TIME),502,2s
NIFTY,24539.720200237763,24549.36771744439,24526.008975879962,24529.69660567891,4416,2026-01-15 11:33:14 IST,119,TradingView (REAL-TIME),503,2s
BANKNIFTY,23549.12824446309,23571.97830290633,23547.06948932895,23566.592740728895,9180,2026-01-15 11:33:14 IST,345,TradingView (REAL-TIME),504,2s
NIFTY,24529.69660567891,24569.482958767992,24528.496990318603,24562.877837487315,5165,2026-01-15 11:33:16 IST,24,TradingView (REAL-TIME),505,2s
BANKNIFTY,23566.592740728895,23623.56160235213,23566.31547114131,23616.449889414173,4231,2026-01-15 11:33:16 IST,431,TradingView (REAL-TIME),506,2s
NIFTY,24562.877837487315,24597.079418198882,24555.564599683596,24592.447273899063,1108,2026-01-15 11:33:18 IST,239,TradingView (REAL-TIME),507,2s
BANKNIFTY,23616.449889414173,23619.798258699942,23555.922329040557,23563.650417767676,5707,2026-01-15 11:33:18 IST,398,TradingView (REAL-TIME),508,2s
NIFTY,24592.447273899063,24595.556846705673,24536.71915933161,24545.05109275678,4315,2026-01-15 11:33:20 IST,24,TradingView (REAL-TIME),509,2s
BANKNIFTY,23563.650417767676,23565.01256383168,23554.611996052707,23563.686647522223,7179,2026-01-15 11:33:20 IST,350,TradingView (REAL-TIME),510,2s
NIFTY,24545.05109275678,24587.431136026036,24536.825758636394,24585.963914683696,4241,2026-01-15 11:33:22 IST,337,TradingView (REAL-TIME),511,2s
BANKNIFTY,23563.686647522223,23569.945219341014,23517.522939083778,23526.723468115546,7876,2026-01-15 11:33:22 IST,160,TradingView (REAL-TIME),512,2s
NIFTY,24585.963914683696,24586.027817912593,24513.19438013586,24517.361921014417,4694,2026-01-15 11:33:24 IST,180,TradingView (REAL-TIME),513,2s
BANKNIFTY,23526.723468115546,23554.597680694686,23522.67306093105,23546.799442335072,1483,2026-01-15 11:33:25 IST,166,TradingView (REAL-TIME),514,2s
NIFTY,24517.361921014417,24524.144045692734,24504.73857061156,24507.225556586738,5205,2026-01-15 11:33:27 IST,474,TradingView (REAL-TIME),515,2s
BANKNIFTY,23546.799442335072,23553.015652008788,23521.96486831696,23524.939274250657,7103,2026-01-15 11:33:27 IST,200,TradingView (REAL-TIME),516,2s
NIFTY,24507.225556586738,24515.475279297647,24505.816956688668,24512.90102676819,8400,2026-01-15 11:33:29 IST,342,TradingView (REAL-TIME),517,2s
BANKNIFTY,23524.939274250657,23588.780054845312,23521.66659381959,23581.46203355826,2254,2026-01-15 11:33:29 IST,421,TradingView (REAL-TIME),518,2s
NIFTY,24512.90102676819,24516.65336752795,24504.61934274291,24509.94559041365,2871,2026-01-15 11:33:31 IST,128,TradingView (REAL-TIME),519,2s
BANKNIFTY,23581.46203355826,23590.996763189167,23563.876887477105,23564.322367481913,9381,2026-01-15 11:33:31 IST,337,TradingView (REAL-TIME),520,2s
NIFTY,24509.94559041365,24537.78699634834,24502.186093946526,24531.725468268312,5430,2026-01-15 11:33:33 IST,376,TradingView (REAL-TIME),521,2s
BANKNIFTY,23564.322367481913,23637.972460089168,23556.59791490976,23630.83397011659,8983,2026-01-15 11:33:33 IST,138,TradingView (REAL-TIME),522,2s
NIFTY,24531.725468268312,24537.26392439933,24461.75457330497,24470.988839534897,4530,2026-01-15 11:33:35 IST,243,TradingView (REAL-TIME),523,2s
BANKNIFTY,23630.83397011659,23687.84758512882,23625.3600914516,23682.400190323326,6949,2026-01-15 11:33:35 IST,198,TradingView (REAL-TIME),524,2s
NIFTY,24470.988839534897,24489.764788870347,24465.353276553895,24484.54744541731,8498,2026-01-15 11:33:37 IST,118,TradingView (REAL-TIME),525,2s
BANKNIFTY,23682.400190323326,23692.26107266754,23653.54277577152,23661.479208799497,8739,2026-01-15 11:33:37 IST,338,TradingView (REAL-TIME),526,2s
NIFTY,24484.54744541731,24560.461455126246,24478.51477967635,24557.924264937003,5631,2026-01-15 11:33:39 IST,40,TradingView (REAL-TIME),527,2s
BANKNIFTY,23661.479208799497,23710.059810497372,23655.40899803412,23703.18275290001,5225,2026-01-15 11:33:39 IST,406,TradingView (REAL-TIME),528,2s
NIFTY,24557.924264937003,24608.525113498123,24547.97093680883,24607.65874248661,7327,2026-01-15 11:33:41 IST,469,TradingView (REAL-TIME),529,2s
BANKNIFTY,23703.18275290001,23718.856559663123,23697.438394064477,23712.2732429606,5194,2026-01-15 11:33:41 IST,255,TradingView (REAL-TIME),530,2s
NIFTY,24607.65874248661,24629.547214254777,24600.1873515952,24624.28480547153,2612,2026-01-15 11:33:43 IST,96,TradingView (REAL-TIME),531,2s
BANKNIFTY,23712.2732429606,23767.143954398634,23703.950003230784,23760.996863509612,3491,2026-01-15 11:33:43 IST,467,TradingView (REAL-TIME),532,2s
NIFTY,24624.28480547153,24627.89965853379,24599.927615348053,24608.988911932003,6909,2026-01-15 11:33:45 IST,341,TradingView (REAL-TIME),533,2s
BANKNIFTY,23760.996863509612,23770.823396034957,23740.864198293144,23746.799640615438,5011,2026-01-15 11:33:45 IST,259,TradingView (REAL-TIME),534,2s
NIFTY,24608.988911932003,24641.36522640944,24600.98039900008,24633.429352417792,8824,2026-01-15 11:33:47 IST,481,TradingView (REAL-TIME),535,2s
BANKNIFTY,23746.799640615438,23754.131055155598,23726.53822354071,23731.318632867733,7763,2026-01-15 11:33:47 IST,262,TradingView (REAL-TIME),536,2s
NIFTY,24633.429352417792,24642.043714880754,24624.440877173718,24629.253580667046,4978,2026-01-15 11:33:49 IST,56,TradingView (REAL-TIME),537,2s
BANKNIFTY,23731.318632867733,23732.79147658199,23721.38826309541,23722.279132283515,7769,2026-01-15 11:33:49 IST,222,TradingView (REAL-TIME),538,2s
NIFTY,24629.253580667046,24630.93214322256,24615.98387744738,24618.404489208468,2639,2026-01-15 11:33:51 IST,132,TradingView (REAL-TIME),539,2s
BANKNIFTY,23722.279132283515,23728.93022865877,23717.087545905357,23720.396496857415,1969,2026-01-15 11:33:51 IST,303,TradingView (REAL-TIME),540,2s
NIFTY,24618.404489208468,24628.253846450913,24591.28571854384,24598.393509301175,1999,2026-01-15 11:33:53 IST,404,TradingView (REAL-TIME),541,2s
BANKNIFTY,23720.396496857415,23726.090327654245,23719.878757931376,23723.558515049663,4823,2026-01-15 11:33:53 IST,109,TradingView (REAL-TIME),542,2s
NIFTY,24598.393509301175,24629.81122765177,24597.51186294323,24621.2507687364,6220,2026-01-15 11:33:55 IST,137,TradingView (REAL-TIME),543,2s
BANKNIFTY,23723.558515049663,23724.943911257666,23686.944990323136,23689.296993195592,5438,2026-01-15 11:33:56 IST,493,TradingView (REAL-TIME),544,2s
NIFTY,24621.2507687364,24681.11331672575,24618.853948734344,24677.219310733184,8916,2026-01-15 11:33:58 IST,193,TradingView (REAL-TIME),545,2s
BANKNIFTY,23689.296993195592,23697.32224497645,23633.662129134867,23634.16785848469,8780,2026-01-15 11:33:58 IST,336,TradingView (REAL-TIME),546,2s
NIFTY,24677.219310733184,24705.631809247086,24673.429793845986,24705.245024583157,2884,2026-01-15 11:34:00 IST,170,TradingView (REAL-TIME),547,2s
BANKNIFTY,23634.16785848469,23640.820360106965,23625.55701441847,23632.074299367385,8988,2026-01-15 11:34:00 IST,299,TradingView (REAL-TIME),548,2s
NIFTY,24705.245024583157,24714.377652927837,24680.64214233007,24687.94450822857,8317,2026-01-15 11:34:02 IST,481,TradingView (REAL-TIME),549,2s
BANKNIFTY,23632.074299367385,23659.177201118433,23631.819248618016,23650.196961729867,1183,2026-01-15 11:34:02 IST,64,TradingView (REAL-TIME),550,2s
NIFTY,24687.94450822857,24718.948648180518,24686.043211672062,24713.353780090383,8847,2026-01-15 11:34:04 IST,330,TradingView (REAL-TIME),551,2s
BANKNIFTY,23650.196961729867,23655.912952937746,23597.04704271944,23601.406501315592,6512,2026-01-15 11:34:04 IST,487,TradingView (REAL-TIME),552,2s
NIFTY,24713.353780090383,24773.11915999873,24705.835645991127,24771.3968182314,9473,2026-01-15 11:34:06 IST,469,TradingView (REAL-TIME),553,2s
BANKNIFTY,23601.406501315592,23670.20217322211,23597.37829791417,23663.71788781646,2804,2026-01-15 11:34:06 IST,80,TradingView (REAL-TIME),554,2s
NIFTY,24771.3968182314,24775.263385431444,24711.805072252286,24717.545677695158,1618,2026-01-15 11:34:08 IST,442,TradingView (REAL-TIME),555,2s
BANKNIFTY,23663.71788781646,23724.05383133776,23662.296256271755,23719.937373384808,9470,2026-01-15 11:34:08 IST,241,TradingView (REAL-TIME),556,2s
NIFTY,24717.545677695158,24785.92896216933,24711.314557535577,24783.640108490254,4729,2026-01-15 11:34:10 IST,41,TradingView (REAL-TIME),557,2s
BANKNIFTY,23719.937373384808,23726.90328450639,23645.5474383854,23649.986761158238,6318,2026-01-15 11:34:10 IST,93,TradingView (REAL-TIME),558,2s
NIFTY,24783.640108490254,24785.997649861067,24735.686257273224,24737.26727842334,7946,2026-01-15 11:34:12 IST,125,TradingView (REAL-TIME),559,2s
BANKNIFTY,23649.986761158238,23673.029297485504,23645.677202193685,23671.21827907404,9755,2026-01-15 11:34:12 IST,447,TradingView (REAL-TIME),560,2s
NIFTY,24737.26727842334,24743.607750044328,24711.497561159536,24720.736187981405,5400,2026-01-15 11:34:14 IST,72,TradingView (REAL-TIME),561,2s
BANKNIFTY,23671.21827907404,23680.534699547985,23600.479828462063,23609.207767346114,9898,2026-01-15 11:34:14 IST,63,TradingView (REAL-TIME),562,2s
NIFTY,24720.736187981405,24723.962650628928,24698.4763037761,24704.051733128264,5946,2026-01-15 11:34:16 IST,36,TradingView (REAL-TIME),563,2s
BANKNIFTY,23609.207767346114,23614.52520537716,23606.753318653922,23611.05454869671,9995,2026-01-15 11:34:16 IST,60,TradingView (REAL-TIME),564,2s
NIFTY,24704.051733128264,24713.499386661184,24699.809965020428,24704.060037570467,8730,2026-01-15 11:34:18 IST,211,TradingView (REAL-TIME),565,2s
BANKNIFTY,23611.05454869671,23611.840133681286,23540.0218407381,23544.357302237582,8786,2026-01-15 11:34:18 IST,444,TradingView (REAL-TIME),566,2s
NIFTY,24704.060037570467,24737.727609513026,24699.37634057704,24732.026045604543,5620,2026-01-15 11:34:20 IST,160,TradingView (REAL-TIME),567,2s
BANKNIFTY,23544.357302237582,23605.622865112182,23540.235338685576,23597.354584345965,7417,2026-01-15 11:34:20 IST,384,TradingView (REAL-TIME),568,2s
NIFTY,24732.026045604543,24771.49521752522,24722.338889761144,24770.701511463976,7984,2026-01-15 11:34:22 IST,177,TradingView (REAL-TIME),569,2s
BANKNIFTY,23597.354584345965,23601.25574258347,23559.7568187034,23561.984264356688,2328,2026-01-15 11:34:22 IST,99,TradingView (REAL-TIME),570,2s
NIFTY,24770.701511463976,24770.90772043963,24722.601443549283,24723.89239782356,9915,2026-01-15 11:34:24 IST,121,TradingView (REAL-TIME),571,2s
BANKNIFTY,23561.984264356688,23565.8440839294,23531.834760468504,23538.56170986933,5229,2026-01-15 11:34:25 IST,144,TradingView (REAL-TIME),572,2s
NIFTY,24723.89239782356,24773.512016189496,24721.841030455344,24767.196080122758,8143,2026-01-15 11:34:27 IST,361,TradingView (REAL-TIME),573,2s
BANKNIFTY,23538.56170986933,23556.891377759133,23533.61823867546,23550.72112361185,8331,2026-01-15 11:34:27 IST,160,TradingView (REAL-TIME),574,2s
NIFTY,24767.196080122758,24768.514896705055,24752.218065515954,24759.243620178928,3583,2026-01-15 11:34:29 IST,391,TradingView (REAL-TIME),575,2s
BANKNIFTY,23550.72112361185,23560.668268204052,23532.875692848906,23537.635911974212,5881,2026-01-15 11:34:29 IST,408,TradingView (REAL-TIME),576,2s
NIFTY,24759.243620178928,24786.773113384475,24758.655773149232,24785.483776561243,3762,2026-01-15 11:34:31 IST,157,TradingView (REAL-TIME),577,2s
BANKNIFTY,23537.635911974212,23539.596717832083,23498.94652487525,23508.143629155195,7122,2026-01-15 11:34:31 IST,176,TradingView (REAL-TIME),578,2s
NIFTY,24785.483776561243,24832.73913774321,24785.09544999719,24832.364230052255,9034,2026-01-15 11:34:33 IST,252,TradingView (REAL-TIME),579,2s
BANKNIFTY,23508.143629155195,23575.01755213256,23507.23399938214,23572.105960612702,3930,2026-01-15 11:34:33 IST,290,TradingView (REAL-TIME),580,2s
NIFTY,24832.364230052255,24838.29009249546,24788.24877478474,24793.128206631918,8249,2026-01-15 11:34:35 IST,258,TradingView (REAL-TIME),581,2s
BANKNIFTY,23572.105960612702,23597.177849997344,23569.450194833487,23597.09031069065,8356,2026-01-15 11:34:35 IST,184,TradingView (REAL-TIME),582,2s
NIFTY,24793.128206631918,24798.33620858148,24772.941973173158,24780.983855898587,5118,2026-01-15 11:34:37 IST,14,TradingView (REAL-TIME),583,2s
BANKNIFTY,23597.09031069065,23602.34322070434,23579.018566458868,23580.98104820394,7822,2026-01-15 11:34:37 IST,275,TradingView (REAL-TIME),584,2s
NIFTY,24780.983855898587,24785.909660558962,24756.18450813501,24758.443275375383,5785,2026-01-15 11:34:39 IST,54,TradingView (REAL-TIME),585,2s
BANKNIFTY,23580.98104820394,23601.22262917034,23572.483407141473,23596.005725308572,2103,2026-01-15 11:34:40 IST,459,TradingView (REAL-TIME),586,2s
NIFTY,24758.443275375383,24806.068379658092,24752.177443511126,24804.17639720293,3393,2026-01-15 11:34:42 IST,352,TradingView (REAL-TIME),587,2s
BANKNIFTY,23596.005725308572,23626.558438174518,23594.3797415208,23619.37221191179,8466,2026-01-15 11:34:42 IST,158,TradingView (REAL-TIME),588,2s
NIFTY,24804.17639720293,24808.589318123068,24755.872669423716,24756.641904737728,8648,2026-01-15 11:34:44 IST,182,TradingView (REAL-TIME),589,2s
BANKNIFTY,23619.37221191179,23671.839964077124,23610.90003596806,23665.75921853131,7303,2026-01-15 11:34:44 IST,474,TradingView (REAL-TIME),590,2s
NIFTY,24756.641904737728,24760.089493668966,24744.670971698302,24748.53254545297,1601,2026-01-15 11:34:46 IST,166,TradingView (REAL-TIME),591,2s
BANKNIFTY,23665.75921853131,23716.771752739765,23657.088372360562,23707.64645376245,1782,2026-01-15 11:34:46 IST,439,TradingView (REAL-TIME),592,2s
NIFTY,24748.53254545297,24758.880639832114,24745.480238929293,24750.532507954107,3106,2026-01-15 11:34:48 IST,107,TradingView (REAL-TIME),593,2s
BANKNIFTY,23707.64645376245,23731.57913746822,23706.70619278203,23730.116562268795,2768,2026-01-15 11:34:48 IST,180,TradingView (REAL-TIME),594,2s
NIFTY,24750.532507954107,24758.783464359356,24737.477838258917,24740.73639449087,4396,2026-01-15 11:34:50 IST,323,TradingView (REAL-TIME),595,2s
BANKNIFTY,23730.116562268795,23736.79965479844,23665.112874883038,23674.292163570917,9526,2026-01-15 11:34:50 IST,465,TradingView (REAL-TIME),596,2s
NIFTY,24740.73639449087,24751.512145024368,24732.467960357335,24744.92226309467,9968,2026-01-15 11:34:52 IST,412,TradingView (REAL-TIME),597,2s
BANKNIFTY,23674.292163570917,23721.874356022025,23670.79985363894,23718.661918259197,5748,2026-01-15 11:34:52 IST,232,TradingView (REAL-TIME),598,2s
NIFTY,24744.92226309467,24745.491010034802,24694.752702168054,24698.847528332008,6554,2026-01-15 11:34:54 IST,43,TradingView (REAL-TIME),599,2s
BANKNIFTY,23718.661918259197,23725.038834298466,23705.943552163426,23711.119425664714,5408,2026-01-15 11:34:54 IST,215,TradingView (REAL-TIME),600,2s
NIFTY,24698.847528332008,24712.572835545674,24695.211833907106,24708.09311703653,7459,2026-01-15 11:34:56 IST,287,TradingView (REAL-TIME),601,2s
BANKNIFTY,23711.119425664714,23728.684833779545,23705.922243080877,23727.6768632548,2320,2026-01-15 11:34:56 IST,134,TradingView (REAL-TIME),602,2s
NIFTY,24708.09311703653,24708.491871442315,24676.890164958662,24682.299915054224,7021,2026-01-15 11:34:58 IST,371,TradingView (REAL-TIME),603,2s
BANKNIFTY,23727.6768632548,23732.016362712653,23704.890083928218,23707.042682832613,1631,2026-01-15 11:34:58 IST,496,TradingView (REAL-TIME),604,2s
NIFTY,24682.299915054224,24723.10788661501,24679.986768013012,24719.631926581926,9736,2026-01-15 11:35:00 IST,274,TradingView (REAL-TIME),605,2s
BANKNIFTY,23707.042682832613,23772.616627742605,23698.615790397358,23766.13917934257,6094,2026-01-15 11:35:00 IST,200,TradingView (REAL-TIME),606,2s
NIFTY,24719.631926581926,24788.787564522023,24718.709164416916,24780.676065092535,5731,2026-01-15 11:35:02 IST,459,TradingView (REAL-TIME),607,2s
BANKNIFTY,23766.13917934257,23771.97813629433,23752.578785636735,23757.291843226587,5441,2026-01-15 11:35:02 IST,26,TradingView (REAL-TIME),608,2s
NIFTY,24780.676065092535,24838.090743287317,24779.943203787072,24834.783234709474,7430,2026-01-15 11:35:04 IST,51,TradingView (REAL-TIME),609,2s
BANKNIFTY,23757.291843226587,23762.99129711019,23682.56521574308,23689.508495007012,7389,2026-01-15 11:35:04 IST,242,TradingView (REAL-TIME),610,2s
NIFTY,24834.783234709474,24883.627200496,24829.76920794284,24879.94750386706,6328,2026-01-15 11:35:06 IST,308,TradingView (REAL-TIME),611,2s
BANKNIFTY,23689.508495007012,23692.024353652887,23633.507509971736,23640.70552953832,1393,2026-01-15 11:35:06 IST,221,TradingView (REAL-TIME),612,2s
NIFTY,24879.94750386706,24925.215693430273,24870.734540139096,24924.104591648407,7728,2026-01-15 11:35:08 IST,389,TradingView (REAL-TIME),613,2s
BANKNIFTY,23640.70552953832,23645.39688968539,23572.24359754647,23577.937099904615,8565,2026-01-15 11:35:08 IST,252,TradingView (REAL-TIME),614,2s
NIFTY,24924.104591648407,24927.14068074171,24915.464334173674,24925.295106924164,4099,2026-01-15 11:35:10 IST,235,TradingView (REAL-TIME),615,2s
BANKNIFTY,23577.937099904615,23606.43567877375,23575.973801249515,23603.387625420528,3660,2026-01-15 11:35:10 IST,49,TradingView (REAL-TIME),616,2s
NIFTY,24925.295106924164,24925.632241917338,24875.825898894338,24881.87760054517,1903,2026-01-15 11:35:12 IST,88,TradingView (REAL-TIME),617,2s
BANKNIFTY,23603.387625420528,23612.31562345319,23555.370624054838,23564.36134979445,4132,2026-01-15 11:35:12 IST,384,TradingView (REAL-TIME),618,2s
NIFTY,24881.87760054517,24929.664592849873,24877.81514608908,24927.863544691358,1906,2026-01-15 11:35:14 IST,432,TradingView (REAL-TIME),619,2s
BANKNIFTY,23564.36134979445,23570.628186817637,23525.212410685665,23533.666429702324,1805,2026-01-15 11:35:14 IST,334,TradingView (REAL-TIME),620,2s
NIFTY,24927.863544691358,24978.954204789447,24922.108627513357,24976.596776385024,8515,2026-01-15 11:35:17 IST,214,TradingView (REAL-TIME),621,2s
BANKNIFTY,23533.666429702324,23539.098018820874,23503.028564582935,23505.44433603095,7032,2026-01-15 11:35:17 IST,311,TradingView (REAL-TIME),622,2s
NIFTY,24976.596776385024,24982.5894364039,24973.707075262093,24978.896823227667,2176,2026-01-15 11:35:19 IST,454,TradingView (REAL-TIME),623,2s
BANKNIFTY,23505.44433603095,23526.29011010095,23504.8381665553,23519.988144574447,1941,2026-01-15 11:35:19 IST,319,TradingView (REAL-TIME),624,2s
NIFTY,24978.896823227667,24985.74719023925,24950.118660277403,24950.967653535674,5715,2026-01-15 11:35:21 IST,283,TradingView (REAL-TIME),625,2s
BANKNIFTY,23519.988144574447,23556.37970371998,23518.955203358797,23555.42832698458,2542,2026-01-15 11:35:21 IST,99,TradingView (REAL-TIME),626,2s
NIFTY,24950.967653535674,25011.04358082294,24949.96782606651,25002.582013084833,2932,2026-01-15 11:35:23 IST,100,TradingView (REAL-TIME),627,2s
BANKNIFTY,23555.42832698458,23563.007494221016,23515.938766910313,23518.509759100158,1263,2026-01-15 11:35:23 IST,193,TradingView (REAL-TIME),628,2s
NIFTY,25002.582013084833,25069.712945795945,24996.15765977824,25065.420919859407,1324,2026-01-15 11:35:25 IST,479,TradingView (REAL-TIME),629,2s
BANKNIFTY,23518.509759100158,23527.728509291745,23448.39673889133,23456.74309584395,5958,2026-01-15 11:35:25 IST,87,TradingView (REAL-TIME),630,2s
NIFTY,25065.420919859407,25074.86155420263,25065.312552429357,25068.806576622643,1170,2026-01-15 11:35:27 IST,21,TradingView (REAL-TIME),631,2s
BANKNIFTY,23456.74309584395,23466.560816752077,23451.417160805788,23452.975215311715,7342,2026-01-15 11:35:27 IST,310,TradingView (REAL-TIME),632,2s
NIFTY,25068.806576622643,25130.279555504214,25064.246146248497,25128.902996123747,3640,2026-01-15 11:35:29 IST,378,TradingView (REAL-TIME),633,2s
BANKNIFTY,23452.975215311715,23510.865723269708,23446.585505497176,23502.403054841096,1578,2026-01-15 11:35:29 IST,228,TradingView (REAL-TIME),634,2s
NIFTY,25128.902996123747,25203.995225268005,25127.161783201358,25194.077391177376,3880,2026-01-15 11:35:31 IST,346,TradingView (REAL-TIME),635,2s
BANKNIFTY,23502.403054841096,23570.66610406687,23499.276477906868,23570.332288925096,8003,2026-01-15 11:35:31 IST,168,TradingView (REAL-TIME),636,2s
NIFTY,25194.077391177376,25202.298939683387,25172.55575717156,25178.815033122126,4467,2026-01-15 11:35:33 IST,316,TradingView (REAL-TIME),637,2s
BANKNIFTY,23570.332288925096,23570.423271188592,23526.150903320024,23532.101601490584,8360,2026-01-15 11:35:33 IST,43,TradingView (REAL-TIME),638,2s
NIFTY,25178.815033122126,25184.558632373864,25159.771952411604,25162.08382744392,9216,2026-01-15 11:35:35 IST,181,TradingView (REAL-TIME),639,2s
BANKNIFTY,23532.101601490584,23567.635663623998,23523.101916199328,23566.52868886278,3650,2026-01-15 11:35:35 IST,11,TradingView (REAL-TIME),640,2s
NIFTY,25162.08382744392,25165.499807377353,25105.134088699477,25110.1132455886,4224,2026-01-15 11:35:37 IST,245,TradingView (REAL-TIME),641,2s
BANKNIFTY,23566.52868886278,23575.707307103705,23518.40026457044,23521.225886369393,4876,2026-01-15 11:35:37 IST,334,TradingView (REAL-TIME),642,2s
NIFTY,25110.1132455886,25188.029877793717,25107.594143935505,25181.71778057569,5962,2026-01-15 11:35:39 IST,67,TradingView (REAL-TIME),643,2s
BANKNIFTY,23521.225886369393,23523.41421036682,23473.726954607337,23478.382839499904,4821,2026-01-15 11:35:39 IST,190,TradingView (REAL-TIME),644,2s
NIFTY,25181.71778057569,25188.924650578494,25134.305670611386,25141.591599302566,5440,2026-01-15 11:35:42 IST,315,TradingView (REAL-TIME),645,2s
BANKNIFTY,23478.382839499904,23492.160502585375,23472.759101253218,23490.72491124304,3143,2026-01-15 11:35:42 IST,366,TradingView (REAL-TIME),646,2s
NIFTY,25141.591599302566,25196.26614115453,25132.109446159197,25193.56804759777,2113,2026-01-15 11:35:44 IST,385,TradingView (REAL-TIME),647,2s
BANKNIFTY,23490.72491124304,23518.299527288233,23490.035049043872,23509.944537648957,2082,2026-01-15 11:35:44 IST,485,TradingView (REAL-TIME),648,2s
NIFTY,25193.56804759777,25236.79479272612,25193.14558732122,25232.17985217436,2427,2026-01-15 11:35:46 IST,225,TradingView (REAL-TIME),649,2s
BANKNIFTY,23509.944537648957,23545.59381609273,23506.557392236504,23541.427229096764,8891,2026-01-15 11:35:46 IST,132,TradingView (REAL-TIME),650,2s
NIFTY,25232.17985217436,25273.817316526918,25223.676363512714,25267.991966998427,5583,2026-01-15 11:35:48 IST,316,TradingView (REAL-TIME),651,2s
BANKNIFTY,23541.427229096764,23542.15124321599,23489.52083301301,23491.59498759569,2983,2026-01-15 11:35:48 IST,193,TradingView (REAL-TIME),652,2s
NIFTY,25267.991966998427,25277.400376965987,25184.044246627633,25193.429569405194,3724,2026-01-15 11:35:50 IST,449,TradingView (REAL-TIME),653,2s
BANKNIFTY,23491.59498759569,23499.31474565837,23446.144672637743,23447.731903996828,5072,2026-01-15 11:35:50 IST,231,TradingView (REAL-TIME),654,2s
NIFTY,25193.429569405194,25202.230620037284,25191.51069867948,25201.334247845676,6123,2026-01-15 11:35:52 IST,499,TradingView (REAL-TIME),655,2s
BANKNIFTY,23447.731903996828,23492.65455566527,23439.34980882095,23492.482517857257,8733,2026-01-15 11:35:52 IST,475,TradingView (REAL-TIME),656,2s
NIFTY,25201.334247845676,25267.846530872066,25192.046369274052,25258.78153417544,3002,2026-01-15 11:35:54 IST,234,TradingView (REAL-TIME),657,2s
BANKNIFTY,23492.482517857257,23499.6539425899,23438.87862534816,23442.266411172986,3496,2026-01-15 11:35:54 IST,462,TradingView (REAL-TIME),658,2s
NIFTY,25258.78153417544,25263.250730668173,25190.431475391117,25197.222518336657,8948,2026-01-15 11:35:56 IST,47,TradingView (REAL-TIME),659,2s
BANKNIFTY,23442.266411172986,23482.668702764477,23433.04489407169,23480.982083177587,2860,2026-01-15 11:35:56 IST,40,TradingView (REAL-TIME),660,2s
NIFTY,25197.222518336657,25200.62903955657,25150.78497443962,25157.401060514294,2956,2026-01-15 11:35:58 IST,187,TradingView (REAL-TIME),661,2s
BANKNIFTY,23480.982083177587,23542.21794449448,23477.795195428353,23536.9935997904,3471,2026-01-15 11:35:58 IST,27,TradingView (REAL-TIME),662,2s
NIFTY,25157.401060514294,25165.112063914497,25141.098644030815,25146.37915536193,1819,2026-01-15 11:36:00 IST,499,TradingView (REAL-TIME),663,2s
BANKNIFTY,23536.9935997904,23544.238328269177,23514.81087057347,23520.81748894066,2685,2026-01-15 11:36:00 IST,386,TradingView (REAL-TIME),664,2s
NIFTY,25146.37915536193,25165.715986012485,25145.054183777604,25161.520334376153,6448,2026-01-15 11:36:02 IST,86,TradingView (REAL-TIME),665,2s
BANKNIFTY,23520.81748894066,23554.71902516026,23511.054941748946,23554.098786693772,1110,2026-01-15 11:36:02 IST,297,TradingView (REAL-TIME),666,2s
NIFTY,25161.520334376153,25166.669695179167,25100.02444716557,25107.72975840786,5377,2026-01-15 11:36:04 IST,158,TradingView (REAL-TIME),667,2s
BANKNIFTY,23554.098786693772,23560.966358812675,23539.079552040123,23543.54994585748,9610,2026-01-15 11:36:04 IST,372,TradingView (REAL-TIME),668,2s
NIFTY,25107.72975840786,25115.41685540467,25096.51987434939,25105.283333800286,3023,2026-01-15 11:36:06 IST,406,TradingView (REAL-TIME),669,2s
BANKNIFTY,23543.54994585748,23550.04299131903,23516.7486606321,23521.405081524426,9947,2026-01-15 11:36:06 IST,339,TradingView (REAL-TIME),670,2s
NIFTY,25105.283333800286,25107.74179943189,25086.613340385007,25091.284593029788,3604,2026-01-15 11:36:08 IST,174,TradingView (REAL-TIME),671,2s
BANKNIFTY,23521.405081524426,23583.66980637932,23519.168724914616,23582.541879293152,5008,2026-01-15 11:36:08 IST,225,TradingView (REAL-TIME),672,2s
NIFTY,25091.284593029788,25092.6289295374,25078.914719417087,25083.9418652917,3892,2026-01-15 11:36:10 IST,105,TradingView (REAL-TIME),673,2s
BANKNIFTY,23582.541879293152,23589.80848703368,23536.425427794464,23542.620617368248,5920,2026-01-15 11:36:10 IST,310,TradingView (REAL-TIME),674,2s
NIFTY,25083.9418652917,25085.503662429135,25040.784139899803,25044.703373924574,8571,2026-01-15 11:36:12 IST,93,TradingView (REAL-TIME),675,2s
BANKNIFTY,23542.620617368248,23581.265224368915,23538.277601211,23581.072662912196,8117,2026-01-15 11:36:12 IST,269,TradingView (REAL-TIME),676,2s
NIFTY,25044.703373924574,25070.728720351726,25036.72599063791,25061.131542655494,6358,2026-01-15 11:36:14 IST,79,TradingView (REAL-TIME),677,2s
BANKNIFTY,23581.072662912196,23585.624163606975,23518.02973137772,23518.986535703156,2159,2026-01-15 11:36:14 IST,50,TradingView (REAL-TIME),678,2s
NIFTY,25061.131542655494,25065.92260741421,24996.844396381468,25002.215408417003,5070,2026-01-15 11:36:17 IST,411,TradingView (REAL-TIME),679,2s
BANKNIFTY,23518.986535703156,23527.057819430276,23483.809745866656,23486.36536681119,9057,2026-01-15 11:36:17 IST,474,TradingView (REAL-TIME),680,2s
NIFTY,25002.215408417003,25048.07237882088,24998.31767422009,25040.392277699822,7485,2026-01-15 11:36:19 IST,239,TradingView (REAL-TIME),681,2s
BANKNIFTY,23486.36536681119,23495.113202081848,23430.501913952285,23435.938514544316,5549,2026-01-15 11:36:19 IST,125,TradingView (REAL-TIME),682,2s
NIFTY,25040.392277699822,25114.14139639729,25034.759574485564,25110.560710395886,1175,2026-01-15 11:36:21 IST,239,TradingView (REAL-TIME),683,2s
BANKNIFTY,23435.938514544316,23438.44415882983,23403.81887920769,23411.590735651644,5750,2026-01-15 11:36:21 IST,478,TradingView (REAL-TIME),684,2s
NIFTY,25110.560710395886,25113.853675196522,25083.197498746835,25089.02585532615,9919,2026-01-15 11:36:23 IST,470,TradingView (REAL-TIME),685,2s
BANKNIFTY,23411.590735651644,23476.56999836514,23410.741392870957,23476.137414616966,9313,2026-01-15 11:36:23 IST,468,TradingView (REAL-TIME),686,2s
NIFTY,25089.02585532615,25127.778630429442,25088.417858633595,25122.258855100758,7206,2026-01-15 11:36:25 IST,59,TradingView (REAL-TIME),687,2s
BANKNIFTY,23476.137414616966,23543.09465150294,23474.851010602815,23534.304575189188,7910,2026-01-15 11:36:25 IST,379,TradingView (REAL-TIME),688,2s
NIFTY,25122.258855100758,25146.08303360961,25112.873691173245,25141.217747710543,8997,2026-01-15 11:36:27 IST,236,TradingView (REAL-TIME),689,2s
BANKNIFTY,23534.304575189188,23538.99452068317,23505.155660895118,23513.813564916898,4341,2026-01-15 11:36:27 IST,406,TradingView (REAL-TIME),690,2s
NIFTY,25141.217747710543,25147.107331215604,25108.254506644735,25117.582083630765,5697,2026-01-15 11:36:29 IST,36,TradingView (REAL-TIME),691,2s
BANKNIFTY,23513.813564916898,23567.382218756113,23512.681939821105,23564.055294068567,1677,2026-01-15 11:36:29 IST,146,TradingView (REAL-TIME),692,2s
NIFTY,25117.582083630765,25151.79247675413,25114.60709743442,25147.460375120274,2451,2026-01-15 11:36:31 IST,186,TradingView (REAL-TIME),693,2s
BANKNIFTY,23564.055294068567,23572.40791687917,23493.444896496443,23498.140157931728,6506,2026-01-15 11:36:31 IST,37,TradingView (REAL-TIME),694,2s
NIFTY,25147.460375120274,25153.271522779625,25131.11176598312,25135.819104700397,6265,2026-01-15 11:36:33 IST,53,TradingView (REAL-TIME),695,2s
BANKNIFTY,23498.140157931728,23504.565188927612,23493.955253324635,23503.3105196416,6885,2026-01-15 11:36:33 IST,309,TradingView (REAL-TIME),696,2s
NIFTY,25135.819104700397,25194.749607467358,25129.800332691168,25191.948459367657,2965,2026-01-15 11:36:35 IST,490,TradingView (REAL-TIME),697,2s
BANKNIFTY,23503.3105196416,23511.517831054658,23479.73641689632,23487.761798018084,1374,2026-01-15 11:36:35 IST,375,TradingView (REAL-TIME),698,2s
NIFTY,25191.948459367657,25211.160300034808,25191.564370442335,25207.61422490837,3436,2026-01-15 11:36:37 IST,292,TradingView (REAL-TIME),699,2s
BANKNIFTY,23487.761798018084,23494.124944845298,23484.148394524975,23484.683320050357,3858,2026-01-15 11:36:37 IST,459,TradingView (REAL-TIME),700,2s
NIFTY,25207.61422490837,25261.58082499837,25207.071074127136,25254.731602862943,5857,2026-01-15 11:36:39 IST,168,TradingView (REAL-TIME),701,2s
BANKNIFTY,23484.683320050357,23485.85722975776,23453.68224283217,23459.503105384145,9740,2026-01-15 11:36:39 IST,66,TradingView (REAL-TIME),702,2s
NIFTY,25254.731602862943,25329.846571019647,25254.32321824246,25326.385458440905,2835,2026-01-15 11:36:41 IST,112,TradingView (REAL-TIME),703,2s
BANKNIFTY,23459.503105384145,23534.476342712933,23458.684463838163,23526.342618763432,2664,2026-01-15 11:36:41 IST,22,TradingView (REAL-TIME),704,2s
NIFTY,25326.385458440905,25328.615252385756,25265.055748709663,25265.8449004608,4290,2026-01-15 11:36:44 IST,223,TradingView (REAL-TIME),705,2s
BANKNIFTY,23526.342618763432,23527.283582115317,23482.35415346103,23488.538974241288,9525,2026-01-15 11:36:44 IST,53,TradingView (REAL-TIME),706,2s
NIFTY,25265.8449004608,25304.540290854602,25257.967666988527,25302.210601348812,9599,2026-01-15 11:36:46 IST,168,TradingView (REAL-TIME),707,2s
BANKNIFTY,23488.538974241288,23495.87727826707,23434.471298355984,23441.32995407417,9955,2026-01-15 11:36:46 IST,100,TradingView (REAL-TIME),708,2s
NIFTY,25302.210601348812,25375.730646333413,25298.13999810952,25372.052170620766,3712,2026-01-15 11:36:48 IST,207,TradingView (REAL-TIME),709,2s
BANKNIFTY,23441.32995407417,23452.746118432115,23435.374087872195,23442.7704803899,8967,2026-01-15 11:36:48 IST,471,TradingView (REAL-TIME),710,2s
NIFTY,25372.052170620766,25373.054169553736,25323.2716579744,25330.66069693692,9737,2026-01-15 11:36:50 IST,415,TradingView (REAL-TIME),711,2s
BANKNIFTY,23442.7704803899,23445.98101396,23412.359813283147,23415.810155485255,6876,2026-01-15 11:36:50 IST,189,TradingView (REAL-TIME),712,2s
NIFTY,25330.66069693692,25332.943081523248,25245.400621853012,25255.108549910405,5116,2026-01-15 11:36:52 IST,337,TradingView (REAL-TIME),713,2s
BANKNIFTY,23415.810155485255,23419.071182164895,23344.272680941587,23346.50135592715,3783,2026-01-15 11:36:52 IST,424,TradingView (REAL-TIME),714,2s
NIFTY,25255.108549910405,25284.180532163773,25251.566847266648,25282.085299170205,5919,2026-01-15 11:36:54 IST,46,TradingView (REAL-TIME),715,2s
BANKNIFTY,23346.50135592715,23378.898424672247,23340.469998820496,23377.057066571742,6939,2026-01-15 11:36:54 IST,226,TradingView (REAL-TIME),716,2s
NIFTY,25282.085299170205,25334.84532610937,25276.837060139227,25331.208373842328,7308,2026-01-15 11:36:56 IST,265,TradingView (REAL-TIME),717,2s
BANKNIFTY,23377.057066571742,23422.808706350428,23374.61900157009,23417.076121153776,8499,2026-01-15 11:36:56 IST,99,TradingView (REAL-TIME),718,2s
NIFTY,25331.208373842328,25331.78962193478,25276.842959437352,25286.753995676096,8257,2026-01-15 11:36:58 IST,218,TradingView (REAL-TIME),719,2s
BANKNIFTY,23417.076121153776,23454.09081827343,23409.535325944304,23451.754275731815,1418,2026-01-15 11:36:58 IST,190,TradingView (REAL-TIME),720,2s
